Workbook

Sheet Leia-me
A1: Comparação: calculadora × planilhas convencionais (FRX-DE, raízes de cana)
A3: O que é | B3: Razão Calculadora / Planilha convencional para concentração (C), incerteza (Erro) e limite de detecção (LD). O esperado é 1.
A4: Abas | B4: 'Razão AgV/AuV/RhV' = comparação (fórmulas). 'Calc_*' e 'Manual_*' = valores copiados das planilhas originais (texto azul).
A5: Textos nas razões | B5: 'só calc' / 'só manual' = só uma das planilhas tem número; 'sem valor' = nenhuma tem (ex.: <LD ou erro #VALUE!).
A6: Tolerância (editável) | B6: 0.01 | C6: ← faixa considerada '≈ 1' na cor verde (ex.: 1% = razão entre 0,99 e 1,01). Valor escolhido pelo Claude; ajuste à vontade.
A7: Linha Pd | B7: É o padrão (Folha de Tomate): C é o valor certificado nas duas planilhas, então a razão de C é 1 por construção.
A9: Elementos por alvo
A10: AgV | B10: Comparados: P, S, Cl, K, Ca, Cr, Mn, Fe, Ni, Cu, Zn, Br | Só na calculadora (fora da comparação): Se, Sr, Ag, Ag (22.103 keV, mg/kg)
B11: Padrão: 250226ab (b) Tomato Leaves - 1573a)
A12: AuV | B12: Comparados: S, Cl, K, Ca, Cr, Mn, Fe, Ni, Cu, Zn, Se | Só na calculadora (fora da comparação): Br, Sr
B13: Padrão: 250326ab (b) Tomato Leaves - 1573a)
A14: RhV | B14: Comparados: P, S, Cl, K, Ca, Cr, Mn, Fe, Ni, Cu, Zn | Só na calculadora (fora da comparação): Br, Sr
B15: Padrão: 110326ab (b) Tomato Leaves - 1573a)
A17: Observações
A18: RhV — C e Erro ≠ 1 | B18: Na planilha convencional do RhV o fator de normalização (célula 'Norm:', col. E das abas de elemento) foi digitado como 1 para todas as amostras, em vez da fórmula Ar(padrão)/Ar(amostra) usada no AgV e no AuV. A razão de cada amostra é exatamente esse fator (0,57–0,81), ou seja, a calculadora normalizou e a planilha não.
A19: AgV — LD de P, Ni e Zn | B19: O LD da planilha convencional usa o Bg digitado à mão (célula X7). Para P, Ni e Zn esse Bg difere do usado pela calculadora (razões 0,88; 0,97; 0,95). Nos demais elementos o LD bate.
A20: AuV — LD | B20: Na planilha convencional do AuV o Bg (X7) ficou como 'Insira Bg' em todos os elementos exceto Cr, por isso o LD só pode ser comparado para Cr.
A21: Células 'sem valor' | B21: AgV Br/R3 e RhV Cu/R3–R5: a calculadora marcou '<LD' e a planilha convencional deu erro #VALUE!.

Sheet Razão AgV
A1: Alvo AgV — razão Calculadora / Planilha convencional
A2: Valor esperado = 1. Verde: |razão − 1| ≤ tolerância; vermelho: fora da tolerância (definida no Leia-me).
C3: P | E3: S | G3: Cl | I3: K | K3: Ca | M3: Cr | O3: Mn | Q3: Fe | S3: Ni | U3: Cu | W3: Zn | Y3: Br
A4: Medida | B4: Amostra | C4: C | D4: Erro | E4: C | F4: Erro | G4: C | H4: Erro | I4: C | J4: Erro | K4: C | L4: Erro | M4: C | N4: Erro | O4: C | P4: Erro | Q4: C | R4: Erro | S4: C | T4: Erro | U4: C | V4: Erro | W4: C | X4: Erro | Y4: C | Z4: Erro
A5: LD | C5: =IF(AND(ISNUMBER(Calc_AgV!C5),ISNUMBER(Manual_AgV!C5)),Calc_AgV!C5/Manual_AgV!C5,IF(AND(ISNUMBER(Calc_AgV!C5),NOT(ISNUMBER(Manual_AgV!C5))),"só calc",IF(AND(ISNUMBER(Manual_AgV!C5),NOT(ISNUMBER(Calc_AgV!C5))),"só manual","sem valor"))) -> 0.88268365 | E5: =IF(AND(ISNUMBER(Calc_AgV!E5),ISNUMBER(Manual_AgV!E5)),Calc_AgV!E5/Manual_AgV!E5,IF(AND(ISNUMBER(Calc_AgV!E5),NOT(ISNUMBER(Manual_AgV!E5))),"só calc",IF(AND(ISNUMBER(Manual_AgV!E5),NOT(ISNUMBER(Calc_AgV!E5))),"só manual","sem valor"))) -> 1 | G5: =IF(AND(ISNUMBER(Calc_AgV!G5),ISNUMBER(Manual_AgV!G5)),Calc_AgV!G5/Manual_AgV!G5,IF(AND(ISNUMBER(Calc_AgV!G5),NOT(ISNUMBER(Manual_AgV!G5))),"só calc",IF(AND(ISNUMBER(Manual_AgV!G5),NOT(ISNUMBER(Calc_AgV!G5))),"só manual","sem valor"))) -> 1 | I5: =IF(AND(ISNUMBER(Calc_AgV!I5),ISNUMBER(Manual_AgV!I5)),Calc_AgV!I5/Manual_AgV!I5,IF(AND(ISNUMBER(Calc_AgV!I5),NOT(ISNUMBER(Manual_AgV!I5))),"só calc",IF(AND(ISNUMBER(Manual_AgV!I5),NOT(ISNUMBER(Calc_AgV!I5))),"só manual","sem valor"))) -> 1 | K5: =IF(AND(ISNUMBER(Calc_AgV!K5),ISNUMBER(Manual_AgV!K5)),Calc_AgV!K5/Manual_AgV!K5,IF(AND(ISNUMBER(Calc_AgV!K5),NOT(ISNUMBER(Manual_AgV!K5))),"só calc",IF(AND(ISNUMBER(Manual_AgV!K5),NOT(ISNUMBER(Calc_AgV!K5))),"só manual","sem valor"))) -> 1 | M5: =IF(AND(ISNUMBER(Calc_AgV!M5),ISNUMBER(Manual_AgV!M5)),Calc_AgV!M5/Manual_AgV!M5,IF(AND(ISNUMBER(Calc_AgV!M5),NOT(ISNUMBER(Manual_AgV!M5))),"só calc",IF(AND(ISNUMBER(Manual_AgV!M5),NOT(ISNUMBER(Calc_AgV!M5))),"só manual","sem valor"))) -> 1 | O5: =IF(AND(ISNUMBER(Calc_AgV!O5),ISNUMBER(Manual_AgV!O5)),Calc_AgV!O5/Manual_AgV!O5,IF(AND(ISNUMBER(Calc_AgV!O5),NOT(ISNUMBER(Manual_AgV!O5))),"só calc",IF(AND(ISNUMBER(Manual_AgV!O5),NOT(ISNUMBER(Calc_AgV!O5))),"só manual","sem valor"))) -> 1 | Q5: =IF(AND(ISNUMBER(Calc_AgV!Q5),ISNUMBER(Manual_AgV!Q5)),Calc_AgV!Q5/Manual_AgV!Q5,IF(AND(ISNUMBER(Calc_AgV!Q5),NOT(ISNUMBER(Manual_AgV!Q5))),"só calc",IF(AND(ISNUMBER(Manual_AgV!Q5),NOT(ISNUMBER(Calc_AgV!Q5))),"só manual","sem valor"))) -> 1 | S5: =IF(AND(ISNUMBER(Calc_AgV!S5),ISNUMBER(Manual_AgV!S5)),Calc_AgV!S5/Manual_AgV!S5,IF(AND(ISNUMBER(Calc_AgV!S5),NOT(ISNUMBER(Manual_AgV!S5))),"só calc",IF(AND(ISNUMBER(Manual_AgV!S5),NOT(ISNUMBER(Calc_AgV!S5))),"só manual","sem valor"))) -> 0.9706187 | U5: =IF(AND(ISNUMBER(Calc_AgV!U5),ISNUMBER(Manual_AgV!U5)),Calc_AgV!U5/Manual_AgV!U5,IF(AND(ISNUMBER(Calc_AgV!U5),NOT(ISNUMBER(Manual_AgV!U5))),"só calc",IF(AND(ISNUMBER(Manual_AgV!U5),NOT(ISNUMBER(Calc_AgV!U5))),"só manual","sem valor"))) -> 1 | W5: =IF(AND(ISNUMBER(Calc_AgV!W5),ISNUMBER(Manual_AgV!W5)),Calc_AgV!W5/Manual_AgV!W5,IF(AND(ISNUMBER(Calc_AgV!W5),NOT(ISNUMBER(Manual_AgV!W5))),"só calc",IF(AND(ISNUMBER(Manual_AgV!W5),NOT(ISNUMBER(Calc_AgV!W5))),"só manual","sem valor"))) -> 0.95349267 | Y5: =IF(AND(ISNUMBER(Calc_AgV!Y5),ISNUMBER(Manual_AgV!Y5)),Calc_AgV!Y5/Manual_AgV!Y5,IF(AND(ISNUMBER(Calc_AgV!Y5),NOT(ISNUMBER(Manual_AgV!Y5))),"só calc",IF(AND(ISNUMBER(Manual_AgV!Y5),NOT(ISNUMBER(Calc_AgV!Y5))),"só manual","sem valor"))) -> 1
A6: ab | B6: =Calc_AgV!B6 -> Pd Folha tomate 3 | C6: =IF(AND(ISNUMBER(Calc_AgV!C6),ISNUMBER(Manual_AgV!C6)),Calc_AgV!C6/Manual_AgV!C6,IF(AND(ISNUMBER(Calc_AgV!C6),NOT(ISNUMBER(Manual_AgV!C6))),"só calc",IF(AND(ISNUMBER(Manual_AgV!C6),NOT(ISNUMBER(Calc_AgV!C6))),"só manual","sem valor"))) -> 1 | D6: =IF(AND(ISNUMBER(Calc_AgV!D6),ISNUMBER(Manual_AgV!D6)),Calc_AgV!D6/Manual_AgV!D6,IF(AND(ISNUMBER(Calc_AgV!D6),NOT(ISNUMBER(Manual_AgV!D6))),"só calc",IF(AND(ISNUMBER(Manual_AgV!D6),NOT(ISNUMBER(Calc_AgV!D6))),"só manual","sem valor"))) -> 1.008337 | E6: =IF(AND(ISNUMBER(Calc_AgV!E6),ISNUMBER(Manual_AgV!E6)),Calc_AgV!E6/Manual_AgV!E6,IF(AND(ISNUMBER(Calc_AgV!E6),NOT(ISNUMBER(Manual_AgV!E6))),"só calc",IF(AND(ISNUMBER(Manual_AgV!E6),NOT(ISNUMBER(Calc_AgV!E6))),"só manual","sem valor"))) -> 1 | F6: =IF(AND(ISNUMBER(Calc_AgV!F6),ISNUMBER(Manual_AgV!F6)),Calc_AgV!F6/Manual_AgV!F6,IF(AND(ISNUMBER(Calc_AgV!F6),NOT(ISNUMBER(Manual_AgV!F6))),"só calc",IF(AND(ISNUMBER(Manual_AgV!F6),NOT(ISNUMBER(Calc_AgV!F6))),"só manual","sem valor"))) -> 1 | G6: =IF(AND(ISNUMBER(Calc_AgV!G6),ISNUMBER(Manual_AgV!G6)),Calc_AgV!G6/Manual_AgV!G6,IF(AND(ISNUMBER(Calc_AgV!G6),NOT(ISNUMBER(Manual_AgV!G6))),"só calc",IF(AND(ISNUMBER(Manual_AgV!G6),NOT(ISNUMBER(Calc_AgV!G6))),"só manual","sem valor"))) -> 1 | H6: =IF(AND(ISNUMBER(Calc_AgV!H6),ISNUMBER(Manual_AgV!H6)),Calc_AgV!H6/Manual_AgV!H6,IF(AND(ISNUMBER(Calc_AgV!H6),NOT(ISNUMBER(Manual_AgV!H6))),"só calc",IF(AND(ISNUMBER(Manual_AgV!H6),NOT(ISNUMBER(Calc_AgV!H6))),"só manual","sem valor"))) -> 1 | I6: =IF(AND(ISNUMBER(Calc_AgV!I6),ISNUMBER(Manual_AgV!I6)),Calc_AgV!I6/Manual_AgV!I6,IF(AND(ISNUMBER(Calc_AgV!I6),NOT(ISNUMBER(Manual_AgV!I6))),"só calc",IF(AND(ISNUMBER(Manual_AgV!I6),NOT(ISNUMBER(Calc_AgV!I6))),"só manual","sem valor"))) -> 1 | J6: =IF(AND(ISNUMBER(Calc_AgV!J6),ISNUMBER(Manual_AgV!J6)),Calc_AgV!J6/Manual_AgV!J6,IF(AND(ISNUMBER(Calc_AgV!J6),NOT(ISNUMBER(Manual_AgV!J6))),"só calc",IF(AND(ISNUMBER(Manual_AgV!J6),NOT(ISNUMBER(Calc_AgV!J6))),"só manual","sem valor"))) -> 1 | ... Z6: =IF(AND(ISNUMBER(Calc_AgV!Z6),ISNUMBER(Manual_AgV!Z6)),Calc_AgV!Z6/Manual_AgV!Z6,IF(AND(ISNUMBER(Calc_AgV!Z6),NOT(ISNUMBER(Manual_AgV!Z6))),"só calc",IF(AND(ISNUMBER(Manual_AgV!Z6),NOT(ISNUMBER(Calc_AgV!Z6))),"só manual","sem valor"))) -> 1
A7: ac | B7: =Calc_AgV!B7 -> R2 | C7: =IF(AND(ISNUMBER(Calc_AgV!C7),ISNUMBER(Manual_AgV!C7)),Calc_AgV!C7/Manual_AgV!C7,IF(AND(ISNUMBER(Calc_AgV!C7),NOT(ISNUMBER(Manual_AgV!C7))),"só calc",IF(AND(ISNUMBER(Manual_AgV!C7),NOT(ISNUMBER(Calc_AgV!C7))),"só manual","sem valor"))) -> 1 | D7: =IF(AND(ISNUMBER(Calc_AgV!D7),ISNUMBER(Manual_AgV!D7)),Calc_AgV!D7/Manual_AgV!D7,IF(AND(ISNUMBER(Calc_AgV!D7),NOT(ISNUMBER(Manual_AgV!D7))),"só calc",IF(AND(ISNUMBER(Manual_AgV!D7),NOT(ISNUMBER(Calc_AgV!D7))),"só manual","sem valor"))) -> 1.0056397 | E7: =IF(AND(ISNUMBER(Calc_AgV!E7),ISNUMBER(Manual_AgV!E7)),Calc_AgV!E7/Manual_AgV!E7,IF(AND(ISNUMBER(Calc_AgV!E7),NOT(ISNUMBER(Manual_AgV!E7))),"só calc",IF(AND(ISNUMBER(Manual_AgV!E7),NOT(ISNUMBER(Calc_AgV!E7))),"só manual","sem valor"))) -> 1 | F7: =IF(AND(ISNUMBER(Calc_AgV!F7),ISNUMBER(Manual_AgV!F7)),Calc_AgV!F7/Manual_AgV!F7,IF(AND(ISNUMBER(Calc_AgV!F7),NOT(ISNUMBER(Manual_AgV!F7))),"só calc",IF(AND(ISNUMBER(Manual_AgV!F7),NOT(ISNUMBER(Calc_AgV!F7))),"só manual","sem valor"))) -> 1.0019864 | G7: =IF(AND(ISNUMBER(Calc_AgV!G7),ISNUMBER(Manual_AgV!G7)),Calc_AgV!G7/Manual_AgV!G7,IF(AND(ISNUMBER(Calc_AgV!G7),NOT(ISNUMBER(Manual_AgV!G7))),"só calc",IF(AND(ISNUMBER(Manual_AgV!G7),NOT(ISNUMBER(Calc_AgV!G7))),"só manual","sem valor"))) -> 1 | H7: =IF(AND(ISNUMBER(Calc_AgV!H7),ISNUMBER(Manual_AgV!H7)),Calc_AgV!H7/Manual_AgV!H7,IF(AND(ISNUMBER(Calc_AgV!H7),NOT(ISNUMBER(Manual_AgV!H7))),"só calc",IF(AND(ISNUMBER(Manual_AgV!H7),NOT(ISNUMBER(Calc_AgV!H7))),"só manual","sem valor"))) -> 0.99761914 | I7: =IF(AND(ISNUMBER(Calc_AgV!I7),ISNUMBER(Manual_AgV!I7)),Calc_AgV!I7/Manual_AgV!I7,IF(AND(ISNUMBER(Calc_AgV!I7),NOT(ISNUMBER(Manual_AgV!I7))),"só calc",IF(AND(ISNUMBER(Manual_AgV!I7),NOT(ISNUMBER(Calc_AgV!I7))),"só manual","sem valor"))) -> 1 | J7: =IF(AND(ISNUMBER(Calc_AgV!J7),ISNUMBER(Manual_AgV!J7)),Calc_AgV!J7/Manual_AgV!J7,IF(AND(ISNUMBER(Calc_AgV!J7),NOT(ISNUMBER(Manual_AgV!J7))),"só calc",IF(AND(ISNUMBER(Manual_AgV!J7),NOT(ISNUMBER(Calc_AgV!J7))),"só manual","sem valor"))) -> 0.99992546 | ... Z7: =IF(AND(ISNUMBER(Calc_AgV!Z7),ISNUMBER(Manual_AgV!Z7)),Calc_AgV!Z7/Manual_AgV!Z7,IF(AND(ISNUMBER(Calc_AgV!Z7),NOT(ISNUMBER(Manual_AgV!Z7))),"só calc",IF(AND(ISNUMBER(Manual_AgV!Z7),NOT(ISNUMBER(Calc_AgV!Z7))),"só manual","sem valor"))) -> 1.0028827
A8: ad | B8: =Calc_AgV!B8 -> R3 | C8: =IF(AND(ISNUMBER(Calc_AgV!C8),ISNUMBER(Manual_AgV!C8)),Calc_AgV!C8/Manual_AgV!C8,IF(AND(ISNUMBER(Calc_AgV!C8),NOT(ISNUMBER(Manual_AgV!C8))),"só calc",IF(AND(ISNUMBER(Manual_AgV!C8),NOT(ISNUMBER(Calc_AgV!C8))),"só manual","sem valor"))) -> 1 | D8: =IF(AND(ISNUMBER(Calc_AgV!D8),ISNUMBER(Manual_AgV!D8)),Calc_AgV!D8/Manual_AgV!D8,IF(AND(ISNUMBER(Calc_AgV!D8),NOT(ISNUMBER(Manual_AgV!D8))),"só calc",IF(AND(ISNUMBER(Manual_AgV!D8),NOT(ISNUMBER(Calc_AgV!D8))),"só manual","sem valor"))) -> 1.0077668 | E8: =IF(AND(ISNUMBER(Calc_AgV!E8),ISNUMBER(Manual_AgV!E8)),Calc_AgV!E8/Manual_AgV!E8,IF(AND(ISNUMBER(Calc_AgV!E8),NOT(ISNUMBER(Manual_AgV!E8))),"só calc",IF(AND(ISNUMBER(Manual_AgV!E8),NOT(ISNUMBER(Calc_AgV!E8))),"só manual","sem valor"))) -> 1 | F8: =IF(AND(ISNUMBER(Calc_AgV!F8),ISNUMBER(Manual_AgV!F8)),Calc_AgV!F8/Manual_AgV!F8,IF(AND(ISNUMBER(Calc_AgV!F8),NOT(ISNUMBER(Manual_AgV!F8))),"só calc",IF(AND(ISNUMBER(Manual_AgV!F8),NOT(ISNUMBER(Calc_AgV!F8))),"só manual","sem valor"))) -> 1.0060988 | G8: =IF(AND(ISNUMBER(Calc_AgV!G8),ISNUMBER(Manual_AgV!G8)),Calc_AgV!G8/Manual_AgV!G8,IF(AND(ISNUMBER(Calc_AgV!G8),NOT(ISNUMBER(Manual_AgV!G8))),"só calc",IF(AND(ISNUMBER(Manual_AgV!G8),NOT(ISNUMBER(Calc_AgV!G8))),"só manual","sem valor"))) -> 1 | H8: =IF(AND(ISNUMBER(Calc_AgV!H8),ISNUMBER(Manual_AgV!H8)),Calc_AgV!H8/Manual_AgV!H8,IF(AND(ISNUMBER(Calc_AgV!H8),NOT(ISNUMBER(Manual_AgV!H8))),"só calc",IF(AND(ISNUMBER(Manual_AgV!H8),NOT(ISNUMBER(Calc_AgV!H8))),"só manual","sem valor"))) -> 0.99998769 | I8: =IF(AND(ISNUMBER(Calc_AgV!I8),ISNUMBER(Manual_AgV!I8)),Calc_AgV!I8/Manual_AgV!I8,IF(AND(ISNUMBER(Calc_AgV!I8),NOT(ISNUMBER(Manual_AgV!I8))),"só calc",IF(AND(ISNUMBER(Manual_AgV!I8),NOT(ISNUMBER(Calc_AgV!I8))),"só manual","sem valor"))) -> 1 | J8: =IF(AND(ISNUMBER(Calc_AgV!J8),ISNUMBER(Manual_AgV!J8)),Calc_AgV!J8/Manual_AgV!J8,IF(AND(ISNUMBER(Calc_AgV!J8),NOT(ISNUMBER(Manual_AgV!J8))),"só calc",IF(AND(ISNUMBER(Manual_AgV!J8),NOT(ISNUMBER(Calc_AgV!J8))),"só manual","sem valor"))) -> 0.99945637 | ... Z8: =IF(AND(ISNUMBER(Calc_AgV!Z8),ISNUMBER(Manual_AgV!Z8)),Calc_AgV!Z8/Manual_AgV!Z8,IF(AND(ISNUMBER(Calc_AgV!Z8),NOT(ISNUMBER(Manual_AgV!Z8))),"só calc",IF(AND(ISNUMBER(Manual_AgV!Z8),NOT(ISNUMBER(Calc_AgV!Z8))),"só manual","sem valor"))) -> sem valor
A9: ae | B9: =Calc_AgV!B9 -> R4 | C9: =IF(AND(ISNUMBER(Calc_AgV!C9),ISNUMBER(Manual_AgV!C9)),Calc_AgV!C9/Manual_AgV!C9,IF(AND(ISNUMBER(Calc_AgV!C9),NOT(ISNUMBER(Manual_AgV!C9))),"só calc",IF(AND(ISNUMBER(Manual_AgV!C9),NOT(ISNUMBER(Calc_AgV!C9))),"só manual","sem valor"))) -> 1 | D9: =IF(AND(ISNUMBER(Calc_AgV!D9),ISNUMBER(Manual_AgV!D9)),Calc_AgV!D9/Manual_AgV!D9,IF(AND(ISNUMBER(Calc_AgV!D9),NOT(ISNUMBER(Manual_AgV!D9))),"só calc",IF(AND(ISNUMBER(Manual_AgV!D9),NOT(ISNUMBER(Calc_AgV!D9))),"só manual","sem valor"))) -> 1.0083438 | E9: =IF(AND(ISNUMBER(Calc_AgV!E9),ISNUMBER(Manual_AgV!E9)),Calc_AgV!E9/Manual_AgV!E9,IF(AND(ISNUMBER(Calc_AgV!E9),NOT(ISNUMBER(Manual_AgV!E9))),"só calc",IF(AND(ISNUMBER(Manual_AgV!E9),NOT(ISNUMBER(Calc_AgV!E9))),"só manual","sem valor"))) -> 1 | F9: =IF(AND(ISNUMBER(Calc_AgV!F9),ISNUMBER(Manual_AgV!F9)),Calc_AgV!F9/Manual_AgV!F9,IF(AND(ISNUMBER(Calc_AgV!F9),NOT(ISNUMBER(Manual_AgV!F9))),"só calc",IF(AND(ISNUMBER(Manual_AgV!F9),NOT(ISNUMBER(Calc_AgV!F9))),"só manual","sem valor"))) -> 0.99690542 | G9: =IF(AND(ISNUMBER(Calc_AgV!G9),ISNUMBER(Manual_AgV!G9)),Calc_AgV!G9/Manual_AgV!G9,IF(AND(ISNUMBER(Calc_AgV!G9),NOT(ISNUMBER(Manual_AgV!G9))),"só calc",IF(AND(ISNUMBER(Manual_AgV!G9),NOT(ISNUMBER(Calc_AgV!G9))),"só manual","sem valor"))) -> 1 | H9: =IF(AND(ISNUMBER(Calc_AgV!H9),ISNUMBER(Manual_AgV!H9)),Calc_AgV!H9/Manual_AgV!H9,IF(AND(ISNUMBER(Calc_AgV!H9),NOT(ISNUMBER(Manual_AgV!H9))),"só calc",IF(AND(ISNUMBER(Manual_AgV!H9),NOT(ISNUMBER(Calc_AgV!H9))),"só manual","sem valor"))) -> 1.0054284 | I9: =IF(AND(ISNUMBER(Calc_AgV!I9),ISNUMBER(Manual_AgV!I9)),Calc_AgV!I9/Manual_AgV!I9,IF(AND(ISNUMBER(Calc_AgV!I9),NOT(ISNUMBER(Manual_AgV!I9))),"só calc",IF(AND(ISNUMBER(Manual_AgV!I9),NOT(ISNUMBER(Calc_AgV!I9))),"só manual","sem valor"))) -> 1 | J9: =IF(AND(ISNUMBER(Calc_AgV!J9),ISNUMBER(Manual_AgV!J9)),Calc_AgV!J9/Manual_AgV!J9,IF(AND(ISNUMBER(Calc_AgV!J9),NOT(ISNUMBER(Manual_AgV!J9))),"só calc",IF(AND(ISNUMBER(Manual_AgV!J9),NOT(ISNUMBER(Calc_AgV!J9))),"só manual","sem valor"))) -> 1.0000482 | ... Z9: =IF(AND(ISNUMBER(Calc_AgV!Z9),ISNUMBER(Manual_AgV!Z9)),Calc_AgV!Z9/Manual_AgV!Z9,IF(AND(ISNUMBER(Calc_AgV!Z9),NOT(ISNUMBER(Manual_AgV!Z9))),"só calc",IF(AND(ISNUMBER(Manual_AgV!Z9),NOT(ISNUMBER(Calc_AgV!Z9))),"só manual","sem valor"))) -> 0.99905915
A10: af | B10: =Calc_AgV!B10 -> R5 | C10: =IF(AND(ISNUMBER(Calc_AgV!C10),ISNUMBER(Manual_AgV!C10)),Calc_AgV!C10/Manual_AgV!C10,IF(AND(ISNUMBER(Calc_AgV!C10),NOT(ISNUMBER(Manual_AgV!C10))),"só calc",IF(AND(ISNUMBER(Manual_AgV!C10),NOT(ISNUMBER(Calc_AgV!C10))),"só manual","sem valor"))) -> 1 | D10: =IF(AND(ISNUMBER(Calc_AgV!D10),ISNUMBER(Manual_AgV!D10)),Calc_AgV!D10/Manual_AgV!D10,IF(AND(ISNUMBER(Calc_AgV!D10),NOT(ISNUMBER(Manual_AgV!D10))),"só calc",IF(AND(ISNUMBER(Manual_AgV!D10),NOT(ISNUMBER(Calc_AgV!D10))),"só manual","sem valor"))) -> 1.005171 | E10: =IF(AND(ISNUMBER(Calc_AgV!E10),ISNUMBER(Manual_AgV!E10)),Calc_AgV!E10/Manual_AgV!E10,IF(AND(ISNUMBER(Calc_AgV!E10),NOT(ISNUMBER(Manual_AgV!E10))),"só calc",IF(AND(ISNUMBER(Manual_AgV!E10),NOT(ISNUMBER(Calc_AgV!E10))),"só manual","sem valor"))) -> 1 | F10: =IF(AND(ISNUMBER(Calc_AgV!F10),ISNUMBER(Manual_AgV!F10)),Calc_AgV!F10/Manual_AgV!F10,IF(AND(ISNUMBER(Calc_AgV!F10),NOT(ISNUMBER(Manual_AgV!F10))),"só calc",IF(AND(ISNUMBER(Manual_AgV!F10),NOT(ISNUMBER(Calc_AgV!F10))),"só manual","sem valor"))) -> 1.0012271 | G10: =IF(AND(ISNUMBER(Calc_AgV!G10),ISNUMBER(Manual_AgV!G10)),Calc_AgV!G10/Manual_AgV!G10,IF(AND(ISNUMBER(Calc_AgV!G10),NOT(ISNUMBER(Manual_AgV!G10))),"só calc",IF(AND(ISNUMBER(Manual_AgV!G10),NOT(ISNUMBER(Calc_AgV!G10))),"só manual","sem valor"))) -> 1 | H10: =IF(AND(ISNUMBER(Calc_AgV!H10),ISNUMBER(Manual_AgV!H10)),Calc_AgV!H10/Manual_AgV!H10,IF(AND(ISNUMBER(Calc_AgV!H10),NOT(ISNUMBER(Manual_AgV!H10))),"só calc",IF(AND(ISNUMBER(Manual_AgV!H10),NOT(ISNUMBER(Calc_AgV!H10))),"só manual","sem valor"))) -> 0.99943529 | I10: =IF(AND(ISNUMBER(Calc_AgV!I10),ISNUMBER(Manual_AgV!I10)),Calc_AgV!I10/Manual_AgV!I10,IF(AND(ISNUMBER(Calc_AgV!I10),NOT(ISNUMBER(Manual_AgV!I10))),"só calc",IF(AND(ISNUMBER(Manual_AgV!I10),NOT(ISNUMBER(Calc_AgV!I10))),"só manual","sem valor"))) -> 1 | J10: =IF(AND(ISNUMBER(Calc_AgV!J10),ISNUMBER(Manual_AgV!J10)),Calc_AgV!J10/Manual_AgV!J10,IF(AND(ISNUMBER(Calc_AgV!J10),NOT(ISNUMBER(Manual_AgV!J10))),"só calc",IF(AND(ISNUMBER(Manual_AgV!J10),NOT(ISNUMBER(Calc_AgV!J10))),"só manual","sem valor"))) -> 1.00026 | ... Z10: =IF(AND(ISNUMBER(Calc_AgV!Z10),ISNUMBER(Manual_AgV!Z10)),Calc_AgV!Z10/Manual_AgV!Z10,IF(AND(ISNUMBER(Calc_AgV!Z10),NOT(ISNUMBER(Manual_AgV!Z10))),"só calc",IF(AND(ISNUMBER(Manual_AgV!Z10),NOT(ISNUMBER(Calc_AgV!Z10))),"só manual","sem valor"))) -> 0.99840368
A11: ag | B11: =Calc_AgV!B11 -> R6 | C11: =IF(AND(ISNUMBER(Calc_AgV!C11),ISNUMBER(Manual_AgV!C11)),Calc_AgV!C11/Manual_AgV!C11,IF(AND(ISNUMBER(Calc_AgV!C11),NOT(ISNUMBER(Manual_AgV!C11))),"só calc",IF(AND(ISNUMBER(Manual_AgV!C11),NOT(ISNUMBER(Calc_AgV!C11))),"só manual","sem valor"))) -> 1 | D11: =IF(AND(ISNUMBER(Calc_AgV!D11),ISNUMBER(Manual_AgV!D11)),Calc_AgV!D11/Manual_AgV!D11,IF(AND(ISNUMBER(Calc_AgV!D11),NOT(ISNUMBER(Manual_AgV!D11))),"só calc",IF(AND(ISNUMBER(Manual_AgV!D11),NOT(ISNUMBER(Calc_AgV!D11))),"só manual","sem valor"))) -> 1.0091627 | E11: =IF(AND(ISNUMBER(Calc_AgV!E11),ISNUMBER(Manual_AgV!E11)),Calc_AgV!E11/Manual_AgV!E11,IF(AND(ISNUMBER(Calc_AgV!E11),NOT(ISNUMBER(Manual_AgV!E11))),"só calc",IF(AND(ISNUMBER(Manual_AgV!E11),NOT(ISNUMBER(Calc_AgV!E11))),"só manual","sem valor"))) -> 1 | F11: =IF(AND(ISNUMBER(Calc_AgV!F11),ISNUMBER(Manual_AgV!F11)),Calc_AgV!F11/Manual_AgV!F11,IF(AND(ISNUMBER(Calc_AgV!F11),NOT(ISNUMBER(Manual_AgV!F11))),"só calc",IF(AND(ISNUMBER(Manual_AgV!F11),NOT(ISNUMBER(Calc_AgV!F11))),"só manual","sem valor"))) -> 0.99618967 | G11: =IF(AND(ISNUMBER(Calc_AgV!G11),ISNUMBER(Manual_AgV!G11)),Calc_AgV!G11/Manual_AgV!G11,IF(AND(ISNUMBER(Calc_AgV!G11),NOT(ISNUMBER(Manual_AgV!G11))),"só calc",IF(AND(ISNUMBER(Manual_AgV!G11),NOT(ISNUMBER(Calc_AgV!G11))),"só manual","sem valor"))) -> 1 | H11: =IF(AND(ISNUMBER(Calc_AgV!H11),ISNUMBER(Manual_AgV!H11)),Calc_AgV!H11/Manual_AgV!H11,IF(AND(ISNUMBER(Calc_AgV!H11),NOT(ISNUMBER(Manual_AgV!H11))),"só calc",IF(AND(ISNUMBER(Manual_AgV!H11),NOT(ISNUMBER(Calc_AgV!H11))),"só manual","sem valor"))) -> 1.0025102 | I11: =IF(AND(ISNUMBER(Calc_AgV!I11),ISNUMBER(Manual_AgV!I11)),Calc_AgV!I11/Manual_AgV!I11,IF(AND(ISNUMBER(Calc_AgV!I11),NOT(ISNUMBER(Manual_AgV!I11))),"só calc",IF(AND(ISNUMBER(Manual_AgV!I11),NOT(ISNUMBER(Calc_AgV!I11))),"só manual","sem valor"))) -> 1 | J11: =IF(AND(ISNUMBER(Calc_AgV!J11),ISNUMBER(Manual_AgV!J11)),Calc_AgV!J11/Manual_AgV!J11,IF(AND(ISNUMBER(Calc_AgV!J11),NOT(ISNUMBER(Manual_AgV!J11))),"só calc",IF(AND(ISNUMBER(Manual_AgV!J11),NOT(ISNUMBER(Calc_AgV!J11))),"só manual","sem valor"))) -> 0.99977047 | ... Z11: =IF(AND(ISNUMBER(Calc_AgV!Z11),ISNUMBER(Manual_AgV!Z11)),Calc_AgV!Z11/Manual_AgV!Z11,IF(AND(ISNUMBER(Calc_AgV!Z11),NOT(ISNUMBER(Manual_AgV!Z11))),"só calc",IF(AND(ISNUMBER(Manual_AgV!Z11),NOT(ISNUMBER(Calc_AgV!Z11))),"só manual","sem valor"))) -> 0.9997935
A12: ah | B12: =Calc_AgV!B12 -> R7 | C12: =IF(AND(ISNUMBER(Calc_AgV!C12),ISNUMBER(Manual_AgV!C12)),Calc_AgV!C12/Manual_AgV!C12,IF(AND(ISNUMBER(Calc_AgV!C12),NOT(ISNUMBER(Manual_AgV!C12))),"só calc",IF(AND(ISNUMBER(Manual_AgV!C12),NOT(ISNUMBER(Calc_AgV!C12))),"só manual","sem valor"))) -> 1 | D12: =IF(AND(ISNUMBER(Calc_AgV!D12),ISNUMBER(Manual_AgV!D12)),Calc_AgV!D12/Manual_AgV!D12,IF(AND(ISNUMBER(Calc_AgV!D12),NOT(ISNUMBER(Manual_AgV!D12))),"só calc",IF(AND(ISNUMBER(Manual_AgV!D12),NOT(ISNUMBER(Calc_AgV!D12))),"só manual","sem valor"))) -> 1.0069738 | E12: =IF(AND(ISNUMBER(Calc_AgV!E12),ISNUMBER(Manual_AgV!E12)),Calc_AgV!E12/Manual_AgV!E12,IF(AND(ISNUMBER(Calc_AgV!E12),NOT(ISNUMBER(Manual_AgV!E12))),"só calc",IF(AND(ISNUMBER(Manual_AgV!E12),NOT(ISNUMBER(Calc_AgV!E12))),"só manual","sem valor"))) -> 1 | F12: =IF(AND(ISNUMBER(Calc_AgV!F12),ISNUMBER(Manual_AgV!F12)),Calc_AgV!F12/Manual_AgV!F12,IF(AND(ISNUMBER(Calc_AgV!F12),NOT(ISNUMBER(Manual_AgV!F12))),"só calc",IF(AND(ISNUMBER(Manual_AgV!F12),NOT(ISNUMBER(Calc_AgV!F12))),"só manual","sem valor"))) -> 1.0022506 | G12: =IF(AND(ISNUMBER(Calc_AgV!G12),ISNUMBER(Manual_AgV!G12)),Calc_AgV!G12/Manual_AgV!G12,IF(AND(ISNUMBER(Calc_AgV!G12),NOT(ISNUMBER(Manual_AgV!G12))),"só calc",IF(AND(ISNUMBER(Manual_AgV!G12),NOT(ISNUMBER(Calc_AgV!G12))),"só manual","sem valor"))) -> 1 | H12: =IF(AND(ISNUMBER(Calc_AgV!H12),ISNUMBER(Manual_AgV!H12)),Calc_AgV!H12/Manual_AgV!H12,IF(AND(ISNUMBER(Calc_AgV!H12),NOT(ISNUMBER(Manual_AgV!H12))),"só calc",IF(AND(ISNUMBER(Manual_AgV!H12),NOT(ISNUMBER(Calc_AgV!H12))),"só manual","sem valor"))) -> 1.0046841 | I12: =IF(AND(ISNUMBER(Calc_AgV!I12),ISNUMBER(Manual_AgV!I12)),Calc_AgV!I12/Manual_AgV!I12,IF(AND(ISNUMBER(Calc_AgV!I12),NOT(ISNUMBER(Manual_AgV!I12))),"só calc",IF(AND(ISNUMBER(Manual_AgV!I12),NOT(ISNUMBER(Calc_AgV!I12))),"só manual","sem valor"))) -> 1 | J12: =IF(AND(ISNUMBER(Calc_AgV!J12),ISNUMBER(Manual_AgV!J12)),Calc_AgV!J12/Manual_AgV!J12,IF(AND(ISNUMBER(Calc_AgV!J12),NOT(ISNUMBER(Manual_AgV!J12))),"só calc",IF(AND(ISNUMBER(Manual_AgV!J12),NOT(ISNUMBER(Calc_AgV!J12))),"só manual","sem valor"))) -> 0.99972554 | ... Z12: =IF(AND(ISNUMBER(Calc_AgV!Z12),ISNUMBER(Manual_AgV!Z12)),Calc_AgV!Z12/Manual_AgV!Z12,IF(AND(ISNUMBER(Calc_AgV!Z12),NOT(ISNUMBER(Manual_AgV!Z12))),"só calc",IF(AND(ISNUMBER(Manual_AgV!Z12),NOT(ISNUMBER(Calc_AgV!Z12))),"só manual","sem valor"))) -> 0.99668947
A13: ai | B13: =Calc_AgV!B13 -> R8 | C13: =IF(AND(ISNUMBER(Calc_AgV!C13),ISNUMBER(Manual_AgV!C13)),Calc_AgV!C13/Manual_AgV!C13,IF(AND(ISNUMBER(Calc_AgV!C13),NOT(ISNUMBER(Manual_AgV!C13))),"só calc",IF(AND(ISNUMBER(Manual_AgV!C13),NOT(ISNUMBER(Calc_AgV!C13))),"só manual","sem valor"))) -> 1 | D13: =IF(AND(ISNUMBER(Calc_AgV!D13),ISNUMBER(Manual_AgV!D13)),Calc_AgV!D13/Manual_AgV!D13,IF(AND(ISNUMBER(Calc_AgV!D13),NOT(ISNUMBER(Manual_AgV!D13))),"só calc",IF(AND(ISNUMBER(Manual_AgV!D13),NOT(ISNUMBER(Calc_AgV!D13))),"só manual","sem valor"))) -> 0.99954817 | E13: =IF(AND(ISNUMBER(Calc_AgV!E13),ISNUMBER(Manual_AgV!E13)),Calc_AgV!E13/Manual_AgV!E13,IF(AND(ISNUMBER(Calc_AgV!E13),NOT(ISNUMBER(Manual_AgV!E13))),"só calc",IF(AND(ISNUMBER(Manual_AgV!E13),NOT(ISNUMBER(Calc_AgV!E13))),"só manual","sem valor"))) -> 1 | F13: =IF(AND(ISNUMBER(Calc_AgV!F13),ISNUMBER(Manual_AgV!F13)),Calc_AgV!F13/Manual_AgV!F13,IF(AND(ISNUMBER(Calc_AgV!F13),NOT(ISNUMBER(Manual_AgV!F13))),"só calc",IF(AND(ISNUMBER(Manual_AgV!F13),NOT(ISNUMBER(Calc_AgV!F13))),"só manual","sem valor"))) -> 0.99809999 | G13: =IF(AND(ISNUMBER(Calc_AgV!G13),ISNUMBER(Manual_AgV!G13)),Calc_AgV!G13/Manual_AgV!G13,IF(AND(ISNUMBER(Calc_AgV!G13),NOT(ISNUMBER(Manual_AgV!G13))),"só calc",IF(AND(ISNUMBER(Manual_AgV!G13),NOT(ISNUMBER(Calc_AgV!G13))),"só manual","sem valor"))) -> 1 | H13: =IF(AND(ISNUMBER(Calc_AgV!H13),ISNUMBER(Manual_AgV!H13)),Calc_AgV!H13/Manual_AgV!H13,IF(AND(ISNUMBER(Calc_AgV!H13),NOT(ISNUMBER(Manual_AgV!H13))),"só calc",IF(AND(ISNUMBER(Manual_AgV!H13),NOT(ISNUMBER(Calc_AgV!H13))),"só manual","sem valor"))) -> 1.0024497 | I13: =IF(AND(ISNUMBER(Calc_AgV!I13),ISNUMBER(Manual_AgV!I13)),Calc_AgV!I13/Manual_AgV!I13,IF(AND(ISNUMBER(Calc_AgV!I13),NOT(ISNUMBER(Manual_AgV!I13))),"só calc",IF(AND(ISNUMBER(Manual_AgV!I13),NOT(ISNUMBER(Calc_AgV!I13))),"só manual","sem valor"))) -> 1 | J13: =IF(AND(ISNUMBER(Calc_AgV!J13),ISNUMBER(Manual_AgV!J13)),Calc_AgV!J13/Manual_AgV!J13,IF(AND(ISNUMBER(Calc_AgV!J13),NOT(ISNUMBER(Manual_AgV!J13))),"só calc",IF(AND(ISNUMBER(Manual_AgV!J13),NOT(ISNUMBER(Calc_AgV!J13))),"só manual","sem valor"))) -> 1.0002065 | ... Z13: =IF(AND(ISNUMBER(Calc_AgV!Z13),ISNUMBER(Manual_AgV!Z13)),Calc_AgV!Z13/Manual_AgV!Z13,IF(AND(ISNUMBER(Calc_AgV!Z13),NOT(ISNUMBER(Manual_AgV!Z13))),"só calc",IF(AND(ISNUMBER(Manual_AgV!Z13),NOT(ISNUMBER(Calc_AgV!Z13))),"só manual","sem valor"))) -> 1.0035642
A14: aj | B14: =Calc_AgV!B14 -> R9 | C14: =IF(AND(ISNUMBER(Calc_AgV!C14),ISNUMBER(Manual_AgV!C14)),Calc_AgV!C14/Manual_AgV!C14,IF(AND(ISNUMBER(Calc_AgV!C14),NOT(ISNUMBER(Manual_AgV!C14))),"só calc",IF(AND(ISNUMBER(Manual_AgV!C14),NOT(ISNUMBER(Calc_AgV!C14))),"só manual","sem valor"))) -> 1 | D14: =IF(AND(ISNUMBER(Calc_AgV!D14),ISNUMBER(Manual_AgV!D14)),Calc_AgV!D14/Manual_AgV!D14,IF(AND(ISNUMBER(Calc_AgV!D14),NOT(ISNUMBER(Manual_AgV!D14))),"só calc",IF(AND(ISNUMBER(Manual_AgV!D14),NOT(ISNUMBER(Calc_AgV!D14))),"só manual","sem valor"))) -> 1.0065543 | E14: =IF(AND(ISNUMBER(Calc_AgV!E14),ISNUMBER(Manual_AgV!E14)),Calc_AgV!E14/Manual_AgV!E14,IF(AND(ISNUMBER(Calc_AgV!E14),NOT(ISNUMBER(Manual_AgV!E14))),"só calc",IF(AND(ISNUMBER(Manual_AgV!E14),NOT(ISNUMBER(Calc_AgV!E14))),"só manual","sem valor"))) -> 1 | F14: =IF(AND(ISNUMBER(Calc_AgV!F14),ISNUMBER(Manual_AgV!F14)),Calc_AgV!F14/Manual_AgV!F14,IF(AND(ISNUMBER(Calc_AgV!F14),NOT(ISNUMBER(Manual_AgV!F14))),"só calc",IF(AND(ISNUMBER(Manual_AgV!F14),NOT(ISNUMBER(Calc_AgV!F14))),"só manual","sem valor"))) -> 1.0053203 | G14: =IF(AND(ISNUMBER(Calc_AgV!G14),ISNUMBER(Manual_AgV!G14)),Calc_AgV!G14/Manual_AgV!G14,IF(AND(ISNUMBER(Calc_AgV!G14),NOT(ISNUMBER(Manual_AgV!G14))),"só calc",IF(AND(ISNUMBER(Manual_AgV!G14),NOT(ISNUMBER(Calc_AgV!G14))),"só manual","sem valor"))) -> 1 | H14: =IF(AND(ISNUMBER(Calc_AgV!H14),ISNUMBER(Manual_AgV!H14)),Calc_AgV!H14/Manual_AgV!H14,IF(AND(ISNUMBER(Calc_AgV!H14),NOT(ISNUMBER(Manual_AgV!H14))),"só calc",IF(AND(ISNUMBER(Manual_AgV!H14),NOT(ISNUMBER(Calc_AgV!H14))),"só manual","sem valor"))) -> 0.99731677 | I14: =IF(AND(ISNUMBER(Calc_AgV!I14),ISNUMBER(Manual_AgV!I14)),Calc_AgV!I14/Manual_AgV!I14,IF(AND(ISNUMBER(Calc_AgV!I14),NOT(ISNUMBER(Manual_AgV!I14))),"só calc",IF(AND(ISNUMBER(Manual_AgV!I14),NOT(ISNUMBER(Calc_AgV!I14))),"só manual","sem valor"))) -> 1 | J14: =IF(AND(ISNUMBER(Calc_AgV!J14),ISNUMBER(Manual_AgV!J14)),Calc_AgV!J14/Manual_AgV!J14,IF(AND(ISNUMBER(Calc_AgV!J14),NOT(ISNUMBER(Manual_AgV!J14))),"só calc",IF(AND(ISNUMBER(Manual_AgV!J14),NOT(ISNUMBER(Calc_AgV!J14))),"só manual","sem valor"))) -> 0.99991533 | ... Z14: =IF(AND(ISNUMBER(Calc_AgV!Z14),ISNUMBER(Manual_AgV!Z14)),Calc_AgV!Z14/Manual_AgV!Z14,IF(AND(ISNUMBER(Calc_AgV!Z14),NOT(ISNUMBER(Manual_AgV!Z14))),"só calc",IF(AND(ISNUMBER(Manual_AgV!Z14),NOT(ISNUMBER(Calc_AgV!Z14))),"só manual","sem valor"))) -> 0.99891615
A15: ak | B15: =Calc_AgV!B15 -> R10 | C15: =IF(AND(ISNUMBER(Calc_AgV!C15),ISNUMBER(Manual_AgV!C15)),Calc_AgV!C15/Manual_AgV!C15,IF(AND(ISNUMBER(Calc_AgV!C15),NOT(ISNUMBER(Manual_AgV!C15))),"só calc",IF(AND(ISNUMBER(Manual_AgV!C15),NOT(ISNUMBER(Calc_AgV!C15))),"só manual","sem valor"))) -> 1 | D15: =IF(AND(ISNUMBER(Calc_AgV!D15),ISNUMBER(Manual_AgV!D15)),Calc_AgV!D15/Manual_AgV!D15,IF(AND(ISNUMBER(Calc_AgV!D15),NOT(ISNUMBER(Manual_AgV!D15))),"só calc",IF(AND(ISNUMBER(Manual_AgV!D15),NOT(ISNUMBER(Calc_AgV!D15))),"só manual","sem valor"))) -> 1.0132006 | E15: =IF(AND(ISNUMBER(Calc_AgV!E15),ISNUMBER(Manual_AgV!E15)),Calc_AgV!E15/Manual_AgV!E15,IF(AND(ISNUMBER(Calc_AgV!E15),NOT(ISNUMBER(Manual_AgV!E15))),"só calc",IF(AND(ISNUMBER(Manual_AgV!E15),NOT(ISNUMBER(Calc_AgV!E15))),"só manual","sem valor"))) -> 1 | F15: =IF(AND(ISNUMBER(Calc_AgV!F15),ISNUMBER(Manual_AgV!F15)),Calc_AgV!F15/Manual_AgV!F15,IF(AND(ISNUMBER(Calc_AgV!F15),NOT(ISNUMBER(Manual_AgV!F15))),"só calc",IF(AND(ISNUMBER(Manual_AgV!F15),NOT(ISNUMBER(Calc_AgV!F15))),"só manual","sem valor"))) -> 0.99743944 | G15: =IF(AND(ISNUMBER(Calc_AgV!G15),ISNUMBER(Manual_AgV!G15)),Calc_AgV!G15/Manual_AgV!G15,IF(AND(ISNUMBER(Calc_AgV!G15),NOT(ISNUMBER(Manual_AgV!G15))),"só calc",IF(AND(ISNUMBER(Manual_AgV!G15),NOT(ISNUMBER(Calc_AgV!G15))),"só manual","sem valor"))) -> 1 | H15: =IF(AND(ISNUMBER(Calc_AgV!H15),ISNUMBER(Manual_AgV!H15)),Calc_AgV!H15/Manual_AgV!H15,IF(AND(ISNUMBER(Calc_AgV!H15),NOT(ISNUMBER(Manual_AgV!H15))),"só calc",IF(AND(ISNUMBER(Manual_AgV!H15),NOT(ISNUMBER(Calc_AgV!H15))),"só manual","sem valor"))) -> 1.004122 | I15: =IF(AND(ISNUMBER(Calc_AgV!I15),ISNUMBER(Manual_AgV!I15)),Calc_AgV!I15/Manual_AgV!I15,IF(AND(ISNUMBER(Calc_AgV!I15),NOT(ISNUMBER(Manual_AgV!I15))),"só calc",IF(AND(ISNUMBER(Manual_AgV!I15),NOT(ISNUMBER(Calc_AgV!I15))),"só manual","sem valor"))) -> 1 | J15: =IF(AND(ISNUMBER(Calc_AgV!J15),ISNUMBER(Manual_AgV!J15)),Calc_AgV!J15/Manual_AgV!J15,IF(AND(ISNUMBER(Calc_AgV!J15),NOT(ISNUMBER(Manual_AgV!J15))),"só calc",IF(AND(ISNUMBER(Manual_AgV!J15),NOT(ISNUMBER(Calc_AgV!J15))),"só manual","sem valor"))) -> 1.0002778 | ... Z15: =IF(AND(ISNUMBER(Calc_AgV!Z15),ISNUMBER(Manual_AgV!Z15)),Calc_AgV!Z15/Manual_AgV!Z15,IF(AND(ISNUMBER(Calc_AgV!Z15),NOT(ISNUMBER(Manual_AgV!Z15))),"só calc",IF(AND(ISNUMBER(Manual_AgV!Z15),NOT(ISNUMBER(Calc_AgV!Z15))),"só manual","sem valor"))) -> 0.99769019
A16: al | B16: =Calc_AgV!B16 -> R11 | C16: =IF(AND(ISNUMBER(Calc_AgV!C16),ISNUMBER(Manual_AgV!C16)),Calc_AgV!C16/Manual_AgV!C16,IF(AND(ISNUMBER(Calc_AgV!C16),NOT(ISNUMBER(Manual_AgV!C16))),"só calc",IF(AND(ISNUMBER(Manual_AgV!C16),NOT(ISNUMBER(Calc_AgV!C16))),"só manual","sem valor"))) -> 1 | D16: =IF(AND(ISNUMBER(Calc_AgV!D16),ISNUMBER(Manual_AgV!D16)),Calc_AgV!D16/Manual_AgV!D16,IF(AND(ISNUMBER(Calc_AgV!D16),NOT(ISNUMBER(Manual_AgV!D16))),"só calc",IF(AND(ISNUMBER(Manual_AgV!D16),NOT(ISNUMBER(Calc_AgV!D16))),"só manual","sem valor"))) -> 1.0093832 | E16: =IF(AND(ISNUMBER(Calc_AgV!E16),ISNUMBER(Manual_AgV!E16)),Calc_AgV!E16/Manual_AgV!E16,IF(AND(ISNUMBER(Calc_AgV!E16),NOT(ISNUMBER(Manual_AgV!E16))),"só calc",IF(AND(ISNUMBER(Manual_AgV!E16),NOT(ISNUMBER(Calc_AgV!E16))),"só manual","sem valor"))) -> 1 | F16: =IF(AND(ISNUMBER(Calc_AgV!F16),ISNUMBER(Manual_AgV!F16)),Calc_AgV!F16/Manual_AgV!F16,IF(AND(ISNUMBER(Calc_AgV!F16),NOT(ISNUMBER(Manual_AgV!F16))),"só calc",IF(AND(ISNUMBER(Manual_AgV!F16),NOT(ISNUMBER(Calc_AgV!F16))),"só manual","sem valor"))) -> 0.99261361 | G16: =IF(AND(ISNUMBER(Calc_AgV!G16),ISNUMBER(Manual_AgV!G16)),Calc_AgV!G16/Manual_AgV!G16,IF(AND(ISNUMBER(Calc_AgV!G16),NOT(ISNUMBER(Manual_AgV!G16))),"só calc",IF(AND(ISNUMBER(Manual_AgV!G16),NOT(ISNUMBER(Calc_AgV!G16))),"só manual","sem valor"))) -> 1 | H16: =IF(AND(ISNUMBER(Calc_AgV!H16),ISNUMBER(Manual_AgV!H16)),Calc_AgV!H16/Manual_AgV!H16,IF(AND(ISNUMBER(Calc_AgV!H16),NOT(ISNUMBER(Manual_AgV!H16))),"só calc",IF(AND(ISNUMBER(Manual_AgV!H16),NOT(ISNUMBER(Calc_AgV!H16))),"só manual","sem valor"))) -> 0.99978103 | I16: =IF(AND(ISNUMBER(Calc_AgV!I16),ISNUMBER(Manual_AgV!I16)),Calc_AgV!I16/Manual_AgV!I16,IF(AND(ISNUMBER(Calc_AgV!I16),NOT(ISNUMBER(Manual_AgV!I16))),"só calc",IF(AND(ISNUMBER(Manual_AgV!I16),NOT(ISNUMBER(Calc_AgV!I16))),"só manual","sem valor"))) -> 1 | J16: =IF(AND(ISNUMBER(Calc_AgV!J16),ISNUMBER(Manual_AgV!J16)),Calc_AgV!J16/Manual_AgV!J16,IF(AND(ISNUMBER(Calc_AgV!J16),NOT(ISNUMBER(Manual_AgV!J16))),"só calc",IF(AND(ISNUMBER(Manual_AgV!J16),NOT(ISNUMBER(Calc_AgV!J16))),"só manual","sem valor"))) -> 0.99996159 | ... Z16: =IF(AND(ISNUMBER(Calc_AgV!Z16),ISNUMBER(Manual_AgV!Z16)),Calc_AgV!Z16/Manual_AgV!Z16,IF(AND(ISNUMBER(Calc_AgV!Z16),NOT(ISNUMBER(Manual_AgV!Z16))),"só calc",IF(AND(ISNUMBER(Manual_AgV!Z16),NOT(ISNUMBER(Calc_AgV!Z16))),"só manual","sem valor"))) -> 1.0022868
A18: Média (R2–R11) | C18: =IF(COUNT(C7:C16)>=2,AVERAGE(C7:C16),"—") -> 1 | D18: =IF(COUNT(D7:D16)>=2,AVERAGE(D7:D16),"—") -> 1.0071744 | E18: =IF(COUNT(E7:E16)>=2,AVERAGE(E7:E16),"—") -> 1 | F18: =IF(COUNT(F7:F16)>=2,AVERAGE(F7:F16),"—") -> 0.99981313 | G18: =IF(COUNT(G7:G16)>=2,AVERAGE(G7:G16),"—") -> 1 | H18: =IF(COUNT(H7:H16)>=2,AVERAGE(H7:H16),"—") -> 1.0013334 | I18: =IF(COUNT(I7:I16)>=2,AVERAGE(I7:I16),"—") -> 1 | J18: =IF(COUNT(J7:J16)>=2,AVERAGE(J7:J16),"—") -> 0.99995473 | ... Z18: =IF(COUNT(Z7:Z16)>=2,AVERAGE(Z7:Z16),"—") -> 0.99992065
A19: Desvio padrão | C19: =IF(COUNT(C7:C16)>=2,STDEV(C7:C16),"—") -> 0 | D19: =IF(COUNT(D7:D16)>=2,STDEV(D7:D16),"—") -> 0.0035248066 | E19: =IF(COUNT(E7:E16)>=2,STDEV(E7:E16),"—") -> 0 | F19: =IF(COUNT(F7:F16)>=2,STDEV(F7:F16),"—") -> 0.0042751011 | G19: =IF(COUNT(G7:G16)>=2,STDEV(G7:G16),"—") -> 0 | H19: =IF(COUNT(H7:H16)>=2,STDEV(H7:H16),"—") -> 0.0029089133 | I19: =IF(COUNT(I7:I16)>=2,STDEV(I7:I16),"—") -> 0 | J19: =IF(COUNT(J7:J16)>=2,STDEV(J7:J16),"—") -> 0.00025970042 | ... Z19: =IF(COUNT(Z7:Z16)>=2,STDEV(Z7:Z16),"—") -> 0.0024272445
A20: Mín. | C20: =IF(COUNT(C7:C16)>=2,MIN(C7:C16),"—") -> 1 | D20: =IF(COUNT(D7:D16)>=2,MIN(D7:D16),"—") -> 0.99954817 | E20: =IF(COUNT(E7:E16)>=2,MIN(E7:E16),"—") -> 1 | F20: =IF(COUNT(F7:F16)>=2,MIN(F7:F16),"—") -> 0.99261361 | G20: =IF(COUNT(G7:G16)>=2,MIN(G7:G16),"—") -> 1 | H20: =IF(COUNT(H7:H16)>=2,MIN(H7:H16),"—") -> 0.99731677 | I20: =IF(COUNT(I7:I16)>=2,MIN(I7:I16),"—") -> 1 | J20: =IF(COUNT(J7:J16)>=2,MIN(J7:J16),"—") -> 0.99945637 | ... Z20: =IF(COUNT(Z7:Z16)>=2,MIN(Z7:Z16),"—") -> 0.99668947
A21: Máx. | C21: =IF(COUNT(C7:C16)>=2,MAX(C7:C16),"—") -> 1 | D21: =IF(COUNT(D7:D16)>=2,MAX(D7:D16),"—") -> 1.0132006 | E21: =IF(COUNT(E7:E16)>=2,MAX(E7:E16),"—") -> 1 | F21: =IF(COUNT(F7:F16)>=2,MAX(F7:F16),"—") -> 1.0060988 | G21: =IF(COUNT(G7:G16)>=2,MAX(G7:G16),"—") -> 1 | H21: =IF(COUNT(H7:H16)>=2,MAX(H7:H16),"—") -> 1.0054284 | I21: =IF(COUNT(I7:I16)>=2,MAX(I7:I16),"—") -> 1 | J21: =IF(COUNT(J7:J16)>=2,MAX(J7:J16),"—") -> 1.0002778 | ... Z21: =IF(COUNT(Z7:Z16)>=2,MAX(Z7:Z16),"—") -> 1.0035642

Sheet Razão AuV
A1: Alvo AuV — razão Calculadora / Planilha convencional
A2: Valor esperado = 1. Verde: |razão − 1| ≤ tolerância; vermelho: fora da tolerância (definida no Leia-me).
C3: S | E3: Cl | G3: K | I3: Ca | K3: Cr | M3: Mn | O3: Fe | Q3: Ni | S3: Cu | U3: Zn | W3: Se
A4: Medida | B4: Amostra | C4: C | D4: Erro | E4: C | F4: Erro | G4: C | H4: Erro | I4: C | J4: Erro | K4: C | L4: Erro | M4: C | N4: Erro | O4: C | P4: Erro | Q4: C | R4: Erro | S4: C | T4: Erro | U4: C | V4: Erro | W4: C | X4: Erro
A5: LD | C5: =IF(AND(ISNUMBER(Calc_AuV!C5),ISNUMBER(Manual_AuV!C5)),Calc_AuV!C5/Manual_AuV!C5,IF(AND(ISNUMBER(Calc_AuV!C5),NOT(ISNUMBER(Manual_AuV!C5))),"só calc",IF(AND(ISNUMBER(Manual_AuV!C5),NOT(ISNUMBER(Calc_AuV!C5))),"só manual","sem valor"))) -> só calc | E5: =IF(AND(ISNUMBER(Calc_AuV!E5),ISNUMBER(Manual_AuV!E5)),Calc_AuV!E5/Manual_AuV!E5,IF(AND(ISNUMBER(Calc_AuV!E5),NOT(ISNUMBER(Manual_AuV!E5))),"só calc",IF(AND(ISNUMBER(Manual_AuV!E5),NOT(ISNUMBER(Calc_AuV!E5))),"só manual","sem valor"))) -> só calc | G5: =IF(AND(ISNUMBER(Calc_AuV!G5),ISNUMBER(Manual_AuV!G5)),Calc_AuV!G5/Manual_AuV!G5,IF(AND(ISNUMBER(Calc_AuV!G5),NOT(ISNUMBER(Manual_AuV!G5))),"só calc",IF(AND(ISNUMBER(Manual_AuV!G5),NOT(ISNUMBER(Calc_AuV!G5))),"só manual","sem valor"))) -> só calc | I5: =IF(AND(ISNUMBER(Calc_AuV!I5),ISNUMBER(Manual_AuV!I5)),Calc_AuV!I5/Manual_AuV!I5,IF(AND(ISNUMBER(Calc_AuV!I5),NOT(ISNUMBER(Manual_AuV!I5))),"só calc",IF(AND(ISNUMBER(Manual_AuV!I5),NOT(ISNUMBER(Calc_AuV!I5))),"só manual","sem valor"))) -> só calc | K5: =IF(AND(ISNUMBER(Calc_AuV!K5),ISNUMBER(Manual_AuV!K5)),Calc_AuV!K5/Manual_AuV!K5,IF(AND(ISNUMBER(Calc_AuV!K5),NOT(ISNUMBER(Manual_AuV!K5))),"só calc",IF(AND(ISNUMBER(Manual_AuV!K5),NOT(ISNUMBER(Calc_AuV!K5))),"só manual","sem valor"))) -> 1 | M5: =IF(AND(ISNUMBER(Calc_AuV!M5),ISNUMBER(Manual_AuV!M5)),Calc_AuV!M5/Manual_AuV!M5,IF(AND(ISNUMBER(Calc_AuV!M5),NOT(ISNUMBER(Manual_AuV!M5))),"só calc",IF(AND(ISNUMBER(Manual_AuV!M5),NOT(ISNUMBER(Calc_AuV!M5))),"só manual","sem valor"))) -> só calc | O5: =IF(AND(ISNUMBER(Calc_AuV!O5),ISNUMBER(Manual_AuV!O5)),Calc_AuV!O5/Manual_AuV!O5,IF(AND(ISNUMBER(Calc_AuV!O5),NOT(ISNUMBER(Manual_AuV!O5))),"só calc",IF(AND(ISNUMBER(Manual_AuV!O5),NOT(ISNUMBER(Calc_AuV!O5))),"só manual","sem valor"))) -> só calc | Q5: =IF(AND(ISNUMBER(Calc_AuV!Q5),ISNUMBER(Manual_AuV!Q5)),Calc_AuV!Q5/Manual_AuV!Q5,IF(AND(ISNUMBER(Calc_AuV!Q5),NOT(ISNUMBER(Manual_AuV!Q5))),"só calc",IF(AND(ISNUMBER(Manual_AuV!Q5),NOT(ISNUMBER(Calc_AuV!Q5))),"só manual","sem valor"))) -> só calc | S5: =IF(AND(ISNUMBER(Calc_AuV!S5),ISNUMBER(Manual_AuV!S5)),Calc_AuV!S5/Manual_AuV!S5,IF(AND(ISNUMBER(Calc_AuV!S5),NOT(ISNUMBER(Manual_AuV!S5))),"só calc",IF(AND(ISNUMBER(Manual_AuV!S5),NOT(ISNUMBER(Calc_AuV!S5))),"só manual","sem valor"))) -> só calc | U5: =IF(AND(ISNUMBER(Calc_AuV!U5),ISNUMBER(Manual_AuV!U5)),Calc_AuV!U5/Manual_AuV!U5,IF(AND(ISNUMBER(Calc_AuV!U5),NOT(ISNUMBER(Manual_AuV!U5))),"só calc",IF(AND(ISNUMBER(Manual_AuV!U5),NOT(ISNUMBER(Calc_AuV!U5))),"só manual","sem valor"))) -> só calc | W5: =IF(AND(ISNUMBER(Calc_AuV!W5),ISNUMBER(Manual_AuV!W5)),Calc_AuV!W5/Manual_AuV!W5,IF(AND(ISNUMBER(Calc_AuV!W5),NOT(ISNUMBER(Manual_AuV!W5))),"só calc",IF(AND(ISNUMBER(Manual_AuV!W5),NOT(ISNUMBER(Calc_AuV!W5))),"só manual","sem valor"))) -> só calc
A6: ab | B6: =Calc_AuV!B6 -> Pd Folha tomate 3 | C6: =IF(AND(ISNUMBER(Calc_AuV!C6),ISNUMBER(Manual_AuV!C6)),Calc_AuV!C6/Manual_AuV!C6,IF(AND(ISNUMBER(Calc_AuV!C6),NOT(ISNUMBER(Manual_AuV!C6))),"só calc",IF(AND(ISNUMBER(Manual_AuV!C6),NOT(ISNUMBER(Calc_AuV!C6))),"só manual","sem valor"))) -> 1 | D6: =IF(AND(ISNUMBER(Calc_AuV!D6),ISNUMBER(Manual_AuV!D6)),Calc_AuV!D6/Manual_AuV!D6,IF(AND(ISNUMBER(Calc_AuV!D6),NOT(ISNUMBER(Manual_AuV!D6))),"só calc",IF(AND(ISNUMBER(Manual_AuV!D6),NOT(ISNUMBER(Calc_AuV!D6))),"só manual","sem valor"))) -> 1 | E6: =IF(AND(ISNUMBER(Calc_AuV!E6),ISNUMBER(Manual_AuV!E6)),Calc_AuV!E6/Manual_AuV!E6,IF(AND(ISNUMBER(Calc_AuV!E6),NOT(ISNUMBER(Manual_AuV!E6))),"só calc",IF(AND(ISNUMBER(Manual_AuV!E6),NOT(ISNUMBER(Calc_AuV!E6))),"só manual","sem valor"))) -> 1 | F6: =IF(AND(ISNUMBER(Calc_AuV!F6),ISNUMBER(Manual_AuV!F6)),Calc_AuV!F6/Manual_AuV!F6,IF(AND(ISNUMBER(Calc_AuV!F6),NOT(ISNUMBER(Manual_AuV!F6))),"só calc",IF(AND(ISNUMBER(Manual_AuV!F6),NOT(ISNUMBER(Calc_AuV!F6))),"só manual","sem valor"))) -> 1 | G6: =IF(AND(ISNUMBER(Calc_AuV!G6),ISNUMBER(Manual_AuV!G6)),Calc_AuV!G6/Manual_AuV!G6,IF(AND(ISNUMBER(Calc_AuV!G6),NOT(ISNUMBER(Manual_AuV!G6))),"só calc",IF(AND(ISNUMBER(Manual_AuV!G6),NOT(ISNUMBER(Calc_AuV!G6))),"só manual","sem valor"))) -> 1 | H6: =IF(AND(ISNUMBER(Calc_AuV!H6),ISNUMBER(Manual_AuV!H6)),Calc_AuV!H6/Manual_AuV!H6,IF(AND(ISNUMBER(Calc_AuV!H6),NOT(ISNUMBER(Manual_AuV!H6))),"só calc",IF(AND(ISNUMBER(Manual_AuV!H6),NOT(ISNUMBER(Calc_AuV!H6))),"só manual","sem valor"))) -> 1 | I6: =IF(AND(ISNUMBER(Calc_AuV!I6),ISNUMBER(Manual_AuV!I6)),Calc_AuV!I6/Manual_AuV!I6,IF(AND(ISNUMBER(Calc_AuV!I6),NOT(ISNUMBER(Manual_AuV!I6))),"só calc",IF(AND(ISNUMBER(Manual_AuV!I6),NOT(ISNUMBER(Calc_AuV!I6))),"só manual","sem valor"))) -> 1 | J6: =IF(AND(ISNUMBER(Calc_AuV!J6),ISNUMBER(Manual_AuV!J6)),Calc_AuV!J6/Manual_AuV!J6,IF(AND(ISNUMBER(Calc_AuV!J6),NOT(ISNUMBER(Manual_AuV!J6))),"só calc",IF(AND(ISNUMBER(Manual_AuV!J6),NOT(ISNUMBER(Calc_AuV!J6))),"só manual","sem valor"))) -> 1 | ... X6: =IF(AND(ISNUMBER(Calc_AuV!X6),ISNUMBER(Manual_AuV!X6)),Calc_AuV!X6/Manual_AuV!X6,IF(AND(ISNUMBER(Calc_AuV!X6),NOT(ISNUMBER(Manual_AuV!X6))),"só calc",IF(AND(ISNUMBER(Manual_AuV!X6),NOT(ISNUMBER(Calc_AuV!X6))),"só manual","sem valor"))) -> 1
A7: ac | B7: =Calc_AuV!B7 -> R2 | C7: =IF(AND(ISNUMBER(Calc_AuV!C7),ISNUMBER(Manual_AuV!C7)),Calc_AuV!C7/Manual_AuV!C7,IF(AND(ISNUMBER(Calc_AuV!C7),NOT(ISNUMBER(Manual_AuV!C7))),"só calc",IF(AND(ISNUMBER(Manual_AuV!C7),NOT(ISNUMBER(Calc_AuV!C7))),"só manual","sem valor"))) -> 1 | D7: =IF(AND(ISNUMBER(Calc_AuV!D7),ISNUMBER(Manual_AuV!D7)),Calc_AuV!D7/Manual_AuV!D7,IF(AND(ISNUMBER(Calc_AuV!D7),NOT(ISNUMBER(Manual_AuV!D7))),"só calc",IF(AND(ISNUMBER(Manual_AuV!D7),NOT(ISNUMBER(Calc_AuV!D7))),"só manual","sem valor"))) -> 0.99812239 | E7: =IF(AND(ISNUMBER(Calc_AuV!E7),ISNUMBER(Manual_AuV!E7)),Calc_AuV!E7/Manual_AuV!E7,IF(AND(ISNUMBER(Calc_AuV!E7),NOT(ISNUMBER(Manual_AuV!E7))),"só calc",IF(AND(ISNUMBER(Manual_AuV!E7),NOT(ISNUMBER(Calc_AuV!E7))),"só manual","sem valor"))) -> 1 | F7: =IF(AND(ISNUMBER(Calc_AuV!F7),ISNUMBER(Manual_AuV!F7)),Calc_AuV!F7/Manual_AuV!F7,IF(AND(ISNUMBER(Calc_AuV!F7),NOT(ISNUMBER(Manual_AuV!F7))),"só calc",IF(AND(ISNUMBER(Manual_AuV!F7),NOT(ISNUMBER(Calc_AuV!F7))),"só manual","sem valor"))) -> 1.0014211 | G7: =IF(AND(ISNUMBER(Calc_AuV!G7),ISNUMBER(Manual_AuV!G7)),Calc_AuV!G7/Manual_AuV!G7,IF(AND(ISNUMBER(Calc_AuV!G7),NOT(ISNUMBER(Manual_AuV!G7))),"só calc",IF(AND(ISNUMBER(Manual_AuV!G7),NOT(ISNUMBER(Calc_AuV!G7))),"só manual","sem valor"))) -> 1 | H7: =IF(AND(ISNUMBER(Calc_AuV!H7),ISNUMBER(Manual_AuV!H7)),Calc_AuV!H7/Manual_AuV!H7,IF(AND(ISNUMBER(Calc_AuV!H7),NOT(ISNUMBER(Manual_AuV!H7))),"só calc",IF(AND(ISNUMBER(Manual_AuV!H7),NOT(ISNUMBER(Calc_AuV!H7))),"só manual","sem valor"))) -> 0.99987828 | I7: =IF(AND(ISNUMBER(Calc_AuV!I7),ISNUMBER(Manual_AuV!I7)),Calc_AuV!I7/Manual_AuV!I7,IF(AND(ISNUMBER(Calc_AuV!I7),NOT(ISNUMBER(Manual_AuV!I7))),"só calc",IF(AND(ISNUMBER(Manual_AuV!I7),NOT(ISNUMBER(Calc_AuV!I7))),"só manual","sem valor"))) -> 1 | J7: =IF(AND(ISNUMBER(Calc_AuV!J7),ISNUMBER(Manual_AuV!J7)),Calc_AuV!J7/Manual_AuV!J7,IF(AND(ISNUMBER(Calc_AuV!J7),NOT(ISNUMBER(Manual_AuV!J7))),"só calc",IF(AND(ISNUMBER(Manual_AuV!J7),NOT(ISNUMBER(Calc_AuV!J7))),"só manual","sem valor"))) -> 0.99950985 | ... X7: =IF(AND(ISNUMBER(Calc_AuV!X7),ISNUMBER(Manual_AuV!X7)),Calc_AuV!X7/Manual_AuV!X7,IF(AND(ISNUMBER(Calc_AuV!X7),NOT(ISNUMBER(Manual_AuV!X7))),"só calc",IF(AND(ISNUMBER(Manual_AuV!X7),NOT(ISNUMBER(Calc_AuV!X7))),"só manual","sem valor"))) -> 1.0005959
A8: ad | B8: =Calc_AuV!B8 -> R3 | C8: =IF(AND(ISNUMBER(Calc_AuV!C8),ISNUMBER(Manual_AuV!C8)),Calc_AuV!C8/Manual_AuV!C8,IF(AND(ISNUMBER(Calc_AuV!C8),NOT(ISNUMBER(Manual_AuV!C8))),"só calc",IF(AND(ISNUMBER(Manual_AuV!C8),NOT(ISNUMBER(Calc_AuV!C8))),"só manual","sem valor"))) -> 1 | D8: =IF(AND(ISNUMBER(Calc_AuV!D8),ISNUMBER(Manual_AuV!D8)),Calc_AuV!D8/Manual_AuV!D8,IF(AND(ISNUMBER(Calc_AuV!D8),NOT(ISNUMBER(Manual_AuV!D8))),"só calc",IF(AND(ISNUMBER(Manual_AuV!D8),NOT(ISNUMBER(Calc_AuV!D8))),"só manual","sem valor"))) -> 0.99913203 | E8: =IF(AND(ISNUMBER(Calc_AuV!E8),ISNUMBER(Manual_AuV!E8)),Calc_AuV!E8/Manual_AuV!E8,IF(AND(ISNUMBER(Calc_AuV!E8),NOT(ISNUMBER(Manual_AuV!E8))),"só calc",IF(AND(ISNUMBER(Manual_AuV!E8),NOT(ISNUMBER(Calc_AuV!E8))),"só manual","sem valor"))) -> 1 | F8: =IF(AND(ISNUMBER(Calc_AuV!F8),ISNUMBER(Manual_AuV!F8)),Calc_AuV!F8/Manual_AuV!F8,IF(AND(ISNUMBER(Calc_AuV!F8),NOT(ISNUMBER(Manual_AuV!F8))),"só calc",IF(AND(ISNUMBER(Manual_AuV!F8),NOT(ISNUMBER(Calc_AuV!F8))),"só manual","sem valor"))) -> 1.0009807 | G8: =IF(AND(ISNUMBER(Calc_AuV!G8),ISNUMBER(Manual_AuV!G8)),Calc_AuV!G8/Manual_AuV!G8,IF(AND(ISNUMBER(Calc_AuV!G8),NOT(ISNUMBER(Manual_AuV!G8))),"só calc",IF(AND(ISNUMBER(Manual_AuV!G8),NOT(ISNUMBER(Calc_AuV!G8))),"só manual","sem valor"))) -> 1 | H8: =IF(AND(ISNUMBER(Calc_AuV!H8),ISNUMBER(Manual_AuV!H8)),Calc_AuV!H8/Manual_AuV!H8,IF(AND(ISNUMBER(Calc_AuV!H8),NOT(ISNUMBER(Manual_AuV!H8))),"só calc",IF(AND(ISNUMBER(Manual_AuV!H8),NOT(ISNUMBER(Calc_AuV!H8))),"só manual","sem valor"))) -> 1.0002679 | I8: =IF(AND(ISNUMBER(Calc_AuV!I8),ISNUMBER(Manual_AuV!I8)),Calc_AuV!I8/Manual_AuV!I8,IF(AND(ISNUMBER(Calc_AuV!I8),NOT(ISNUMBER(Manual_AuV!I8))),"só calc",IF(AND(ISNUMBER(Manual_AuV!I8),NOT(ISNUMBER(Calc_AuV!I8))),"só manual","sem valor"))) -> 1 | J8: =IF(AND(ISNUMBER(Calc_AuV!J8),ISNUMBER(Manual_AuV!J8)),Calc_AuV!J8/Manual_AuV!J8,IF(AND(ISNUMBER(Calc_AuV!J8),NOT(ISNUMBER(Manual_AuV!J8))),"só calc",IF(AND(ISNUMBER(Manual_AuV!J8),NOT(ISNUMBER(Calc_AuV!J8))),"só manual","sem valor"))) -> 1.0008916 | ... X8: =IF(AND(ISNUMBER(Calc_AuV!X8),ISNUMBER(Manual_AuV!X8)),Calc_AuV!X8/Manual_AuV!X8,IF(AND(ISNUMBER(Calc_AuV!X8),NOT(ISNUMBER(Manual_AuV!X8))),"só calc",IF(AND(ISNUMBER(Manual_AuV!X8),NOT(ISNUMBER(Calc_AuV!X8))),"só manual","sem valor"))) -> 0.99991441
A9: ae | B9: =Calc_AuV!B9 -> R4 | C9: =IF(AND(ISNUMBER(Calc_AuV!C9),ISNUMBER(Manual_AuV!C9)),Calc_AuV!C9/Manual_AuV!C9,IF(AND(ISNUMBER(Calc_AuV!C9),NOT(ISNUMBER(Manual_AuV!C9))),"só calc",IF(AND(ISNUMBER(Manual_AuV!C9),NOT(ISNUMBER(Calc_AuV!C9))),"só manual","sem valor"))) -> 1 | D9: =IF(AND(ISNUMBER(Calc_AuV!D9),ISNUMBER(Manual_AuV!D9)),Calc_AuV!D9/Manual_AuV!D9,IF(AND(ISNUMBER(Calc_AuV!D9),NOT(ISNUMBER(Manual_AuV!D9))),"só calc",IF(AND(ISNUMBER(Manual_AuV!D9),NOT(ISNUMBER(Calc_AuV!D9))),"só manual","sem valor"))) -> 0.99909697 | E9: =IF(AND(ISNUMBER(Calc_AuV!E9),ISNUMBER(Manual_AuV!E9)),Calc_AuV!E9/Manual_AuV!E9,IF(AND(ISNUMBER(Calc_AuV!E9),NOT(ISNUMBER(Manual_AuV!E9))),"só calc",IF(AND(ISNUMBER(Manual_AuV!E9),NOT(ISNUMBER(Calc_AuV!E9))),"só manual","sem valor"))) -> 1 | F9: =IF(AND(ISNUMBER(Calc_AuV!F9),ISNUMBER(Manual_AuV!F9)),Calc_AuV!F9/Manual_AuV!F9,IF(AND(ISNUMBER(Calc_AuV!F9),NOT(ISNUMBER(Manual_AuV!F9))),"só calc",IF(AND(ISNUMBER(Manual_AuV!F9),NOT(ISNUMBER(Calc_AuV!F9))),"só manual","sem valor"))) -> 0.99683778 | G9: =IF(AND(ISNUMBER(Calc_AuV!G9),ISNUMBER(Manual_AuV!G9)),Calc_AuV!G9/Manual_AuV!G9,IF(AND(ISNUMBER(Calc_AuV!G9),NOT(ISNUMBER(Manual_AuV!G9))),"só calc",IF(AND(ISNUMBER(Manual_AuV!G9),NOT(ISNUMBER(Calc_AuV!G9))),"só manual","sem valor"))) -> 1 | H9: =IF(AND(ISNUMBER(Calc_AuV!H9),ISNUMBER(Manual_AuV!H9)),Calc_AuV!H9/Manual_AuV!H9,IF(AND(ISNUMBER(Calc_AuV!H9),NOT(ISNUMBER(Manual_AuV!H9))),"só calc",IF(AND(ISNUMBER(Manual_AuV!H9),NOT(ISNUMBER(Calc_AuV!H9))),"só manual","sem valor"))) -> 0.99993581 | I9: =IF(AND(ISNUMBER(Calc_AuV!I9),ISNUMBER(Manual_AuV!I9)),Calc_AuV!I9/Manual_AuV!I9,IF(AND(ISNUMBER(Calc_AuV!I9),NOT(ISNUMBER(Manual_AuV!I9))),"só calc",IF(AND(ISNUMBER(Manual_AuV!I9),NOT(ISNUMBER(Calc_AuV!I9))),"só manual","sem valor"))) -> 1 | J9: =IF(AND(ISNUMBER(Calc_AuV!J9),ISNUMBER(Manual_AuV!J9)),Calc_AuV!J9/Manual_AuV!J9,IF(AND(ISNUMBER(Calc_AuV!J9),NOT(ISNUMBER(Manual_AuV!J9))),"só calc",IF(AND(ISNUMBER(Manual_AuV!J9),NOT(ISNUMBER(Calc_AuV!J9))),"só manual","sem valor"))) -> 1.0009575 | ... X9: =IF(AND(ISNUMBER(Calc_AuV!X9),ISNUMBER(Manual_AuV!X9)),Calc_AuV!X9/Manual_AuV!X9,IF(AND(ISNUMBER(Calc_AuV!X9),NOT(ISNUMBER(Manual_AuV!X9))),"só calc",IF(AND(ISNUMBER(Manual_AuV!X9),NOT(ISNUMBER(Calc_AuV!X9))),"só manual","sem valor"))) -> 0.99958826
A10: af | B10: =Calc_AuV!B10 -> R5 | C10: =IF(AND(ISNUMBER(Calc_AuV!C10),ISNUMBER(Manual_AuV!C10)),Calc_AuV!C10/Manual_AuV!C10,IF(AND(ISNUMBER(Calc_AuV!C10),NOT(ISNUMBER(Manual_AuV!C10))),"só calc",IF(AND(ISNUMBER(Manual_AuV!C10),NOT(ISNUMBER(Calc_AuV!C10))),"só manual","sem valor"))) -> 1 | D10: =IF(AND(ISNUMBER(Calc_AuV!D10),ISNUMBER(Manual_AuV!D10)),Calc_AuV!D10/Manual_AuV!D10,IF(AND(ISNUMBER(Calc_AuV!D10),NOT(ISNUMBER(Manual_AuV!D10))),"só calc",IF(AND(ISNUMBER(Manual_AuV!D10),NOT(ISNUMBER(Calc_AuV!D10))),"só manual","sem valor"))) -> 0.9917613 | E10: =IF(AND(ISNUMBER(Calc_AuV!E10),ISNUMBER(Manual_AuV!E10)),Calc_AuV!E10/Manual_AuV!E10,IF(AND(ISNUMBER(Calc_AuV!E10),NOT(ISNUMBER(Manual_AuV!E10))),"só calc",IF(AND(ISNUMBER(Manual_AuV!E10),NOT(ISNUMBER(Calc_AuV!E10))),"só manual","sem valor"))) -> 1 | F10: =IF(AND(ISNUMBER(Calc_AuV!F10),ISNUMBER(Manual_AuV!F10)),Calc_AuV!F10/Manual_AuV!F10,IF(AND(ISNUMBER(Calc_AuV!F10),NOT(ISNUMBER(Manual_AuV!F10))),"só calc",IF(AND(ISNUMBER(Manual_AuV!F10),NOT(ISNUMBER(Calc_AuV!F10))),"só manual","sem valor"))) -> 0.99854201 | G10: =IF(AND(ISNUMBER(Calc_AuV!G10),ISNUMBER(Manual_AuV!G10)),Calc_AuV!G10/Manual_AuV!G10,IF(AND(ISNUMBER(Calc_AuV!G10),NOT(ISNUMBER(Manual_AuV!G10))),"só calc",IF(AND(ISNUMBER(Manual_AuV!G10),NOT(ISNUMBER(Calc_AuV!G10))),"só manual","sem valor"))) -> 1 | H10: =IF(AND(ISNUMBER(Calc_AuV!H10),ISNUMBER(Manual_AuV!H10)),Calc_AuV!H10/Manual_AuV!H10,IF(AND(ISNUMBER(Calc_AuV!H10),NOT(ISNUMBER(Manual_AuV!H10))),"só calc",IF(AND(ISNUMBER(Manual_AuV!H10),NOT(ISNUMBER(Calc_AuV!H10))),"só manual","sem valor"))) -> 0.99997712 | I10: =IF(AND(ISNUMBER(Calc_AuV!I10),ISNUMBER(Manual_AuV!I10)),Calc_AuV!I10/Manual_AuV!I10,IF(AND(ISNUMBER(Calc_AuV!I10),NOT(ISNUMBER(Manual_AuV!I10))),"só calc",IF(AND(ISNUMBER(Manual_AuV!I10),NOT(ISNUMBER(Calc_AuV!I10))),"só manual","sem valor"))) -> 1 | J10: =IF(AND(ISNUMBER(Calc_AuV!J10),ISNUMBER(Manual_AuV!J10)),Calc_AuV!J10/Manual_AuV!J10,IF(AND(ISNUMBER(Calc_AuV!J10),NOT(ISNUMBER(Manual_AuV!J10))),"só calc",IF(AND(ISNUMBER(Manual_AuV!J10),NOT(ISNUMBER(Calc_AuV!J10))),"só manual","sem valor"))) -> 0.99953964 | ... X10: =IF(AND(ISNUMBER(Calc_AuV!X10),ISNUMBER(Manual_AuV!X10)),Calc_AuV!X10/Manual_AuV!X10,IF(AND(ISNUMBER(Calc_AuV!X10),NOT(ISNUMBER(Manual_AuV!X10))),"só calc",IF(AND(ISNUMBER(Manual_AuV!X10),NOT(ISNUMBER(Calc_AuV!X10))),"só manual","sem valor"))) -> 1.0003173
A11: ag | B11: =Calc_AuV!B11 -> R6 | C11: =IF(AND(ISNUMBER(Calc_AuV!C11),ISNUMBER(Manual_AuV!C11)),Calc_AuV!C11/Manual_AuV!C11,IF(AND(ISNUMBER(Calc_AuV!C11),NOT(ISNUMBER(Manual_AuV!C11))),"só calc",IF(AND(ISNUMBER(Manual_AuV!C11),NOT(ISNUMBER(Calc_AuV!C11))),"só manual","sem valor"))) -> 1 | D11: =IF(AND(ISNUMBER(Calc_AuV!D11),ISNUMBER(Manual_AuV!D11)),Calc_AuV!D11/Manual_AuV!D11,IF(AND(ISNUMBER(Calc_AuV!D11),NOT(ISNUMBER(Manual_AuV!D11))),"só calc",IF(AND(ISNUMBER(Manual_AuV!D11),NOT(ISNUMBER(Calc_AuV!D11))),"só manual","sem valor"))) -> 0.992452 | E11: =IF(AND(ISNUMBER(Calc_AuV!E11),ISNUMBER(Manual_AuV!E11)),Calc_AuV!E11/Manual_AuV!E11,IF(AND(ISNUMBER(Calc_AuV!E11),NOT(ISNUMBER(Manual_AuV!E11))),"só calc",IF(AND(ISNUMBER(Manual_AuV!E11),NOT(ISNUMBER(Calc_AuV!E11))),"só manual","sem valor"))) -> 1 | F11: =IF(AND(ISNUMBER(Calc_AuV!F11),ISNUMBER(Manual_AuV!F11)),Calc_AuV!F11/Manual_AuV!F11,IF(AND(ISNUMBER(Calc_AuV!F11),NOT(ISNUMBER(Manual_AuV!F11))),"só calc",IF(AND(ISNUMBER(Manual_AuV!F11),NOT(ISNUMBER(Calc_AuV!F11))),"só manual","sem valor"))) -> 0.99473317 | G11: =IF(AND(ISNUMBER(Calc_AuV!G11),ISNUMBER(Manual_AuV!G11)),Calc_AuV!G11/Manual_AuV!G11,IF(AND(ISNUMBER(Calc_AuV!G11),NOT(ISNUMBER(Manual_AuV!G11))),"só calc",IF(AND(ISNUMBER(Manual_AuV!G11),NOT(ISNUMBER(Calc_AuV!G11))),"só manual","sem valor"))) -> 1 | H11: =IF(AND(ISNUMBER(Calc_AuV!H11),ISNUMBER(Manual_AuV!H11)),Calc_AuV!H11/Manual_AuV!H11,IF(AND(ISNUMBER(Calc_AuV!H11),NOT(ISNUMBER(Manual_AuV!H11))),"só calc",IF(AND(ISNUMBER(Manual_AuV!H11),NOT(ISNUMBER(Calc_AuV!H11))),"só manual","sem valor"))) -> 1.0000639 | I11: =IF(AND(ISNUMBER(Calc_AuV!I11),ISNUMBER(Manual_AuV!I11)),Calc_AuV!I11/Manual_AuV!I11,IF(AND(ISNUMBER(Calc_AuV!I11),NOT(ISNUMBER(Manual_AuV!I11))),"só calc",IF(AND(ISNUMBER(Manual_AuV!I11),NOT(ISNUMBER(Calc_AuV!I11))),"só manual","sem valor"))) -> 1 | J11: =IF(AND(ISNUMBER(Calc_AuV!J11),ISNUMBER(Manual_AuV!J11)),Calc_AuV!J11/Manual_AuV!J11,IF(AND(ISNUMBER(Calc_AuV!J11),NOT(ISNUMBER(Manual_AuV!J11))),"só calc",IF(AND(ISNUMBER(Manual_AuV!J11),NOT(ISNUMBER(Calc_AuV!J11))),"só manual","sem valor"))) -> 1.0004463 | ... X11: =IF(AND(ISNUMBER(Calc_AuV!X11),ISNUMBER(Manual_AuV!X11)),Calc_AuV!X11/Manual_AuV!X11,IF(AND(ISNUMBER(Calc_AuV!X11),NOT(ISNUMBER(Manual_AuV!X11))),"só calc",IF(AND(ISNUMBER(Manual_AuV!X11),NOT(ISNUMBER(Calc_AuV!X11))),"só manual","sem valor"))) -> 1.0000384
A12: ah | B12: =Calc_AuV!B12 -> R7 | C12: =IF(AND(ISNUMBER(Calc_AuV!C12),ISNUMBER(Manual_AuV!C12)),Calc_AuV!C12/Manual_AuV!C12,IF(AND(ISNUMBER(Calc_AuV!C12),NOT(ISNUMBER(Manual_AuV!C12))),"só calc",IF(AND(ISNUMBER(Manual_AuV!C12),NOT(ISNUMBER(Calc_AuV!C12))),"só manual","sem valor"))) -> 1 | D12: =IF(AND(ISNUMBER(Calc_AuV!D12),ISNUMBER(Manual_AuV!D12)),Calc_AuV!D12/Manual_AuV!D12,IF(AND(ISNUMBER(Calc_AuV!D12),NOT(ISNUMBER(Manual_AuV!D12))),"só calc",IF(AND(ISNUMBER(Manual_AuV!D12),NOT(ISNUMBER(Calc_AuV!D12))),"só manual","sem valor"))) -> 1.0076998 | E12: =IF(AND(ISNUMBER(Calc_AuV!E12),ISNUMBER(Manual_AuV!E12)),Calc_AuV!E12/Manual_AuV!E12,IF(AND(ISNUMBER(Calc_AuV!E12),NOT(ISNUMBER(Manual_AuV!E12))),"só calc",IF(AND(ISNUMBER(Manual_AuV!E12),NOT(ISNUMBER(Calc_AuV!E12))),"só manual","sem valor"))) -> 1 | F12: =IF(AND(ISNUMBER(Calc_AuV!F12),ISNUMBER(Manual_AuV!F12)),Calc_AuV!F12/Manual_AuV!F12,IF(AND(ISNUMBER(Calc_AuV!F12),NOT(ISNUMBER(Manual_AuV!F12))),"só calc",IF(AND(ISNUMBER(Manual_AuV!F12),NOT(ISNUMBER(Calc_AuV!F12))),"só manual","sem valor"))) -> 1.0000877 | G12: =IF(AND(ISNUMBER(Calc_AuV!G12),ISNUMBER(Manual_AuV!G12)),Calc_AuV!G12/Manual_AuV!G12,IF(AND(ISNUMBER(Calc_AuV!G12),NOT(ISNUMBER(Manual_AuV!G12))),"só calc",IF(AND(ISNUMBER(Manual_AuV!G12),NOT(ISNUMBER(Calc_AuV!G12))),"só manual","sem valor"))) -> 1 | H12: =IF(AND(ISNUMBER(Calc_AuV!H12),ISNUMBER(Manual_AuV!H12)),Calc_AuV!H12/Manual_AuV!H12,IF(AND(ISNUMBER(Calc_AuV!H12),NOT(ISNUMBER(Manual_AuV!H12))),"só calc",IF(AND(ISNUMBER(Manual_AuV!H12),NOT(ISNUMBER(Calc_AuV!H12))),"só manual","sem valor"))) -> 1.0002031 | I12: =IF(AND(ISNUMBER(Calc_AuV!I12),ISNUMBER(Manual_AuV!I12)),Calc_AuV!I12/Manual_AuV!I12,IF(AND(ISNUMBER(Calc_AuV!I12),NOT(ISNUMBER(Manual_AuV!I12))),"só calc",IF(AND(ISNUMBER(Manual_AuV!I12),NOT(ISNUMBER(Calc_AuV!I12))),"só manual","sem valor"))) -> 1 | J12: =IF(AND(ISNUMBER(Calc_AuV!J12),ISNUMBER(Manual_AuV!J12)),Calc_AuV!J12/Manual_AuV!J12,IF(AND(ISNUMBER(Calc_AuV!J12),NOT(ISNUMBER(Manual_AuV!J12))),"só calc",IF(AND(ISNUMBER(Manual_AuV!J12),NOT(ISNUMBER(Calc_AuV!J12))),"só manual","sem valor"))) -> 0.99966455 | ... X12: =IF(AND(ISNUMBER(Calc_AuV!X12),ISNUMBER(Manual_AuV!X12)),Calc_AuV!X12/Manual_AuV!X12,IF(AND(ISNUMBER(Calc_AuV!X12),NOT(ISNUMBER(Manual_AuV!X12))),"só calc",IF(AND(ISNUMBER(Manual_AuV!X12),NOT(ISNUMBER(Calc_AuV!X12))),"só manual","sem valor"))) -> 0.99975177
A13: ai | B13: =Calc_AuV!B13 -> R8 | C13: =IF(AND(ISNUMBER(Calc_AuV!C13),ISNUMBER(Manual_AuV!C13)),Calc_AuV!C13/Manual_AuV!C13,IF(AND(ISNUMBER(Calc_AuV!C13),NOT(ISNUMBER(Manual_AuV!C13))),"só calc",IF(AND(ISNUMBER(Manual_AuV!C13),NOT(ISNUMBER(Calc_AuV!C13))),"só manual","sem valor"))) -> 1 | D13: =IF(AND(ISNUMBER(Calc_AuV!D13),ISNUMBER(Manual_AuV!D13)),Calc_AuV!D13/Manual_AuV!D13,IF(AND(ISNUMBER(Calc_AuV!D13),NOT(ISNUMBER(Manual_AuV!D13))),"só calc",IF(AND(ISNUMBER(Manual_AuV!D13),NOT(ISNUMBER(Calc_AuV!D13))),"só manual","sem valor"))) -> 1.0054685 | E13: =IF(AND(ISNUMBER(Calc_AuV!E13),ISNUMBER(Manual_AuV!E13)),Calc_AuV!E13/Manual_AuV!E13,IF(AND(ISNUMBER(Calc_AuV!E13),NOT(ISNUMBER(Manual_AuV!E13))),"só calc",IF(AND(ISNUMBER(Manual_AuV!E13),NOT(ISNUMBER(Calc_AuV!E13))),"só manual","sem valor"))) -> 1 | F13: =IF(AND(ISNUMBER(Calc_AuV!F13),ISNUMBER(Manual_AuV!F13)),Calc_AuV!F13/Manual_AuV!F13,IF(AND(ISNUMBER(Calc_AuV!F13),NOT(ISNUMBER(Manual_AuV!F13))),"só calc",IF(AND(ISNUMBER(Manual_AuV!F13),NOT(ISNUMBER(Calc_AuV!F13))),"só manual","sem valor"))) -> 0.99990678 | G13: =IF(AND(ISNUMBER(Calc_AuV!G13),ISNUMBER(Manual_AuV!G13)),Calc_AuV!G13/Manual_AuV!G13,IF(AND(ISNUMBER(Calc_AuV!G13),NOT(ISNUMBER(Manual_AuV!G13))),"só calc",IF(AND(ISNUMBER(Manual_AuV!G13),NOT(ISNUMBER(Calc_AuV!G13))),"só manual","sem valor"))) -> 1 | H13: =IF(AND(ISNUMBER(Calc_AuV!H13),ISNUMBER(Manual_AuV!H13)),Calc_AuV!H13/Manual_AuV!H13,IF(AND(ISNUMBER(Calc_AuV!H13),NOT(ISNUMBER(Manual_AuV!H13))),"só calc",IF(AND(ISNUMBER(Manual_AuV!H13),NOT(ISNUMBER(Calc_AuV!H13))),"só manual","sem valor"))) -> 0.99982488 | I13: =IF(AND(ISNUMBER(Calc_AuV!I13),ISNUMBER(Manual_AuV!I13)),Calc_AuV!I13/Manual_AuV!I13,IF(AND(ISNUMBER(Calc_AuV!I13),NOT(ISNUMBER(Manual_AuV!I13))),"só calc",IF(AND(ISNUMBER(Manual_AuV!I13),NOT(ISNUMBER(Calc_AuV!I13))),"só manual","sem valor"))) -> 1 | J13: =IF(AND(ISNUMBER(Calc_AuV!J13),ISNUMBER(Manual_AuV!J13)),Calc_AuV!J13/Manual_AuV!J13,IF(AND(ISNUMBER(Calc_AuV!J13),NOT(ISNUMBER(Manual_AuV!J13))),"só calc",IF(AND(ISNUMBER(Manual_AuV!J13),NOT(ISNUMBER(Calc_AuV!J13))),"só manual","sem valor"))) -> 1.0006748 | ... X13: =IF(AND(ISNUMBER(Calc_AuV!X13),ISNUMBER(Manual_AuV!X13)),Calc_AuV!X13/Manual_AuV!X13,IF(AND(ISNUMBER(Calc_AuV!X13),NOT(ISNUMBER(Manual_AuV!X13))),"só calc",IF(AND(ISNUMBER(Manual_AuV!X13),NOT(ISNUMBER(Calc_AuV!X13))),"só manual","sem valor"))) -> 0.9999249
A14: aj | B14: =Calc_AuV!B14 -> R9 | C14: =IF(AND(ISNUMBER(Calc_AuV!C14),ISNUMBER(Manual_AuV!C14)),Calc_AuV!C14/Manual_AuV!C14,IF(AND(ISNUMBER(Calc_AuV!C14),NOT(ISNUMBER(Manual_AuV!C14))),"só calc",IF(AND(ISNUMBER(Manual_AuV!C14),NOT(ISNUMBER(Calc_AuV!C14))),"só manual","sem valor"))) -> 1 | D14: =IF(AND(ISNUMBER(Calc_AuV!D14),ISNUMBER(Manual_AuV!D14)),Calc_AuV!D14/Manual_AuV!D14,IF(AND(ISNUMBER(Calc_AuV!D14),NOT(ISNUMBER(Manual_AuV!D14))),"só calc",IF(AND(ISNUMBER(Manual_AuV!D14),NOT(ISNUMBER(Calc_AuV!D14))),"só manual","sem valor"))) -> 0.99916788 | E14: =IF(AND(ISNUMBER(Calc_AuV!E14),ISNUMBER(Manual_AuV!E14)),Calc_AuV!E14/Manual_AuV!E14,IF(AND(ISNUMBER(Calc_AuV!E14),NOT(ISNUMBER(Manual_AuV!E14))),"só calc",IF(AND(ISNUMBER(Manual_AuV!E14),NOT(ISNUMBER(Calc_AuV!E14))),"só manual","sem valor"))) -> 1 | F14: =IF(AND(ISNUMBER(Calc_AuV!F14),ISNUMBER(Manual_AuV!F14)),Calc_AuV!F14/Manual_AuV!F14,IF(AND(ISNUMBER(Calc_AuV!F14),NOT(ISNUMBER(Manual_AuV!F14))),"só calc",IF(AND(ISNUMBER(Manual_AuV!F14),NOT(ISNUMBER(Calc_AuV!F14))),"só manual","sem valor"))) -> 1.0030665 | G14: =IF(AND(ISNUMBER(Calc_AuV!G14),ISNUMBER(Manual_AuV!G14)),Calc_AuV!G14/Manual_AuV!G14,IF(AND(ISNUMBER(Calc_AuV!G14),NOT(ISNUMBER(Manual_AuV!G14))),"só calc",IF(AND(ISNUMBER(Manual_AuV!G14),NOT(ISNUMBER(Calc_AuV!G14))),"só manual","sem valor"))) -> 1 | H14: =IF(AND(ISNUMBER(Calc_AuV!H14),ISNUMBER(Manual_AuV!H14)),Calc_AuV!H14/Manual_AuV!H14,IF(AND(ISNUMBER(Calc_AuV!H14),NOT(ISNUMBER(Manual_AuV!H14))),"só calc",IF(AND(ISNUMBER(Manual_AuV!H14),NOT(ISNUMBER(Calc_AuV!H14))),"só manual","sem valor"))) -> 0.99994556 | I14: =IF(AND(ISNUMBER(Calc_AuV!I14),ISNUMBER(Manual_AuV!I14)),Calc_AuV!I14/Manual_AuV!I14,IF(AND(ISNUMBER(Calc_AuV!I14),NOT(ISNUMBER(Manual_AuV!I14))),"só calc",IF(AND(ISNUMBER(Manual_AuV!I14),NOT(ISNUMBER(Calc_AuV!I14))),"só manual","sem valor"))) -> 1 | J14: =IF(AND(ISNUMBER(Calc_AuV!J14),ISNUMBER(Manual_AuV!J14)),Calc_AuV!J14/Manual_AuV!J14,IF(AND(ISNUMBER(Calc_AuV!J14),NOT(ISNUMBER(Manual_AuV!J14))),"só calc",IF(AND(ISNUMBER(Manual_AuV!J14),NOT(ISNUMBER(Calc_AuV!J14))),"só manual","sem valor"))) -> 0.99952488 | ... X14: =IF(AND(ISNUMBER(Calc_AuV!X14),ISNUMBER(Manual_AuV!X14)),Calc_AuV!X14/Manual_AuV!X14,IF(AND(ISNUMBER(Calc_AuV!X14),NOT(ISNUMBER(Manual_AuV!X14))),"só calc",IF(AND(ISNUMBER(Manual_AuV!X14),NOT(ISNUMBER(Calc_AuV!X14))),"só manual","sem valor"))) -> 0.9994054
A15: ak | B15: =Calc_AuV!B15 -> R10 | C15: =IF(AND(ISNUMBER(Calc_AuV!C15),ISNUMBER(Manual_AuV!C15)),Calc_AuV!C15/Manual_AuV!C15,IF(AND(ISNUMBER(Calc_AuV!C15),NOT(ISNUMBER(Manual_AuV!C15))),"só calc",IF(AND(ISNUMBER(Manual_AuV!C15),NOT(ISNUMBER(Calc_AuV!C15))),"só manual","sem valor"))) -> 1 | D15: =IF(AND(ISNUMBER(Calc_AuV!D15),ISNUMBER(Manual_AuV!D15)),Calc_AuV!D15/Manual_AuV!D15,IF(AND(ISNUMBER(Calc_AuV!D15),NOT(ISNUMBER(Manual_AuV!D15))),"só calc",IF(AND(ISNUMBER(Manual_AuV!D15),NOT(ISNUMBER(Calc_AuV!D15))),"só manual","sem valor"))) -> 0.99254017 | E15: =IF(AND(ISNUMBER(Calc_AuV!E15),ISNUMBER(Manual_AuV!E15)),Calc_AuV!E15/Manual_AuV!E15,IF(AND(ISNUMBER(Calc_AuV!E15),NOT(ISNUMBER(Manual_AuV!E15))),"só calc",IF(AND(ISNUMBER(Manual_AuV!E15),NOT(ISNUMBER(Calc_AuV!E15))),"só manual","sem valor"))) -> 1 | F15: =IF(AND(ISNUMBER(Calc_AuV!F15),ISNUMBER(Manual_AuV!F15)),Calc_AuV!F15/Manual_AuV!F15,IF(AND(ISNUMBER(Calc_AuV!F15),NOT(ISNUMBER(Manual_AuV!F15))),"só calc",IF(AND(ISNUMBER(Manual_AuV!F15),NOT(ISNUMBER(Calc_AuV!F15))),"só manual","sem valor"))) -> 1.0049872 | G15: =IF(AND(ISNUMBER(Calc_AuV!G15),ISNUMBER(Manual_AuV!G15)),Calc_AuV!G15/Manual_AuV!G15,IF(AND(ISNUMBER(Calc_AuV!G15),NOT(ISNUMBER(Manual_AuV!G15))),"só calc",IF(AND(ISNUMBER(Manual_AuV!G15),NOT(ISNUMBER(Calc_AuV!G15))),"só manual","sem valor"))) -> 1 | H15: =IF(AND(ISNUMBER(Calc_AuV!H15),ISNUMBER(Manual_AuV!H15)),Calc_AuV!H15/Manual_AuV!H15,IF(AND(ISNUMBER(Calc_AuV!H15),NOT(ISNUMBER(Manual_AuV!H15))),"só calc",IF(AND(ISNUMBER(Manual_AuV!H15),NOT(ISNUMBER(Calc_AuV!H15))),"só manual","sem valor"))) -> 0.99994715 | I15: =IF(AND(ISNUMBER(Calc_AuV!I15),ISNUMBER(Manual_AuV!I15)),Calc_AuV!I15/Manual_AuV!I15,IF(AND(ISNUMBER(Calc_AuV!I15),NOT(ISNUMBER(Manual_AuV!I15))),"só calc",IF(AND(ISNUMBER(Manual_AuV!I15),NOT(ISNUMBER(Calc_AuV!I15))),"só manual","sem valor"))) -> 1 | J15: =IF(AND(ISNUMBER(Calc_AuV!J15),ISNUMBER(Manual_AuV!J15)),Calc_AuV!J15/Manual_AuV!J15,IF(AND(ISNUMBER(Calc_AuV!J15),NOT(ISNUMBER(Manual_AuV!J15))),"só calc",IF(AND(ISNUMBER(Manual_AuV!J15),NOT(ISNUMBER(Calc_AuV!J15))),"só manual","sem valor"))) -> 0.99909085 | ... X15: =IF(AND(ISNUMBER(Calc_AuV!X15),ISNUMBER(Manual_AuV!X15)),Calc_AuV!X15/Manual_AuV!X15,IF(AND(ISNUMBER(Calc_AuV!X15),NOT(ISNUMBER(Manual_AuV!X15))),"só calc",IF(AND(ISNUMBER(Manual_AuV!X15),NOT(ISNUMBER(Calc_AuV!X15))),"só manual","sem valor"))) -> 1.0001429
A16: al | B16: =Calc_AuV!B16 -> R11 | C16: =IF(AND(ISNUMBER(Calc_AuV!C16),ISNUMBER(Manual_AuV!C16)),Calc_AuV!C16/Manual_AuV!C16,IF(AND(ISNUMBER(Calc_AuV!C16),NOT(ISNUMBER(Manual_AuV!C16))),"só calc",IF(AND(ISNUMBER(Manual_AuV!C16),NOT(ISNUMBER(Calc_AuV!C16))),"só manual","sem valor"))) -> 1 | D16: =IF(AND(ISNUMBER(Calc_AuV!D16),ISNUMBER(Manual_AuV!D16)),Calc_AuV!D16/Manual_AuV!D16,IF(AND(ISNUMBER(Calc_AuV!D16),NOT(ISNUMBER(Manual_AuV!D16))),"só calc",IF(AND(ISNUMBER(Manual_AuV!D16),NOT(ISNUMBER(Calc_AuV!D16))),"só manual","sem valor"))) -> 1.0086192 | E16: =IF(AND(ISNUMBER(Calc_AuV!E16),ISNUMBER(Manual_AuV!E16)),Calc_AuV!E16/Manual_AuV!E16,IF(AND(ISNUMBER(Calc_AuV!E16),NOT(ISNUMBER(Manual_AuV!E16))),"só calc",IF(AND(ISNUMBER(Manual_AuV!E16),NOT(ISNUMBER(Calc_AuV!E16))),"só manual","sem valor"))) -> 1 | F16: =IF(AND(ISNUMBER(Calc_AuV!F16),ISNUMBER(Manual_AuV!F16)),Calc_AuV!F16/Manual_AuV!F16,IF(AND(ISNUMBER(Calc_AuV!F16),NOT(ISNUMBER(Manual_AuV!F16))),"só calc",IF(AND(ISNUMBER(Manual_AuV!F16),NOT(ISNUMBER(Calc_AuV!F16))),"só manual","sem valor"))) -> 0.9939956 | G16: =IF(AND(ISNUMBER(Calc_AuV!G16),ISNUMBER(Manual_AuV!G16)),Calc_AuV!G16/Manual_AuV!G16,IF(AND(ISNUMBER(Calc_AuV!G16),NOT(ISNUMBER(Manual_AuV!G16))),"só calc",IF(AND(ISNUMBER(Manual_AuV!G16),NOT(ISNUMBER(Calc_AuV!G16))),"só manual","sem valor"))) -> 1 | H16: =IF(AND(ISNUMBER(Calc_AuV!H16),ISNUMBER(Manual_AuV!H16)),Calc_AuV!H16/Manual_AuV!H16,IF(AND(ISNUMBER(Calc_AuV!H16),NOT(ISNUMBER(Manual_AuV!H16))),"só calc",IF(AND(ISNUMBER(Manual_AuV!H16),NOT(ISNUMBER(Calc_AuV!H16))),"só manual","sem valor"))) -> 0.9998378 | I16: =IF(AND(ISNUMBER(Calc_AuV!I16),ISNUMBER(Manual_AuV!I16)),Calc_AuV!I16/Manual_AuV!I16,IF(AND(ISNUMBER(Calc_AuV!I16),NOT(ISNUMBER(Manual_AuV!I16))),"só calc",IF(AND(ISNUMBER(Manual_AuV!I16),NOT(ISNUMBER(Calc_AuV!I16))),"só manual","sem valor"))) -> 1 | J16: =IF(AND(ISNUMBER(Calc_AuV!J16),ISNUMBER(Manual_AuV!J16)),Calc_AuV!J16/Manual_AuV!J16,IF(AND(ISNUMBER(Calc_AuV!J16),NOT(ISNUMBER(Manual_AuV!J16))),"só calc",IF(AND(ISNUMBER(Manual_AuV!J16),NOT(ISNUMBER(Calc_AuV!J16))),"só manual","sem valor"))) -> 1.00025 | ... X16: =IF(AND(ISNUMBER(Calc_AuV!X16),ISNUMBER(Manual_AuV!X16)),Calc_AuV!X16/Manual_AuV!X16,IF(AND(ISNUMBER(Calc_AuV!X16),NOT(ISNUMBER(Manual_AuV!X16))),"só calc",IF(AND(ISNUMBER(Manual_AuV!X16),NOT(ISNUMBER(Calc_AuV!X16))),"só manual","sem valor"))) -> 1.0002134
A18: Média (R2–R11) | C18: =IF(COUNT(C7:C16)>=2,AVERAGE(C7:C16),"—") -> 1 | D18: =IF(COUNT(D7:D16)>=2,AVERAGE(D7:D16),"—") -> 0.99940602 | E18: =IF(COUNT(E7:E16)>=2,AVERAGE(E7:E16),"—") -> 1 | F18: =IF(COUNT(F7:F16)>=2,AVERAGE(F7:F16),"—") -> 0.99945584 | G18: =IF(COUNT(G7:G16)>=2,AVERAGE(G7:G16),"—") -> 1 | H18: =IF(COUNT(H7:H16)>=2,AVERAGE(H7:H16),"—") -> 0.99998815 | I18: =IF(COUNT(I7:I16)>=2,AVERAGE(I7:I16),"—") -> 1 | J18: =IF(COUNT(J7:J16)>=2,AVERAGE(J7:J16),"—") -> 1.000055 | ... X18: =IF(COUNT(X7:X16)>=2,AVERAGE(X7:X16),"—") -> 0.99998927
A19: Desvio padrão | C19: =IF(COUNT(C7:C16)>=2,STDEV(C7:C16),"—") -> 0 | D19: =IF(COUNT(D7:D16)>=2,STDEV(D7:D16),"—") -> 0.0062024879 | E19: =IF(COUNT(E7:E16)>=2,STDEV(E7:E16),"—") -> 0 | F19: =IF(COUNT(F7:F16)>=2,STDEV(F7:F16),"—") -> 0.0034996686 | G19: =IF(COUNT(G7:G16)>=2,STDEV(G7:G16),"—") -> 0 | H19: =IF(COUNT(H7:H16)>=2,STDEV(H7:H16),"—") -> 0.00014828414 | I19: =IF(COUNT(I7:I16)>=2,STDEV(I7:I16),"—") -> 0 | J19: =IF(COUNT(J7:J16)>=2,STDEV(J7:J16),"—") -> 0.0006679486 | ... X19: =IF(COUNT(X7:X16)>=2,STDEV(X7:X16),"—") -> 0.00035272741
A20: Mín. | C20: =IF(COUNT(C7:C16)>=2,MIN(C7:C16),"—") -> 1 | D20: =IF(COUNT(D7:D16)>=2,MIN(D7:D16),"—") -> 0.9917613 | E20: =IF(COUNT(E7:E16)>=2,MIN(E7:E16),"—") -> 1 | F20: =IF(COUNT(F7:F16)>=2,MIN(F7:F16),"—") -> 0.9939956 | G20: =IF(COUNT(G7:G16)>=2,MIN(G7:G16),"—") -> 1 | H20: =IF(COUNT(H7:H16)>=2,MIN(H7:H16),"—") -> 0.99982488 | I20: =IF(COUNT(I7:I16)>=2,MIN(I7:I16),"—") -> 1 | J20: =IF(COUNT(J7:J16)>=2,MIN(J7:J16),"—") -> 0.99909085 | ... X20: =IF(COUNT(X7:X16)>=2,MIN(X7:X16),"—") -> 0.9994054
A21: Máx. | C21: =IF(COUNT(C7:C16)>=2,MAX(C7:C16),"—") -> 1 | D21: =IF(COUNT(D7:D16)>=2,MAX(D7:D16),"—") -> 1.0086192 | E21: =IF(COUNT(E7:E16)>=2,MAX(E7:E16),"—") -> 1 | F21: =IF(COUNT(F7:F16)>=2,MAX(F7:F16),"—") -> 1.0049872 | G21: =IF(COUNT(G7:G16)>=2,MAX(G7:G16),"—") -> 1 | H21: =IF(COUNT(H7:H16)>=2,MAX(H7:H16),"—") -> 1.0002679 | I21: =IF(COUNT(I7:I16)>=2,MAX(I7:I16),"—") -> 1 | J21: =IF(COUNT(J7:J16)>=2,MAX(J7:J16),"—") -> 1.0009575 | ... X21: =IF(COUNT(X7:X16)>=2,MAX(X7:X16),"—") -> 1.0005959

Sheet Razão RhV
A1: Alvo RhV — razão Calculadora / Planilha convencional
A2: Valor esperado = 1. Verde: |razão − 1| ≤ tolerância; vermelho: fora da tolerância (definida no Leia-me).
C3: P | E3: S | G3: Cl | I3: K | K3: Ca | M3: Cr | O3: Mn | Q3: Fe | S3: Ni | U3: Cu | W3: Zn
A4: Medida | B4: Amostra | C4: C | D4: Erro | E4: C | F4: Erro | G4: C | H4: Erro | I4: C | J4: Erro | K4: C | L4: Erro | M4: C | N4: Erro | O4: C | P4: Erro | Q4: C | R4: Erro | S4: C | T4: Erro | U4: C | V4: Erro | W4: C | X4: Erro
A5: LD | C5: =IF(AND(ISNUMBER(Calc_RhV!C5),ISNUMBER(Manual_RhV!C5)),Calc_RhV!C5/Manual_RhV!C5,IF(AND(ISNUMBER(Calc_RhV!C5),NOT(ISNUMBER(Manual_RhV!C5))),"só calc",IF(AND(ISNUMBER(Manual_RhV!C5),NOT(ISNUMBER(Calc_RhV!C5))),"só manual","sem valor"))) -> 1 | E5: =IF(AND(ISNUMBER(Calc_RhV!E5),ISNUMBER(Manual_RhV!E5)),Calc_RhV!E5/Manual_RhV!E5,IF(AND(ISNUMBER(Calc_RhV!E5),NOT(ISNUMBER(Manual_RhV!E5))),"só calc",IF(AND(ISNUMBER(Manual_RhV!E5),NOT(ISNUMBER(Calc_RhV!E5))),"só manual","sem valor"))) -> 1 | G5: =IF(AND(ISNUMBER(Calc_RhV!G5),ISNUMBER(Manual_RhV!G5)),Calc_RhV!G5/Manual_RhV!G5,IF(AND(ISNUMBER(Calc_RhV!G5),NOT(ISNUMBER(Manual_RhV!G5))),"só calc",IF(AND(ISNUMBER(Manual_RhV!G5),NOT(ISNUMBER(Calc_RhV!G5))),"só manual","sem valor"))) -> 1 | I5: =IF(AND(ISNUMBER(Calc_RhV!I5),ISNUMBER(Manual_RhV!I5)),Calc_RhV!I5/Manual_RhV!I5,IF(AND(ISNUMBER(Calc_RhV!I5),NOT(ISNUMBER(Manual_RhV!I5))),"só calc",IF(AND(ISNUMBER(Manual_RhV!I5),NOT(ISNUMBER(Calc_RhV!I5))),"só manual","sem valor"))) -> 1 | K5: =IF(AND(ISNUMBER(Calc_RhV!K5),ISNUMBER(Manual_RhV!K5)),Calc_RhV!K5/Manual_RhV!K5,IF(AND(ISNUMBER(Calc_RhV!K5),NOT(ISNUMBER(Manual_RhV!K5))),"só calc",IF(AND(ISNUMBER(Manual_RhV!K5),NOT(ISNUMBER(Calc_RhV!K5))),"só manual","sem valor"))) -> 1 | M5: =IF(AND(ISNUMBER(Calc_RhV!M5),ISNUMBER(Manual_RhV!M5)),Calc_RhV!M5/Manual_RhV!M5,IF(AND(ISNUMBER(Calc_RhV!M5),NOT(ISNUMBER(Manual_RhV!M5))),"só calc",IF(AND(ISNUMBER(Manual_RhV!M5),NOT(ISNUMBER(Calc_RhV!M5))),"só manual","sem valor"))) -> 1.0020289 | O5: =IF(AND(ISNUMBER(Calc_RhV!O5),ISNUMBER(Manual_RhV!O5)),Calc_RhV!O5/Manual_RhV!O5,IF(AND(ISNUMBER(Calc_RhV!O5),NOT(ISNUMBER(Manual_RhV!O5))),"só calc",IF(AND(ISNUMBER(Manual_RhV!O5),NOT(ISNUMBER(Calc_RhV!O5))),"só manual","sem valor"))) -> 1 | Q5: =IF(AND(ISNUMBER(Calc_RhV!Q5),ISNUMBER(Manual_RhV!Q5)),Calc_RhV!Q5/Manual_RhV!Q5,IF(AND(ISNUMBER(Calc_RhV!Q5),NOT(ISNUMBER(Manual_RhV!Q5))),"só calc",IF(AND(ISNUMBER(Manual_RhV!Q5),NOT(ISNUMBER(Calc_RhV!Q5))),"só manual","sem valor"))) -> 1 | S5: =IF(AND(ISNUMBER(Calc_RhV!S5),ISNUMBER(Manual_RhV!S5)),Calc_RhV!S5/Manual_RhV!S5,IF(AND(ISNUMBER(Calc_RhV!S5),NOT(ISNUMBER(Manual_RhV!S5))),"só calc",IF(AND(ISNUMBER(Manual_RhV!S5),NOT(ISNUMBER(Calc_RhV!S5))),"só manual","sem valor"))) -> 1 | U5: =IF(AND(ISNUMBER(Calc_RhV!U5),ISNUMBER(Manual_RhV!U5)),Calc_RhV!U5/Manual_RhV!U5,IF(AND(ISNUMBER(Calc_RhV!U5),NOT(ISNUMBER(Manual_RhV!U5))),"só calc",IF(AND(ISNUMBER(Manual_RhV!U5),NOT(ISNUMBER(Calc_RhV!U5))),"só manual","sem valor"))) -> 1 | W5: =IF(AND(ISNUMBER(Calc_RhV!W5),ISNUMBER(Manual_RhV!W5)),Calc_RhV!W5/Manual_RhV!W5,IF(AND(ISNUMBER(Calc_RhV!W5),NOT(ISNUMBER(Manual_RhV!W5))),"só calc",IF(AND(ISNUMBER(Manual_RhV!W5),NOT(ISNUMBER(Calc_RhV!W5))),"só manual","sem valor"))) -> 1
A6: ab | B6: =Calc_RhV!B6 -> Pd Folha tomate 3 | C6: =IF(AND(ISNUMBER(Calc_RhV!C6),ISNUMBER(Manual_RhV!C6)),Calc_RhV!C6/Manual_RhV!C6,IF(AND(ISNUMBER(Calc_RhV!C6),NOT(ISNUMBER(Manual_RhV!C6))),"só calc",IF(AND(ISNUMBER(Manual_RhV!C6),NOT(ISNUMBER(Calc_RhV!C6))),"só manual","sem valor"))) -> 1 | D6: =IF(AND(ISNUMBER(Calc_RhV!D6),ISNUMBER(Manual_RhV!D6)),Calc_RhV!D6/Manual_RhV!D6,IF(AND(ISNUMBER(Calc_RhV!D6),NOT(ISNUMBER(Manual_RhV!D6))),"só calc",IF(AND(ISNUMBER(Manual_RhV!D6),NOT(ISNUMBER(Calc_RhV!D6))),"só manual","sem valor"))) -> 1 | E6: =IF(AND(ISNUMBER(Calc_RhV!E6),ISNUMBER(Manual_RhV!E6)),Calc_RhV!E6/Manual_RhV!E6,IF(AND(ISNUMBER(Calc_RhV!E6),NOT(ISNUMBER(Manual_RhV!E6))),"só calc",IF(AND(ISNUMBER(Manual_RhV!E6),NOT(ISNUMBER(Calc_RhV!E6))),"só manual","sem valor"))) -> 1 | F6: =IF(AND(ISNUMBER(Calc_RhV!F6),ISNUMBER(Manual_RhV!F6)),Calc_RhV!F6/Manual_RhV!F6,IF(AND(ISNUMBER(Calc_RhV!F6),NOT(ISNUMBER(Manual_RhV!F6))),"só calc",IF(AND(ISNUMBER(Manual_RhV!F6),NOT(ISNUMBER(Calc_RhV!F6))),"só manual","sem valor"))) -> 1 | G6: =IF(AND(ISNUMBER(Calc_RhV!G6),ISNUMBER(Manual_RhV!G6)),Calc_RhV!G6/Manual_RhV!G6,IF(AND(ISNUMBER(Calc_RhV!G6),NOT(ISNUMBER(Manual_RhV!G6))),"só calc",IF(AND(ISNUMBER(Manual_RhV!G6),NOT(ISNUMBER(Calc_RhV!G6))),"só manual","sem valor"))) -> 1 | H6: =IF(AND(ISNUMBER(Calc_RhV!H6),ISNUMBER(Manual_RhV!H6)),Calc_RhV!H6/Manual_RhV!H6,IF(AND(ISNUMBER(Calc_RhV!H6),NOT(ISNUMBER(Manual_RhV!H6))),"só calc",IF(AND(ISNUMBER(Manual_RhV!H6),NOT(ISNUMBER(Calc_RhV!H6))),"só manual","sem valor"))) -> 1 | I6: =IF(AND(ISNUMBER(Calc_RhV!I6),ISNUMBER(Manual_RhV!I6)),Calc_RhV!I6/Manual_RhV!I6,IF(AND(ISNUMBER(Calc_RhV!I6),NOT(ISNUMBER(Manual_RhV!I6))),"só calc",IF(AND(ISNUMBER(Manual_RhV!I6),NOT(ISNUMBER(Calc_RhV!I6))),"só manual","sem valor"))) -> 1 | J6: =IF(AND(ISNUMBER(Calc_RhV!J6),ISNUMBER(Manual_RhV!J6)),Calc_RhV!J6/Manual_RhV!J6,IF(AND(ISNUMBER(Calc_RhV!J6),NOT(ISNUMBER(Manual_RhV!J6))),"só calc",IF(AND(ISNUMBER(Manual_RhV!J6),NOT(ISNUMBER(Calc_RhV!J6))),"só manual","sem valor"))) -> 1 | ... X6: =IF(AND(ISNUMBER(Calc_RhV!X6),ISNUMBER(Manual_RhV!X6)),Calc_RhV!X6/Manual_RhV!X6,IF(AND(ISNUMBER(Calc_RhV!X6),NOT(ISNUMBER(Manual_RhV!X6))),"só calc",IF(AND(ISNUMBER(Manual_RhV!X6),NOT(ISNUMBER(Calc_RhV!X6))),"só manual","sem valor"))) -> 1
A7: ac | B7: =Calc_RhV!B7 -> R2 | C7: =IF(AND(ISNUMBER(Calc_RhV!C7),ISNUMBER(Manual_RhV!C7)),Calc_RhV!C7/Manual_RhV!C7,IF(AND(ISNUMBER(Calc_RhV!C7),NOT(ISNUMBER(Manual_RhV!C7))),"só calc",IF(AND(ISNUMBER(Manual_RhV!C7),NOT(ISNUMBER(Calc_RhV!C7))),"só manual","sem valor"))) -> 0.69493522 | D7: =IF(AND(ISNUMBER(Calc_RhV!D7),ISNUMBER(Manual_RhV!D7)),Calc_RhV!D7/Manual_RhV!D7,IF(AND(ISNUMBER(Calc_RhV!D7),NOT(ISNUMBER(Manual_RhV!D7))),"só calc",IF(AND(ISNUMBER(Manual_RhV!D7),NOT(ISNUMBER(Calc_RhV!D7))),"só manual","sem valor"))) -> 0.69309816 | E7: =IF(AND(ISNUMBER(Calc_RhV!E7),ISNUMBER(Manual_RhV!E7)),Calc_RhV!E7/Manual_RhV!E7,IF(AND(ISNUMBER(Calc_RhV!E7),NOT(ISNUMBER(Manual_RhV!E7))),"só calc",IF(AND(ISNUMBER(Manual_RhV!E7),NOT(ISNUMBER(Calc_RhV!E7))),"só manual","sem valor"))) -> 0.69493522 | F7: =IF(AND(ISNUMBER(Calc_RhV!F7),ISNUMBER(Manual_RhV!F7)),Calc_RhV!F7/Manual_RhV!F7,IF(AND(ISNUMBER(Calc_RhV!F7),NOT(ISNUMBER(Manual_RhV!F7))),"só calc",IF(AND(ISNUMBER(Manual_RhV!F7),NOT(ISNUMBER(Calc_RhV!F7))),"só manual","sem valor"))) -> 0.69674348 | G7: =IF(AND(ISNUMBER(Calc_RhV!G7),ISNUMBER(Manual_RhV!G7)),Calc_RhV!G7/Manual_RhV!G7,IF(AND(ISNUMBER(Calc_RhV!G7),NOT(ISNUMBER(Manual_RhV!G7))),"só calc",IF(AND(ISNUMBER(Manual_RhV!G7),NOT(ISNUMBER(Calc_RhV!G7))),"só manual","sem valor"))) -> 0.69493522 | H7: =IF(AND(ISNUMBER(Calc_RhV!H7),ISNUMBER(Manual_RhV!H7)),Calc_RhV!H7/Manual_RhV!H7,IF(AND(ISNUMBER(Calc_RhV!H7),NOT(ISNUMBER(Manual_RhV!H7))),"só calc",IF(AND(ISNUMBER(Manual_RhV!H7),NOT(ISNUMBER(Calc_RhV!H7))),"só manual","sem valor"))) -> 0.69394403 | I7: =IF(AND(ISNUMBER(Calc_RhV!I7),ISNUMBER(Manual_RhV!I7)),Calc_RhV!I7/Manual_RhV!I7,IF(AND(ISNUMBER(Calc_RhV!I7),NOT(ISNUMBER(Manual_RhV!I7))),"só calc",IF(AND(ISNUMBER(Manual_RhV!I7),NOT(ISNUMBER(Calc_RhV!I7))),"só manual","sem valor"))) -> 0.69493522 | J7: =IF(AND(ISNUMBER(Calc_RhV!J7),ISNUMBER(Manual_RhV!J7)),Calc_RhV!J7/Manual_RhV!J7,IF(AND(ISNUMBER(Calc_RhV!J7),NOT(ISNUMBER(Manual_RhV!J7))),"só calc",IF(AND(ISNUMBER(Manual_RhV!J7),NOT(ISNUMBER(Calc_RhV!J7))),"só manual","sem valor"))) -> 0.69495162 | ... X7: =IF(AND(ISNUMBER(Calc_RhV!X7),ISNUMBER(Manual_RhV!X7)),Calc_RhV!X7/Manual_RhV!X7,IF(AND(ISNUMBER(Calc_RhV!X7),NOT(ISNUMBER(Manual_RhV!X7))),"só calc",IF(AND(ISNUMBER(Manual_RhV!X7),NOT(ISNUMBER(Calc_RhV!X7))),"só manual","sem valor"))) -> 0.69479775
A8: ad | B8: =Calc_RhV!B8 -> R3 | C8: =IF(AND(ISNUMBER(Calc_RhV!C8),ISNUMBER(Manual_RhV!C8)),Calc_RhV!C8/Manual_RhV!C8,IF(AND(ISNUMBER(Calc_RhV!C8),NOT(ISNUMBER(Manual_RhV!C8))),"só calc",IF(AND(ISNUMBER(Manual_RhV!C8),NOT(ISNUMBER(Calc_RhV!C8))),"só manual","sem valor"))) -> 0.66207118 | D8: =IF(AND(ISNUMBER(Calc_RhV!D8),ISNUMBER(Manual_RhV!D8)),Calc_RhV!D8/Manual_RhV!D8,IF(AND(ISNUMBER(Calc_RhV!D8),NOT(ISNUMBER(Manual_RhV!D8))),"só calc",IF(AND(ISNUMBER(Manual_RhV!D8),NOT(ISNUMBER(Calc_RhV!D8))),"só manual","sem valor"))) -> 0.66201949 | E8: =IF(AND(ISNUMBER(Calc_RhV!E8),ISNUMBER(Manual_RhV!E8)),Calc_RhV!E8/Manual_RhV!E8,IF(AND(ISNUMBER(Calc_RhV!E8),NOT(ISNUMBER(Manual_RhV!E8))),"só calc",IF(AND(ISNUMBER(Manual_RhV!E8),NOT(ISNUMBER(Calc_RhV!E8))),"só manual","sem valor"))) -> 0.66207118 | F8: =IF(AND(ISNUMBER(Calc_RhV!F8),ISNUMBER(Manual_RhV!F8)),Calc_RhV!F8/Manual_RhV!F8,IF(AND(ISNUMBER(Calc_RhV!F8),NOT(ISNUMBER(Manual_RhV!F8))),"só calc",IF(AND(ISNUMBER(Manual_RhV!F8),NOT(ISNUMBER(Calc_RhV!F8))),"só manual","sem valor"))) -> 0.6662664 | G8: =IF(AND(ISNUMBER(Calc_RhV!G8),ISNUMBER(Manual_RhV!G8)),Calc_RhV!G8/Manual_RhV!G8,IF(AND(ISNUMBER(Calc_RhV!G8),NOT(ISNUMBER(Manual_RhV!G8))),"só calc",IF(AND(ISNUMBER(Manual_RhV!G8),NOT(ISNUMBER(Calc_RhV!G8))),"só manual","sem valor"))) -> 0.66207118 | H8: =IF(AND(ISNUMBER(Calc_RhV!H8),ISNUMBER(Manual_RhV!H8)),Calc_RhV!H8/Manual_RhV!H8,IF(AND(ISNUMBER(Calc_RhV!H8),NOT(ISNUMBER(Manual_RhV!H8))),"só calc",IF(AND(ISNUMBER(Manual_RhV!H8),NOT(ISNUMBER(Calc_RhV!H8))),"só manual","sem valor"))) -> 0.66411724 | I8: =IF(AND(ISNUMBER(Calc_RhV!I8),ISNUMBER(Manual_RhV!I8)),Calc_RhV!I8/Manual_RhV!I8,IF(AND(ISNUMBER(Calc_RhV!I8),NOT(ISNUMBER(Manual_RhV!I8))),"só calc",IF(AND(ISNUMBER(Manual_RhV!I8),NOT(ISNUMBER(Calc_RhV!I8))),"só manual","sem valor"))) -> 0.66207118 | J8: =IF(AND(ISNUMBER(Calc_RhV!J8),ISNUMBER(Manual_RhV!J8)),Calc_RhV!J8/Manual_RhV!J8,IF(AND(ISNUMBER(Calc_RhV!J8),NOT(ISNUMBER(Manual_RhV!J8))),"só calc",IF(AND(ISNUMBER(Manual_RhV!J8),NOT(ISNUMBER(Calc_RhV!J8))),"só manual","sem valor"))) -> 0.66195976 | ... X8: =IF(AND(ISNUMBER(Calc_RhV!X8),ISNUMBER(Manual_RhV!X8)),Calc_RhV!X8/Manual_RhV!X8,IF(AND(ISNUMBER(Calc_RhV!X8),NOT(ISNUMBER(Manual_RhV!X8))),"só calc",IF(AND(ISNUMBER(Manual_RhV!X8),NOT(ISNUMBER(Calc_RhV!X8))),"só manual","sem valor"))) -> 0.66237567
A9: ae | B9: =Calc_RhV!B9 -> R4 | C9: =IF(AND(ISNUMBER(Calc_RhV!C9),ISNUMBER(Manual_RhV!C9)),Calc_RhV!C9/Manual_RhV!C9,IF(AND(ISNUMBER(Calc_RhV!C9),NOT(ISNUMBER(Manual_RhV!C9))),"só calc",IF(AND(ISNUMBER(Manual_RhV!C9),NOT(ISNUMBER(Calc_RhV!C9))),"só manual","sem valor"))) -> 0.67916461 | D9: =IF(AND(ISNUMBER(Calc_RhV!D9),ISNUMBER(Manual_RhV!D9)),Calc_RhV!D9/Manual_RhV!D9,IF(AND(ISNUMBER(Calc_RhV!D9),NOT(ISNUMBER(Manual_RhV!D9))),"só calc",IF(AND(ISNUMBER(Manual_RhV!D9),NOT(ISNUMBER(Calc_RhV!D9))),"só manual","sem valor"))) -> 0.6797622 | E9: =IF(AND(ISNUMBER(Calc_RhV!E9),ISNUMBER(Manual_RhV!E9)),Calc_RhV!E9/Manual_RhV!E9,IF(AND(ISNUMBER(Calc_RhV!E9),NOT(ISNUMBER(Manual_RhV!E9))),"só calc",IF(AND(ISNUMBER(Manual_RhV!E9),NOT(ISNUMBER(Calc_RhV!E9))),"só manual","sem valor"))) -> 0.67916461 | F9: =IF(AND(ISNUMBER(Calc_RhV!F9),ISNUMBER(Manual_RhV!F9)),Calc_RhV!F9/Manual_RhV!F9,IF(AND(ISNUMBER(Calc_RhV!F9),NOT(ISNUMBER(Manual_RhV!F9))),"só calc",IF(AND(ISNUMBER(Manual_RhV!F9),NOT(ISNUMBER(Calc_RhV!F9))),"só manual","sem valor"))) -> 0.67724591 | G9: =IF(AND(ISNUMBER(Calc_RhV!G9),ISNUMBER(Manual_RhV!G9)),Calc_RhV!G9/Manual_RhV!G9,IF(AND(ISNUMBER(Calc_RhV!G9),NOT(ISNUMBER(Manual_RhV!G9))),"só calc",IF(AND(ISNUMBER(Manual_RhV!G9),NOT(ISNUMBER(Calc_RhV!G9))),"só manual","sem valor"))) -> 0.67916461 | H9: =IF(AND(ISNUMBER(Calc_RhV!H9),ISNUMBER(Manual_RhV!H9)),Calc_RhV!H9/Manual_RhV!H9,IF(AND(ISNUMBER(Calc_RhV!H9),NOT(ISNUMBER(Manual_RhV!H9))),"só calc",IF(AND(ISNUMBER(Manual_RhV!H9),NOT(ISNUMBER(Calc_RhV!H9))),"só manual","sem valor"))) -> 0.67727289 | I9: =IF(AND(ISNUMBER(Calc_RhV!I9),ISNUMBER(Manual_RhV!I9)),Calc_RhV!I9/Manual_RhV!I9,IF(AND(ISNUMBER(Calc_RhV!I9),NOT(ISNUMBER(Manual_RhV!I9))),"só calc",IF(AND(ISNUMBER(Manual_RhV!I9),NOT(ISNUMBER(Calc_RhV!I9))),"só manual","sem valor"))) -> 0.67916461 | J9: =IF(AND(ISNUMBER(Calc_RhV!J9),ISNUMBER(Manual_RhV!J9)),Calc_RhV!J9/Manual_RhV!J9,IF(AND(ISNUMBER(Calc_RhV!J9),NOT(ISNUMBER(Manual_RhV!J9))),"só calc",IF(AND(ISNUMBER(Manual_RhV!J9),NOT(ISNUMBER(Calc_RhV!J9))),"só manual","sem valor"))) -> 0.67926542 | ... X9: =IF(AND(ISNUMBER(Calc_RhV!X9),ISNUMBER(Manual_RhV!X9)),Calc_RhV!X9/Manual_RhV!X9,IF(AND(ISNUMBER(Calc_RhV!X9),NOT(ISNUMBER(Manual_RhV!X9))),"só calc",IF(AND(ISNUMBER(Manual_RhV!X9),NOT(ISNUMBER(Calc_RhV!X9))),"só manual","sem valor"))) -> 0.68024771
A10: af | B10: =Calc_RhV!B10 -> R5 | C10: =IF(AND(ISNUMBER(Calc_RhV!C10),ISNUMBER(Manual_RhV!C10)),Calc_RhV!C10/Manual_RhV!C10,IF(AND(ISNUMBER(Calc_RhV!C10),NOT(ISNUMBER(Manual_RhV!C10))),"só calc",IF(AND(ISNUMBER(Manual_RhV!C10),NOT(ISNUMBER(Calc_RhV!C10))),"só manual","sem valor"))) -> 0.74334053 | D10: =IF(AND(ISNUMBER(Calc_RhV!D10),ISNUMBER(Manual_RhV!D10)),Calc_RhV!D10/Manual_RhV!D10,IF(AND(ISNUMBER(Calc_RhV!D10),NOT(ISNUMBER(Manual_RhV!D10))),"só calc",IF(AND(ISNUMBER(Manual_RhV!D10),NOT(ISNUMBER(Calc_RhV!D10))),"só manual","sem valor"))) -> 0.74328572 | E10: =IF(AND(ISNUMBER(Calc_RhV!E10),ISNUMBER(Manual_RhV!E10)),Calc_RhV!E10/Manual_RhV!E10,IF(AND(ISNUMBER(Calc_RhV!E10),NOT(ISNUMBER(Manual_RhV!E10))),"só calc",IF(AND(ISNUMBER(Manual_RhV!E10),NOT(ISNUMBER(Calc_RhV!E10))),"só manual","sem valor"))) -> 0.74334053 | F10: =IF(AND(ISNUMBER(Calc_RhV!F10),ISNUMBER(Manual_RhV!F10)),Calc_RhV!F10/Manual_RhV!F10,IF(AND(ISNUMBER(Calc_RhV!F10),NOT(ISNUMBER(Manual_RhV!F10))),"só calc",IF(AND(ISNUMBER(Manual_RhV!F10),NOT(ISNUMBER(Calc_RhV!F10))),"só manual","sem valor"))) -> 0.74503209 | G10: =IF(AND(ISNUMBER(Calc_RhV!G10),ISNUMBER(Manual_RhV!G10)),Calc_RhV!G10/Manual_RhV!G10,IF(AND(ISNUMBER(Calc_RhV!G10),NOT(ISNUMBER(Manual_RhV!G10))),"só calc",IF(AND(ISNUMBER(Manual_RhV!G10),NOT(ISNUMBER(Calc_RhV!G10))),"só manual","sem valor"))) -> 0.74334053 | H10: =IF(AND(ISNUMBER(Calc_RhV!H10),ISNUMBER(Manual_RhV!H10)),Calc_RhV!H10/Manual_RhV!H10,IF(AND(ISNUMBER(Calc_RhV!H10),NOT(ISNUMBER(Manual_RhV!H10))),"só calc",IF(AND(ISNUMBER(Manual_RhV!H10),NOT(ISNUMBER(Calc_RhV!H10))),"só manual","sem valor"))) -> 0.74501473 | I10: =IF(AND(ISNUMBER(Calc_RhV!I10),ISNUMBER(Manual_RhV!I10)),Calc_RhV!I10/Manual_RhV!I10,IF(AND(ISNUMBER(Calc_RhV!I10),NOT(ISNUMBER(Manual_RhV!I10))),"só calc",IF(AND(ISNUMBER(Manual_RhV!I10),NOT(ISNUMBER(Calc_RhV!I10))),"só manual","sem valor"))) -> 0.74334053 | J10: =IF(AND(ISNUMBER(Calc_RhV!J10),ISNUMBER(Manual_RhV!J10)),Calc_RhV!J10/Manual_RhV!J10,IF(AND(ISNUMBER(Calc_RhV!J10),NOT(ISNUMBER(Manual_RhV!J10))),"só calc",IF(AND(ISNUMBER(Manual_RhV!J10),NOT(ISNUMBER(Calc_RhV!J10))),"só manual","sem valor"))) -> 0.74341605 | ... X10: =IF(AND(ISNUMBER(Calc_RhV!X10),ISNUMBER(Manual_RhV!X10)),Calc_RhV!X10/Manual_RhV!X10,IF(AND(ISNUMBER(Calc_RhV!X10),NOT(ISNUMBER(Manual_RhV!X10))),"só calc",IF(AND(ISNUMBER(Manual_RhV!X10),NOT(ISNUMBER(Calc_RhV!X10))),"só manual","sem valor"))) -> 0.74259332
A11: ag | B11: =Calc_RhV!B11 -> R6 | C11: =IF(AND(ISNUMBER(Calc_RhV!C11),ISNUMBER(Manual_RhV!C11)),Calc_RhV!C11/Manual_RhV!C11,IF(AND(ISNUMBER(Calc_RhV!C11),NOT(ISNUMBER(Manual_RhV!C11))),"só calc",IF(AND(ISNUMBER(Manual_RhV!C11),NOT(ISNUMBER(Calc_RhV!C11))),"só manual","sem valor"))) -> 0.56894889 | D11: =IF(AND(ISNUMBER(Calc_RhV!D11),ISNUMBER(Manual_RhV!D11)),Calc_RhV!D11/Manual_RhV!D11,IF(AND(ISNUMBER(Calc_RhV!D11),NOT(ISNUMBER(Manual_RhV!D11))),"só calc",IF(AND(ISNUMBER(Manual_RhV!D11),NOT(ISNUMBER(Calc_RhV!D11))),"só manual","sem valor"))) -> 0.56458887 | E11: =IF(AND(ISNUMBER(Calc_RhV!E11),ISNUMBER(Manual_RhV!E11)),Calc_RhV!E11/Manual_RhV!E11,IF(AND(ISNUMBER(Calc_RhV!E11),NOT(ISNUMBER(Manual_RhV!E11))),"só calc",IF(AND(ISNUMBER(Manual_RhV!E11),NOT(ISNUMBER(Calc_RhV!E11))),"só manual","sem valor"))) -> 0.56894889 | F11: =IF(AND(ISNUMBER(Calc_RhV!F11),ISNUMBER(Manual_RhV!F11)),Calc_RhV!F11/Manual_RhV!F11,IF(AND(ISNUMBER(Calc_RhV!F11),NOT(ISNUMBER(Manual_RhV!F11))),"só calc",IF(AND(ISNUMBER(Manual_RhV!F11),NOT(ISNUMBER(Calc_RhV!F11))),"só manual","sem valor"))) -> 0.56939411 | G11: =IF(AND(ISNUMBER(Calc_RhV!G11),ISNUMBER(Manual_RhV!G11)),Calc_RhV!G11/Manual_RhV!G11,IF(AND(ISNUMBER(Calc_RhV!G11),NOT(ISNUMBER(Manual_RhV!G11))),"só calc",IF(AND(ISNUMBER(Manual_RhV!G11),NOT(ISNUMBER(Calc_RhV!G11))),"só manual","sem valor"))) -> 0.56894889 | H11: =IF(AND(ISNUMBER(Calc_RhV!H11),ISNUMBER(Manual_RhV!H11)),Calc_RhV!H11/Manual_RhV!H11,IF(AND(ISNUMBER(Calc_RhV!H11),NOT(ISNUMBER(Manual_RhV!H11))),"só calc",IF(AND(ISNUMBER(Manual_RhV!H11),NOT(ISNUMBER(Calc_RhV!H11))),"só manual","sem valor"))) -> 0.56748643 | I11: =IF(AND(ISNUMBER(Calc_RhV!I11),ISNUMBER(Manual_RhV!I11)),Calc_RhV!I11/Manual_RhV!I11,IF(AND(ISNUMBER(Calc_RhV!I11),NOT(ISNUMBER(Manual_RhV!I11))),"só calc",IF(AND(ISNUMBER(Manual_RhV!I11),NOT(ISNUMBER(Calc_RhV!I11))),"só manual","sem valor"))) -> 0.56894889 | J11: =IF(AND(ISNUMBER(Calc_RhV!J11),ISNUMBER(Manual_RhV!J11)),Calc_RhV!J11/Manual_RhV!J11,IF(AND(ISNUMBER(Calc_RhV!J11),NOT(ISNUMBER(Manual_RhV!J11))),"só calc",IF(AND(ISNUMBER(Manual_RhV!J11),NOT(ISNUMBER(Calc_RhV!J11))),"só manual","sem valor"))) -> 0.5690225 | ... X11: =IF(AND(ISNUMBER(Calc_RhV!X11),ISNUMBER(Manual_RhV!X11)),Calc_RhV!X11/Manual_RhV!X11,IF(AND(ISNUMBER(Calc_RhV!X11),NOT(ISNUMBER(Manual_RhV!X11))),"só calc",IF(AND(ISNUMBER(Manual_RhV!X11),NOT(ISNUMBER(Calc_RhV!X11))),"só manual","sem valor"))) -> 0.56827235
A12: ah | B12: =Calc_RhV!B12 -> R7 | C12: =IF(AND(ISNUMBER(Calc_RhV!C12),ISNUMBER(Manual_RhV!C12)),Calc_RhV!C12/Manual_RhV!C12,IF(AND(ISNUMBER(Calc_RhV!C12),NOT(ISNUMBER(Manual_RhV!C12))),"só calc",IF(AND(ISNUMBER(Manual_RhV!C12),NOT(ISNUMBER(Calc_RhV!C12))),"só manual","sem valor"))) -> 0.70986593 | D12: =IF(AND(ISNUMBER(Calc_RhV!D12),ISNUMBER(Manual_RhV!D12)),Calc_RhV!D12/Manual_RhV!D12,IF(AND(ISNUMBER(Calc_RhV!D12),NOT(ISNUMBER(Manual_RhV!D12))),"só calc",IF(AND(ISNUMBER(Manual_RhV!D12),NOT(ISNUMBER(Calc_RhV!D12))),"só manual","sem valor"))) -> 0.71139266 | E12: =IF(AND(ISNUMBER(Calc_RhV!E12),ISNUMBER(Manual_RhV!E12)),Calc_RhV!E12/Manual_RhV!E12,IF(AND(ISNUMBER(Calc_RhV!E12),NOT(ISNUMBER(Manual_RhV!E12))),"só calc",IF(AND(ISNUMBER(Manual_RhV!E12),NOT(ISNUMBER(Calc_RhV!E12))),"só manual","sem valor"))) -> 0.70986593 | F12: =IF(AND(ISNUMBER(Calc_RhV!F12),ISNUMBER(Manual_RhV!F12)),Calc_RhV!F12/Manual_RhV!F12,IF(AND(ISNUMBER(Calc_RhV!F12),NOT(ISNUMBER(Manual_RhV!F12))),"só calc",IF(AND(ISNUMBER(Manual_RhV!F12),NOT(ISNUMBER(Calc_RhV!F12))),"só manual","sem valor"))) -> 0.71378162 | G12: =IF(AND(ISNUMBER(Calc_RhV!G12),ISNUMBER(Manual_RhV!G12)),Calc_RhV!G12/Manual_RhV!G12,IF(AND(ISNUMBER(Calc_RhV!G12),NOT(ISNUMBER(Manual_RhV!G12))),"só calc",IF(AND(ISNUMBER(Manual_RhV!G12),NOT(ISNUMBER(Calc_RhV!G12))),"só manual","sem valor"))) -> 0.70986593 | H12: =IF(AND(ISNUMBER(Calc_RhV!H12),ISNUMBER(Manual_RhV!H12)),Calc_RhV!H12/Manual_RhV!H12,IF(AND(ISNUMBER(Calc_RhV!H12),NOT(ISNUMBER(Manual_RhV!H12))),"só calc",IF(AND(ISNUMBER(Manual_RhV!H12),NOT(ISNUMBER(Calc_RhV!H12))),"só manual","sem valor"))) -> 0.70958925 | I12: =IF(AND(ISNUMBER(Calc_RhV!I12),ISNUMBER(Manual_RhV!I12)),Calc_RhV!I12/Manual_RhV!I12,IF(AND(ISNUMBER(Calc_RhV!I12),NOT(ISNUMBER(Manual_RhV!I12))),"só calc",IF(AND(ISNUMBER(Manual_RhV!I12),NOT(ISNUMBER(Calc_RhV!I12))),"só manual","sem valor"))) -> 0.70986593 | J12: =IF(AND(ISNUMBER(Calc_RhV!J12),ISNUMBER(Manual_RhV!J12)),Calc_RhV!J12/Manual_RhV!J12,IF(AND(ISNUMBER(Calc_RhV!J12),NOT(ISNUMBER(Manual_RhV!J12))),"só calc",IF(AND(ISNUMBER(Manual_RhV!J12),NOT(ISNUMBER(Calc_RhV!J12))),"só manual","sem valor"))) -> 0.70991279 | ... X12: =IF(AND(ISNUMBER(Calc_RhV!X12),ISNUMBER(Manual_RhV!X12)),Calc_RhV!X12/Manual_RhV!X12,IF(AND(ISNUMBER(Calc_RhV!X12),NOT(ISNUMBER(Manual_RhV!X12))),"só calc",IF(AND(ISNUMBER(Manual_RhV!X12),NOT(ISNUMBER(Calc_RhV!X12))),"só manual","sem valor"))) -> 0.70978376
A13: ai | B13: =Calc_RhV!B13 -> R8 | C13: =IF(AND(ISNUMBER(Calc_RhV!C13),ISNUMBER(Manual_RhV!C13)),Calc_RhV!C13/Manual_RhV!C13,IF(AND(ISNUMBER(Calc_RhV!C13),NOT(ISNUMBER(Manual_RhV!C13))),"só calc",IF(AND(ISNUMBER(Manual_RhV!C13),NOT(ISNUMBER(Calc_RhV!C13))),"só manual","sem valor"))) -> 0.65774805 | D13: =IF(AND(ISNUMBER(Calc_RhV!D13),ISNUMBER(Manual_RhV!D13)),Calc_RhV!D13/Manual_RhV!D13,IF(AND(ISNUMBER(Calc_RhV!D13),NOT(ISNUMBER(Manual_RhV!D13))),"só calc",IF(AND(ISNUMBER(Manual_RhV!D13),NOT(ISNUMBER(Calc_RhV!D13))),"só manual","sem valor"))) -> 0.65781846 | E13: =IF(AND(ISNUMBER(Calc_RhV!E13),ISNUMBER(Manual_RhV!E13)),Calc_RhV!E13/Manual_RhV!E13,IF(AND(ISNUMBER(Calc_RhV!E13),NOT(ISNUMBER(Manual_RhV!E13))),"só calc",IF(AND(ISNUMBER(Manual_RhV!E13),NOT(ISNUMBER(Calc_RhV!E13))),"só manual","sem valor"))) -> 0.65774805 | F13: =IF(AND(ISNUMBER(Calc_RhV!F13),ISNUMBER(Manual_RhV!F13)),Calc_RhV!F13/Manual_RhV!F13,IF(AND(ISNUMBER(Calc_RhV!F13),NOT(ISNUMBER(Manual_RhV!F13))),"só calc",IF(AND(ISNUMBER(Manual_RhV!F13),NOT(ISNUMBER(Calc_RhV!F13))),"só manual","sem valor"))) -> 0.65384164 | G13: =IF(AND(ISNUMBER(Calc_RhV!G13),ISNUMBER(Manual_RhV!G13)),Calc_RhV!G13/Manual_RhV!G13,IF(AND(ISNUMBER(Calc_RhV!G13),NOT(ISNUMBER(Manual_RhV!G13))),"só calc",IF(AND(ISNUMBER(Manual_RhV!G13),NOT(ISNUMBER(Calc_RhV!G13))),"só manual","sem valor"))) -> 0.65774805 | H13: =IF(AND(ISNUMBER(Calc_RhV!H13),ISNUMBER(Manual_RhV!H13)),Calc_RhV!H13/Manual_RhV!H13,IF(AND(ISNUMBER(Calc_RhV!H13),NOT(ISNUMBER(Manual_RhV!H13))),"só calc",IF(AND(ISNUMBER(Manual_RhV!H13),NOT(ISNUMBER(Calc_RhV!H13))),"só manual","sem valor"))) -> 0.65683573 | I13: =IF(AND(ISNUMBER(Calc_RhV!I13),ISNUMBER(Manual_RhV!I13)),Calc_RhV!I13/Manual_RhV!I13,IF(AND(ISNUMBER(Calc_RhV!I13),NOT(ISNUMBER(Manual_RhV!I13))),"só calc",IF(AND(ISNUMBER(Manual_RhV!I13),NOT(ISNUMBER(Calc_RhV!I13))),"só manual","sem valor"))) -> 0.65774805 | J13: =IF(AND(ISNUMBER(Calc_RhV!J13),ISNUMBER(Manual_RhV!J13)),Calc_RhV!J13/Manual_RhV!J13,IF(AND(ISNUMBER(Calc_RhV!J13),NOT(ISNUMBER(Manual_RhV!J13))),"só calc",IF(AND(ISNUMBER(Manual_RhV!J13),NOT(ISNUMBER(Calc_RhV!J13))),"só manual","sem valor"))) -> 0.65783245 | ... X13: =IF(AND(ISNUMBER(Calc_RhV!X13),ISNUMBER(Manual_RhV!X13)),Calc_RhV!X13/Manual_RhV!X13,IF(AND(ISNUMBER(Calc_RhV!X13),NOT(ISNUMBER(Manual_RhV!X13))),"só calc",IF(AND(ISNUMBER(Manual_RhV!X13),NOT(ISNUMBER(Calc_RhV!X13))),"só manual","sem valor"))) -> 0.65766626
A14: aj | B14: =Calc_RhV!B14 -> R9 | C14: =IF(AND(ISNUMBER(Calc_RhV!C14),ISNUMBER(Manual_RhV!C14)),Calc_RhV!C14/Manual_RhV!C14,IF(AND(ISNUMBER(Calc_RhV!C14),NOT(ISNUMBER(Manual_RhV!C14))),"só calc",IF(AND(ISNUMBER(Manual_RhV!C14),NOT(ISNUMBER(Calc_RhV!C14))),"só manual","sem valor"))) -> 0.74387608 | D14: =IF(AND(ISNUMBER(Calc_RhV!D14),ISNUMBER(Manual_RhV!D14)),Calc_RhV!D14/Manual_RhV!D14,IF(AND(ISNUMBER(Calc_RhV!D14),NOT(ISNUMBER(Manual_RhV!D14))),"só calc",IF(AND(ISNUMBER(Manual_RhV!D14),NOT(ISNUMBER(Calc_RhV!D14))),"só manual","sem valor"))) -> 0.74484247 | E14: =IF(AND(ISNUMBER(Calc_RhV!E14),ISNUMBER(Manual_RhV!E14)),Calc_RhV!E14/Manual_RhV!E14,IF(AND(ISNUMBER(Calc_RhV!E14),NOT(ISNUMBER(Manual_RhV!E14))),"só calc",IF(AND(ISNUMBER(Manual_RhV!E14),NOT(ISNUMBER(Calc_RhV!E14))),"só manual","sem valor"))) -> 0.74387608 | F14: =IF(AND(ISNUMBER(Calc_RhV!F14),ISNUMBER(Manual_RhV!F14)),Calc_RhV!F14/Manual_RhV!F14,IF(AND(ISNUMBER(Calc_RhV!F14),NOT(ISNUMBER(Manual_RhV!F14))),"só calc",IF(AND(ISNUMBER(Manual_RhV!F14),NOT(ISNUMBER(Calc_RhV!F14))),"só manual","sem valor"))) -> 0.74109687 | G14: =IF(AND(ISNUMBER(Calc_RhV!G14),ISNUMBER(Manual_RhV!G14)),Calc_RhV!G14/Manual_RhV!G14,IF(AND(ISNUMBER(Calc_RhV!G14),NOT(ISNUMBER(Manual_RhV!G14))),"só calc",IF(AND(ISNUMBER(Manual_RhV!G14),NOT(ISNUMBER(Calc_RhV!G14))),"só manual","sem valor"))) -> 0.74387608 | H14: =IF(AND(ISNUMBER(Calc_RhV!H14),ISNUMBER(Manual_RhV!H14)),Calc_RhV!H14/Manual_RhV!H14,IF(AND(ISNUMBER(Calc_RhV!H14),NOT(ISNUMBER(Manual_RhV!H14))),"só calc",IF(AND(ISNUMBER(Manual_RhV!H14),NOT(ISNUMBER(Calc_RhV!H14))),"só manual","sem valor"))) -> 0.74429724 | I14: =IF(AND(ISNUMBER(Calc_RhV!I14),ISNUMBER(Manual_RhV!I14)),Calc_RhV!I14/Manual_RhV!I14,IF(AND(ISNUMBER(Calc_RhV!I14),NOT(ISNUMBER(Manual_RhV!I14))),"só calc",IF(AND(ISNUMBER(Manual_RhV!I14),NOT(ISNUMBER(Calc_RhV!I14))),"só manual","sem valor"))) -> 0.74387608 | J14: =IF(AND(ISNUMBER(Calc_RhV!J14),ISNUMBER(Manual_RhV!J14)),Calc_RhV!J14/Manual_RhV!J14,IF(AND(ISNUMBER(Calc_RhV!J14),NOT(ISNUMBER(Manual_RhV!J14))),"só calc",IF(AND(ISNUMBER(Manual_RhV!J14),NOT(ISNUMBER(Calc_RhV!J14))),"só manual","sem valor"))) -> 0.74392822 | ... X14: =IF(AND(ISNUMBER(Calc_RhV!X14),ISNUMBER(Manual_RhV!X14)),Calc_RhV!X14/Manual_RhV!X14,IF(AND(ISNUMBER(Calc_RhV!X14),NOT(ISNUMBER(Manual_RhV!X14))),"só calc",IF(AND(ISNUMBER(Manual_RhV!X14),NOT(ISNUMBER(Calc_RhV!X14))),"só manual","sem valor"))) -> 0.74425885
A15: ak | B15: =Calc_RhV!B15 -> R10 | C15: =IF(AND(ISNUMBER(Calc_RhV!C15),ISNUMBER(Manual_RhV!C15)),Calc_RhV!C15/Manual_RhV!C15,IF(AND(ISNUMBER(Calc_RhV!C15),NOT(ISNUMBER(Manual_RhV!C15))),"só calc",IF(AND(ISNUMBER(Manual_RhV!C15),NOT(ISNUMBER(Calc_RhV!C15))),"só manual","sem valor"))) -> 0.80664062 | D15: =IF(AND(ISNUMBER(Calc_RhV!D15),ISNUMBER(Manual_RhV!D15)),Calc_RhV!D15/Manual_RhV!D15,IF(AND(ISNUMBER(Calc_RhV!D15),NOT(ISNUMBER(Manual_RhV!D15))),"só calc",IF(AND(ISNUMBER(Manual_RhV!D15),NOT(ISNUMBER(Calc_RhV!D15))),"só manual","sem valor"))) -> 0.8083499 | E15: =IF(AND(ISNUMBER(Calc_RhV!E15),ISNUMBER(Manual_RhV!E15)),Calc_RhV!E15/Manual_RhV!E15,IF(AND(ISNUMBER(Calc_RhV!E15),NOT(ISNUMBER(Manual_RhV!E15))),"só calc",IF(AND(ISNUMBER(Manual_RhV!E15),NOT(ISNUMBER(Calc_RhV!E15))),"só manual","sem valor"))) -> 0.80664062 | F15: =IF(AND(ISNUMBER(Calc_RhV!F15),ISNUMBER(Manual_RhV!F15)),Calc_RhV!F15/Manual_RhV!F15,IF(AND(ISNUMBER(Calc_RhV!F15),NOT(ISNUMBER(Manual_RhV!F15))),"só calc",IF(AND(ISNUMBER(Manual_RhV!F15),NOT(ISNUMBER(Calc_RhV!F15))),"só manual","sem valor"))) -> 0.81075326 | G15: =IF(AND(ISNUMBER(Calc_RhV!G15),ISNUMBER(Manual_RhV!G15)),Calc_RhV!G15/Manual_RhV!G15,IF(AND(ISNUMBER(Calc_RhV!G15),NOT(ISNUMBER(Manual_RhV!G15))),"só calc",IF(AND(ISNUMBER(Manual_RhV!G15),NOT(ISNUMBER(Calc_RhV!G15))),"só manual","sem valor"))) -> 0.80664062 | H15: =IF(AND(ISNUMBER(Calc_RhV!H15),ISNUMBER(Manual_RhV!H15)),Calc_RhV!H15/Manual_RhV!H15,IF(AND(ISNUMBER(Calc_RhV!H15),NOT(ISNUMBER(Manual_RhV!H15))),"só calc",IF(AND(ISNUMBER(Manual_RhV!H15),NOT(ISNUMBER(Calc_RhV!H15))),"só manual","sem valor"))) -> 0.8061647 | I15: =IF(AND(ISNUMBER(Calc_RhV!I15),ISNUMBER(Manual_RhV!I15)),Calc_RhV!I15/Manual_RhV!I15,IF(AND(ISNUMBER(Calc_RhV!I15),NOT(ISNUMBER(Manual_RhV!I15))),"só calc",IF(AND(ISNUMBER(Manual_RhV!I15),NOT(ISNUMBER(Calc_RhV!I15))),"só manual","sem valor"))) -> 0.80664063 | J15: =IF(AND(ISNUMBER(Calc_RhV!J15),ISNUMBER(Manual_RhV!J15)),Calc_RhV!J15/Manual_RhV!J15,IF(AND(ISNUMBER(Calc_RhV!J15),NOT(ISNUMBER(Manual_RhV!J15))),"só calc",IF(AND(ISNUMBER(Manual_RhV!J15),NOT(ISNUMBER(Calc_RhV!J15))),"só manual","sem valor"))) -> 0.80659005 | ... X15: =IF(AND(ISNUMBER(Calc_RhV!X15),ISNUMBER(Manual_RhV!X15)),Calc_RhV!X15/Manual_RhV!X15,IF(AND(ISNUMBER(Calc_RhV!X15),NOT(ISNUMBER(Manual_RhV!X15))),"só calc",IF(AND(ISNUMBER(Manual_RhV!X15),NOT(ISNUMBER(Calc_RhV!X15))),"só manual","sem valor"))) -> 0.80606388
A16: al | B16: =Calc_RhV!B16 -> R11 | C16: =IF(AND(ISNUMBER(Calc_RhV!C16),ISNUMBER(Manual_RhV!C16)),Calc_RhV!C16/Manual_RhV!C16,IF(AND(ISNUMBER(Calc_RhV!C16),NOT(ISNUMBER(Manual_RhV!C16))),"só calc",IF(AND(ISNUMBER(Manual_RhV!C16),NOT(ISNUMBER(Calc_RhV!C16))),"só manual","sem valor"))) -> 0.75309993 | D16: =IF(AND(ISNUMBER(Calc_RhV!D16),ISNUMBER(Manual_RhV!D16)),Calc_RhV!D16/Manual_RhV!D16,IF(AND(ISNUMBER(Calc_RhV!D16),NOT(ISNUMBER(Manual_RhV!D16))),"só calc",IF(AND(ISNUMBER(Manual_RhV!D16),NOT(ISNUMBER(Calc_RhV!D16))),"só manual","sem valor"))) -> 0.75309608 | E16: =IF(AND(ISNUMBER(Calc_RhV!E16),ISNUMBER(Manual_RhV!E16)),Calc_RhV!E16/Manual_RhV!E16,IF(AND(ISNUMBER(Calc_RhV!E16),NOT(ISNUMBER(Manual_RhV!E16))),"só calc",IF(AND(ISNUMBER(Manual_RhV!E16),NOT(ISNUMBER(Calc_RhV!E16))),"só manual","sem valor"))) -> 0.75309993 | F16: =IF(AND(ISNUMBER(Calc_RhV!F16),ISNUMBER(Manual_RhV!F16)),Calc_RhV!F16/Manual_RhV!F16,IF(AND(ISNUMBER(Calc_RhV!F16),NOT(ISNUMBER(Manual_RhV!F16))),"só calc",IF(AND(ISNUMBER(Manual_RhV!F16),NOT(ISNUMBER(Calc_RhV!F16))),"só manual","sem valor"))) -> 0.75761505 | G16: =IF(AND(ISNUMBER(Calc_RhV!G16),ISNUMBER(Manual_RhV!G16)),Calc_RhV!G16/Manual_RhV!G16,IF(AND(ISNUMBER(Calc_RhV!G16),NOT(ISNUMBER(Manual_RhV!G16))),"só calc",IF(AND(ISNUMBER(Manual_RhV!G16),NOT(ISNUMBER(Calc_RhV!G16))),"só manual","sem valor"))) -> 0.75309993 | H16: =IF(AND(ISNUMBER(Calc_RhV!H16),ISNUMBER(Manual_RhV!H16)),Calc_RhV!H16/Manual_RhV!H16,IF(AND(ISNUMBER(Calc_RhV!H16),NOT(ISNUMBER(Manual_RhV!H16))),"só calc",IF(AND(ISNUMBER(Manual_RhV!H16),NOT(ISNUMBER(Calc_RhV!H16))),"só manual","sem valor"))) -> 0.75330544 | I16: =IF(AND(ISNUMBER(Calc_RhV!I16),ISNUMBER(Manual_RhV!I16)),Calc_RhV!I16/Manual_RhV!I16,IF(AND(ISNUMBER(Calc_RhV!I16),NOT(ISNUMBER(Manual_RhV!I16))),"só calc",IF(AND(ISNUMBER(Manual_RhV!I16),NOT(ISNUMBER(Calc_RhV!I16))),"só manual","sem valor"))) -> 0.75309993 | J16: =IF(AND(ISNUMBER(Calc_RhV!J16),ISNUMBER(Manual_RhV!J16)),Calc_RhV!J16/Manual_RhV!J16,IF(AND(ISNUMBER(Calc_RhV!J16),NOT(ISNUMBER(Manual_RhV!J16))),"só calc",IF(AND(ISNUMBER(Manual_RhV!J16),NOT(ISNUMBER(Calc_RhV!J16))),"só manual","sem valor"))) -> 0.7531797 | ... X16: =IF(AND(ISNUMBER(Calc_RhV!X16),ISNUMBER(Manual_RhV!X16)),Calc_RhV!X16/Manual_RhV!X16,IF(AND(ISNUMBER(Calc_RhV!X16),NOT(ISNUMBER(Manual_RhV!X16))),"só calc",IF(AND(ISNUMBER(Manual_RhV!X16),NOT(ISNUMBER(Calc_RhV!X16))),"só manual","sem valor"))) -> 0.753538
A18: Média (R2–R11) | C18: =IF(COUNT(C7:C16)>=2,AVERAGE(C7:C16),"—") -> 0.7019691 | D18: =IF(COUNT(D7:D16)>=2,AVERAGE(D7:D16),"—") -> 0.7018254 | E18: =IF(COUNT(E7:E16)>=2,AVERAGE(E7:E16),"—") -> 0.7019691 | F18: =IF(COUNT(F7:F16)>=2,AVERAGE(F7:F16),"—") -> 0.70317704 | G18: =IF(COUNT(G7:G16)>=2,AVERAGE(G7:G16),"—") -> 0.7019691 | H18: =IF(COUNT(H7:H16)>=2,AVERAGE(H7:H16),"—") -> 0.70180277 | I18: =IF(COUNT(I7:I16)>=2,AVERAGE(I7:I16),"—") -> 0.7019691 | J18: =IF(COUNT(J7:J16)>=2,AVERAGE(J7:J16),"—") -> 0.70200586 | ... X18: =IF(COUNT(X7:X16)>=2,AVERAGE(X7:X16),"—") -> 0.70195975
A19: Desvio padrão | C19: =IF(COUNT(C7:C16)>=2,STDEV(C7:C16),"—") -> 0.06575365 | D19: =IF(COUNT(D7:D16)>=2,STDEV(D7:D16),"—") -> 0.067127613 | E19: =IF(COUNT(E7:E16)>=2,STDEV(E7:E16),"—") -> 0.06575365 | F19: =IF(COUNT(F7:F16)>=2,STDEV(F7:F16),"—") -> 0.066871701 | G19: =IF(COUNT(G7:G16)>=2,STDEV(G7:G16),"—") -> 0.06575365 | H19: =IF(COUNT(H7:H16)>=2,STDEV(H7:H16),"—") -> 0.0661851 | I19: =IF(COUNT(I7:I16)>=2,STDEV(I7:I16),"—") -> 0.06575365 | J19: =IF(COUNT(J7:J16)>=2,STDEV(J7:J16),"—") -> 0.065741808 | ... X19: =IF(COUNT(X7:X16)>=2,STDEV(X7:X16),"—") -> 0.065763331
A20: Mín. | C20: =IF(COUNT(C7:C16)>=2,MIN(C7:C16),"—") -> 0.56894889 | D20: =IF(COUNT(D7:D16)>=2,MIN(D7:D16),"—") -> 0.56458887 | E20: =IF(COUNT(E7:E16)>=2,MIN(E7:E16),"—") -> 0.56894889 | F20: =IF(COUNT(F7:F16)>=2,MIN(F7:F16),"—") -> 0.56939411 | G20: =IF(COUNT(G7:G16)>=2,MIN(G7:G16),"—") -> 0.56894889 | H20: =IF(COUNT(H7:H16)>=2,MIN(H7:H16),"—") -> 0.56748643 | I20: =IF(COUNT(I7:I16)>=2,MIN(I7:I16),"—") -> 0.56894889 | J20: =IF(COUNT(J7:J16)>=2,MIN(J7:J16),"—") -> 0.5690225 | ... X20: =IF(COUNT(X7:X16)>=2,MIN(X7:X16),"—") -> 0.56827235
A21: Máx. | C21: =IF(COUNT(C7:C16)>=2,MAX(C7:C16),"—") -> 0.80664062 | D21: =IF(COUNT(D7:D16)>=2,MAX(D7:D16),"—") -> 0.8083499 | E21: =IF(COUNT(E7:E16)>=2,MAX(E7:E16),"—") -> 0.80664062 | F21: =IF(COUNT(F7:F16)>=2,MAX(F7:F16),"—") -> 0.81075326 | G21: =IF(COUNT(G7:G16)>=2,MAX(G7:G16),"—") -> 0.80664062 | H21: =IF(COUNT(H7:H16)>=2,MAX(H7:H16),"—") -> 0.8061647 | I21: =IF(COUNT(I7:I16)>=2,MAX(I7:I16),"—") -> 0.80664063 | J21: =IF(COUNT(J7:J16)>=2,MAX(J7:J16),"—") -> 0.80659005 | ... X21: =IF(COUNT(X7:X16)>=2,MAX(X7:X16),"—") -> 0.80606388

Sheet Calc_AgV
A1: Calculadora — alvo AgV
A2: Fonte: amostras_todos_alvos.xlsx, aba Ag (valores copiados)
C3: P (mg/kg) | E3: S (mg/kg) | G3: Cl (mg/kg) | I3: K (mg/kg) | K3: Ca (mg/kg) | M3: Cr (mg/kg) | O3: Mn (mg/kg) | Q3: Fe (mg/kg) | S3: Ni (mg/kg) | U3: Cu (mg/kg) | W3: Zn (mg/kg) | Y3: Br (mg/kg)
A4: Medida | B4: Amostra | C4: C | D4: Erro | E4: C | F4: Erro | G4: C | H4: Erro | I4: C | J4: Erro | K4: C | L4: Erro | M4: C | N4: Erro | O4: C | P4: Erro | Q4: C | R4: Erro | S4: C | T4: Erro | U4: C | V4: Erro | W4: C | X4: Erro | Y4: C | Z4: Erro
A5: LD | C5: 266.1867 | E5: 111.10928 | G5: 41.823184 | I5: 48.904277 | K5: 37.096076 | M5: 0.72856499 | O5: 10.670178 | Q5: 7.842995 | S5: 0.22720268 | U5: 1.1772661 | W5: 5.4637812 | Y5: 12.82203
A6: ab | B6: Pd Folha tomate 3 | C6: 2161 | D6: 218.19243 | E6: 9600 | F6: 136.51808 | G6: 6600 | H6: 60.878899 | I6: 26760 | J6: 500.3816 | K6: 50450 | L6: 569.59317 | M6: 1.988 | N6: 0.48160588 | O6: 246.3 | P6: 11.244381 | Q6: 367.5 | R6: 8.548843 | S6: 1.582 | T6: 0.24829873 | U6: 4.7 | V6: 1.2661716 | W6: 30.94 | X6: 5.912336 | Y6: 1300 | Z6: 17.503293
A7: ac | B7: R2 | C7: 732.10138 | D7: 88.632222 | E7: 1604.1957 | F7: 41.135647 | G7: 1016.3212 | H7: 17.744194 | I7: 5574.5666 | J7: 110.91895 | K7: 1299.8493 | L7: 26.227537 | M7: 7.9393398 | N7: 1.3979398 | O7: 118.61706 | P7: 6.434437 | Q7: 3636.6028 | R7: 67.669419 | S7: 1.3408464 | T7: 0.19903546 | U7: 3.111894 | V7: 0.8810081 | W7: 23.714166 | X7: 4.3730616 | Y7: 24.216682 | Z7: 6.0363688
A8: ad | B8: R3 | C8: 927.64968 | D8: 100.75894 | E8: 1537.7493 | F8: 42.312055 | G8: 1777.3281 | H8: 23.340193 | I8: 5164.9554 | J8: 104.29376 | K8: 1698.1001 | L8: 30.481257 | M8: 8.4061529 | N8: 1.4778645 | O8: 110.98422 | P8: 6.1939051 | Q8: 2666.4788 | R8: 49.856061 | S8: 1.3144623 | T8: 0.19433234 | U8: 2.7721842 | V8: 0.81653567 | W8: 35.181051 | X8: 5.606608 | Y8: <LD | Z8: <LD
A9: ae | B9: R4 | C9: 676.48551 | D9: 88.050624 | E9: 1596.4897 | F9: 42.531466 | G9: 1384.6777 | H9: 20.573571 | I9: 7462.6706 | J9: 144.98584 | K9: 1439.3974 | L9: 28.040013 | M9: 4.2946724 | N9: 0.79230356 | O9: 109.83986 | P9: 6.1252509 | Q9: 2299.6092 | R9: 43.09806 | S9: 1.0711163 | T9: 0.17441274 | U9: 3.5195476 | V9: 0.92264701 | W9: 15.268475 | X9: 3.5439613 | Y9: 18.422965 | Z9: 5.5879055
A10: af | B10: R5 | C10: 842.61186 | D10: 103.47924 | E10: 2124.7925 | F10: 51.726852 | G10: 1285.681 | H10: 21.924874 | I10: 9087.0391 | J10: 176.26279 | K10: 1832.7068 | L10: 34.291293 | M10: 8.5316367 | N10: 1.5075446 | O10: 156.505 | P10: 7.9969956 | Q10: 4283.873 | R10: 79.74079 | S10: 1.3044998 | T10: 0.20558343 | U10: 2.6523081 | V10: 0.87318523 | W10: 17.512469 | X10: 3.9835429 | Y10: 22.783062 | Z10: 6.2144757
A11: ag | B11: R6 | C11: 842.47121 | D11: 103.47331 | E11: 2135.8147 | F11: 50.371441 | G11: 1353.7749 | H11: 21.866659 | I11: 9218.8268 | J11: 177.9847 | K11: 1780.4587 | L11: 33.029541 | M11: 5.4570972 | N11: 0.99680193 | O11: 185.83871 | P11: 8.8970348 | Q11: 4828.3016 | R11: 89.702697 | S11: 1.2410194 | T11: 0.20395391 | U11: 4.3198502 | V11: 1.1156632 | W11: 23.48544 | X11: 4.6529846 | Y11: 20.535023 | Z11: 6.7496957
A12: ah | B12: R7 | C12: 933.08128 | D12: 101.01846 | E12: 1612.6803 | F12: 43.308284 | G12: 1711.875 | H12: 22.909683 | I12: 5664.0534 | J12: 112.77076 | K12: 1273.4423 | L12: 26.259518 | M12: 4.2071014 | N12: 0.7754859 | O12: 138.40494 | P12: 6.9177087 | Q12: 2399.4857 | R12: 44.926088 | S12: 0.80468218 | T12: 0.14768594 | U12: 2.4241144 | V12: 0.74113755 | W12: 17.61955 | X12: 3.5453268 | Y12: 16.092736 | Z12: 5.0066411
A13: ai | B13: R8 | C13: 952.81927 | D13: 105.10855 | E13: 1494.6304 | F13: 42.877935 | G13: 1403.4625 | H13: 21.769518 | I13: 6484.5358 | J13: 128.44442 | K13: 1325.5144 | L13: 28.113342 | M13: 9.5073993 | N13: 1.6684374 | O13: 202.79417 | P13: 9.3611953 | Q13: 4631.6507 | R13: 86.064892 | S13: 1.5203556 | T13: 0.22056026 | U13: 3.7036488 | V13: 0.99064465 | W13: 20.487935 | X13: 4.1884883 | Y13: 24.932487 | Z13: 6.2598724
A14: aj | B14: R9 | C14: 1333.5514 | D14: 137.5461 | E14: 2296.9465 | F14: 55.255925 | G14: 2325.3444 | H14: 29.516963 | I14: 10857.113 | J14: 208.26347 | K14: 1457.8448 | L14: 31.215578 | M14: 8.8199255 | N14: 1.5602214 | O14: 220.66205 | P14: 10.284916 | Q14: 7220.1114 | R14: 133.77572 | S14: 1.7552113 | T14: 0.25352805 | U14: 4.5314935 | V14: 1.1775171 | W14: 27.789138 | X14: 5.2316383 | Y14: 33.886826 | Z14: 7.6026552
A15: ak | B15: R10 | C15: 1220.4912 | D15: 122.89477 | E15: 1707.0095 | F15: 45.811697 | G15: 1373.9906 | H15: 21.459047 | I15: 7210.1272 | J15: 141.34522 | K15: 1879.9649 | L15: 33.166914 | M15: 9.2956228 | N15: 1.6336826 | O15: 151.48732 | P15: 7.7478895 | Q15: 6106.3323 | R15: 113.17357 | S15: 1.5971197 | T15: 0.23023409 | U15: 4.1993505 | V15: 1.0763553 | W15: 16.192587 | X15: 3.8970514 | Y15: 23.449874 | Z15: 6.5272768
A16: al | B16: R11 | C16: 1361.9127 | D16: 128.99416 | E16: 1267.4416 | F16: 40.662071 | G16: 939.18195 | H16: 18.276317 | I16: 6092.5221 | J16: 121.48268 | K16: 1658.3691 | L16: 30.939405 | M16: 11.935576 | N16: 2.0815384 | O16: 265.98882 | P16: 11.613202 | Q16: 6779.3238 | R16: 125.59063 | S16: 1.7802597 | T16: 0.24886181 | U16: 3.4958069 | V16: 0.99353028 | W16: 17.598516 | X16: 4.1118303 | Y16: 30.855523 | Z16: 7.0657415

Sheet Manual_AgV
A1: Planilha convencional — alvo AgV
A2: Fonte: 250226_Raiz_PdTomate_AgV.xlsx — abas de cada elemento: conc. P8:S18, LD em X9 (valores copiados)
C3: P (mg/kg) | E3: S (mg/kg) | G3: Cl (mg/kg) | I3: K (mg/kg) | K3: Ca (mg/kg) | M3: Cr (mg/kg) | O3: Mn (mg/kg) | Q3: Fe (mg/kg) | S3: Ni (mg/kg) | U3: Cu (mg/kg) | W3: Zn (mg/kg) | Y3: Br (mg/kg)
A4: Medida | B4: Amostra | C4: C | D4: Erro | E4: C | F4: Erro | G4: C | H4: Erro | I4: C | J4: Erro | K4: C | L4: Erro | M4: C | N4: Erro | O4: C | P4: Erro | Q4: C | R4: Erro | S4: C | T4: Erro | U4: C | V4: Erro | W4: C | X4: Erro | Y4: C | Z4: Erro
A5: LD | C5: 301.56524 | E5: 111.10928 | G5: 41.823184 | I5: 48.904277 | K5: 37.096076 | M5: 0.72856499 | O5: 10.670178 | Q5: 7.842995 | S5: 0.23408026 | U5: 1.1772661 | W5: 5.7302813 | Y5: 12.82203
A6: ab | B6: Pd | C6: 2161 | D6: 216.38839 | E6: 9600 | F6: 136.51808 | G6: 6600 | H6: 60.878899 | I6: 26760 | J6: 500.3816 | K6: 50450 | L6: 569.59317 | M6: 1.988 | N6: 0.48160588 | O6: 246.3 | P6: 11.244381 | Q6: 367.5 | R6: 8.548843 | S6: 1.582 | T6: 0.24829873 | U6: 4.7 | V6: 1.2661716 | W6: 30.94 | X6: 5.912336 | Y6: 1300 | Z6: 17.503293
A7: ac | B7: R2 | C7: 732.10138 | D7: 88.135168 | E7: 1604.1957 | F7: 41.054099 | G7: 1016.3212 | H7: 17.786541 | I7: 5574.5666 | J7: 110.92721 | K7: 1299.8493 | L7: 26.159915 | M7: 7.9393398 | N7: 1.3979896 | O7: 118.61706 | P7: 6.4241072 | Q7: 3636.6028 | R7: 67.670831 | S7: 1.3408464 | T7: 0.19912993 | U7: 3.111894 | V7: 0.88009171 | W7: 23.714166 | X7: 4.3752966 | Y7: 24.216682 | Z7: 6.0190179
A8: ad | B8: R3 | C8: 927.64968 | D8: 99.982396 | E8: 1537.7493 | F8: 42.055569 | G8: 1777.3281 | H8: 23.34048 | I8: 5164.9554 | J8: 104.35048 | K8: 1698.1001 | L8: 30.473339 | M8: 8.4061529 | N8: 1.4780327 | O8: 110.98422 | P8: 6.1992961 | Q8: 2666.4788 | R8: 49.856914 | S8: 1.3144623 | T8: 0.19407617 | U8: 2.7721842 | V8: 0.81525811 | W8: 35.181051 | X8: 5.6011701 | Y8: erro #VALUE! | Z8: erro #VALUE!
A9: ae | B9: R4 | C9: 676.48551 | D9: 87.322029 | E9: 1596.4897 | F9: 42.663491 | G9: 1384.6777 | H9: 20.462494 | I9: 7462.6706 | J9: 144.97885 | K9: 1439.3974 | L9: 28.030139 | M9: 4.2946724 | N9: 0.79280541 | O9: 109.83986 | P9: 6.1208289 | Q9: 2299.6092 | R9: 43.096841 | S9: 1.0711163 | T9: 0.17465752 | U9: 3.5195476 | V9: 0.92244584 | W9: 15.268475 | X9: 3.5502219 | Y9: 18.422965 | Z9: 5.5931678
A10: af | B10: R5 | C10: 842.61186 | D10: 102.9469 | E10: 2124.7925 | F10: 51.663457 | G10: 1285.681 | H10: 21.937262 | I10: 9087.0391 | J10: 176.21696 | K10: 1832.7068 | L10: 34.282027 | M10: 8.5316367 | N10: 1.5077585 | O10: 156.505 | P10: 7.9993339 | Q10: 4283.873 | R10: 79.740034 | S10: 1.3044998 | T10: 0.20567888 | U10: 2.6523081 | V10: 0.87189344 | W10: 17.512469 | X10: 3.9799976 | Y10: 22.783062 | Z10: 6.2244118
A11: ag | B11: R6 | C11: 842.47121 | D11: 102.53381 | E11: 2135.8147 | F11: 50.564107 | G11: 1353.7749 | H11: 21.811906 | I11: 9218.8268 | J11: 178.02556 | K11: 1780.4587 | L11: 33.050643 | M11: 5.4570972 | N11: 0.99640203 | O11: 185.83871 | P11: 8.9130778 | Q11: 4828.3016 | R11: 89.703559 | S11: 1.2410194 | T11: 0.20362972 | U11: 4.3198502 | V11: 1.1141643 | W11: 23.48544 | X11: 4.6455983 | Y11: 20.535023 | Z11: 6.7510898
A12: ah | B12: R7 | C12: 933.08128 | D12: 100.31886 | E12: 1612.6803 | F12: 43.211033 | G12: 1711.875 | H12: 22.802871 | I12: 5664.0534 | J12: 112.80172 | K12: 1273.4423 | L12: 26.30671 | M12: 4.2071014 | N12: 0.77514119 | O12: 138.40494 | P12: 6.902602 | Q12: 2399.4857 | R12: 44.928933 | S12: 0.80468218 | T12: 0.1476099 | U12: 2.4241144 | V12: 0.74282429 | W12: 17.61955 | X12: 3.541158 | Y12: 16.092736 | Z12: 5.0232708
A13: ai | B13: R8 | C13: 952.81927 | D13: 105.15606 | E13: 1494.6304 | F13: 42.959558 | G13: 1403.4625 | H13: 21.71632 | I13: 6484.5358 | J13: 128.4179 | K13: 1325.5144 | L13: 28.118672 | M13: 9.5073993 | N13: 1.6684316 | O13: 202.79417 | P13: 9.3736193 | Q13: 4631.6507 | R13: 86.067284 | S13: 1.5203556 | T13: 0.22075125 | U13: 3.7036488 | V13: 0.99036718 | W13: 20.487935 | X13: 4.1871396 | Y13: 24.932487 | Z13: 6.2376399
A14: aj | B14: R9 | C14: 1333.5514 | D14: 136.65045 | E14: 2296.9465 | F14: 54.9635 | G14: 2325.3444 | H14: 29.596377 | I14: 10857.113 | J14: 208.28111 | K14: 1457.8448 | L14: 31.205333 | M14: 8.8199255 | N14: 1.5601051 | O14: 220.66205 | P14: 10.279988 | Q14: 7220.1114 | R14: 133.77657 | S14: 1.7552113 | T14: 0.25371238 | U14: 4.5314935 | V14: 1.1761327 | W14: 27.789138 | X14: 5.2362812 | Y14: 33.886826 | Z14: 7.6109042
A15: ak | B15: R10 | C15: 1220.4912 | D15: 121.29363 | E15: 1707.0095 | F15: 45.929302 | G15: 1373.9906 | H15: 21.370956 | I15: 7210.1272 | J15: 141.30596 | K15: 1879.9649 | L15: 33.100788 | M15: 9.2956228 | N15: 1.6333892 | O15: 151.48732 | P15: 7.7315495 | Q15: 6106.3323 | R15: 113.1719 | S15: 1.5971197 | T15: 0.23037184 | U15: 4.1993505 | V15: 1.0761524 | W15: 16.192587 | X15: 3.9000511 | Y15: 23.449874 | Z15: 6.5423885
A16: al | B16: R11 | C16: 1361.9127 | D16: 127.79504 | E16: 1267.4416 | F16: 40.964652 | G16: 939.18195 | H16: 18.28032 | I16: 6092.5221 | J16: 121.48735 | K16: 1658.3691 | L16: 30.907655 | M16: 11.935576 | N16: 2.0812852 | O16: 265.98882 | P16: 11.62421 | Q16: 6779.3238 | R16: 125.58937 | S16: 1.7802597 | T16: 0.24877171 | U16: 3.4958069 | V16: 0.99436341 | W16: 17.598516 | X16: 4.1125027 | Y16: 30.855523 | Z16: 7.0496205

Sheet Calc_AuV
A1: Calculadora — alvo AuV
A2: Fonte: amostras_todos_alvos.xlsx, aba Au (valores copiados)
C3: S (mg/kg) | E3: Cl (mg/kg) | G3: K (mg/kg) | I3: Ca (mg/kg) | K3: Cr (mg/kg) | M3: Mn (mg/kg) | O3: Fe (mg/kg) | Q3: Ni (mg/kg) | S3: Cu (mg/kg) | U3: Zn (mg/kg) | W3: Se (mg/kg)
A4: Medida | B4: Amostra | C4: C | D4: Erro | E4: C | F4: Erro | G4: C | H4: Erro | I4: C | J4: Erro | K4: C | L4: Erro | M4: C | N4: Erro | O4: C | P4: Erro | Q4: C | R4: Erro | S4: C | T4: Erro | U4: C | V4: Erro | W4: C | X4: Erro
A5: LD | C5: 711.832 | E5: 160.85398 | G5: 38.966807 | I5: 28.290219 | K5: 1.2166444 | M5: 6.9177922 | O5: 5.2566551 | Q5: 0.35951506 | S5: 1.3476564 | U5: 2.9360346 | W5: 0.0047078939
A6: ab | B6: Pd Folha tomate 3 | C6: 9600 | D6: 632.91396 | E6: 6600 | F6: 165.13798 | G6: 26760 | H6: 493.82175 | I6: 50450 | J6: 564.65388 | K6: 1.988 | L6: 0.80014644 | M6: 246.3 | N6: 9.2938701 | O6: 367.5 | P6: 6.8410118 | Q6: 1.582 | R6: 0.38343186 | S6: 4.7 | T6: 1.4403185 | U6: 30.94 | V6: 3.2347789 | W6: 0.0543 | X6: 0.0067111022
A7: ac | B7: R2 | C7: 1962.6077 | D7: 298.04167 | E7: 1749.8553 | F7: 77.279813 | G7: 8326.0959 | H7: 158.92769 | I7: 2672.9304 | J7: 39.529007 | K7: 8.9332093 | L7: 2.6527769 | M7: 420.74856 | N7: 15.133454 | O7: 5655.8146 | P7: 88.661268 | Q7: 2.0096888 | R7: 0.45408993 | S7: 6.193029 | T7: 1.7458611 | U7: 30.16662 | V7: 3.2260706 | W7: 0.058907323 | X7: 0.006915799
A8: ad | B8: R3 | C8: 1890.4096 | D8: 291.01221 | E8: 2580.5195 | F8: 90.604681 | G8: 7523.7995 | H8: 144.35172 | I8: 2601.4873 | J8: 38.585477 | K8: 31.84932 | L8: 9.1100579 | M8: 152.14017 | N8: 6.6993234 | O8: 5439.4238 | P8: 85.274308 | Q8: 4.1220804 | R8: 0.76827898 | S8: 2.7264146 | T8: 1.222027 | U8: 59.920236 | V8: 5.0562252 | W8: 0.067719158 | X8: 0.0074093874
A9: ae | B9: R4 | C9: 1996.2984 | D9: 310.53089 | E9: 2359.1044 | F9: 89.793279 | G9: 11093.955 | H9: 209.61879 | I9: 2938.2182 | J9: 43.253493 | K9: 6.0418733 | L9: 1.8900891 | M9: 154.38963 | N9: 7.0450646 | O9: 5839.8547 | P9: 91.574887 | Q9: 1.9924876 | R9: 0.47737862 | S9: 6.0816428 | T9: 1.8334195 | U9: 27.099692 | V9: 3.3319136 | W9: 0.07778523 | X9: 0.00875115
A10: af | B10: R5 | C10: 2327.2124 | D10: 327.36426 | E10: 1958.8503 | F10: 84.456902 | G10: 12341.661 | H10: 232.24767 | I10: 2991.6501 | J10: 43.814616 | K10: 24.881488 | L10: 7.1401563 | M10: 229.38257 | N10: 9.176619 | O10: 7493.6865 | P10: 117.26909 | Q10: 3.7686706 | R10: 0.72308236 | S10: 5.1652808 | T10: 1.6019684 | U10: 26.030842 | V10: 3.1447979 | W10: 0.062537385 | X10: 0.0073558279
A11: ag | B11: R6 | C11: 2475.6374 | D11: 347.49888 | E11: 2220.8299 | F11: 90.916546 | G11: 13589.593 | H11: 255.10552 | I11: 3168.543 | J11: 45.990694 | K11: 19.178969 | L11: 5.5331639 | M11: 287.37221 | N11: 11.085147 | O11: 8763.162 | P11: 137.01599 | Q11: 3.0148324 | R11: 0.62471858 | S11: 7.177983 | T11: 2.0154475 | U11: 37.731018 | V11: 3.9590712 | W11: 0.099763463 | X11: 0.010535815
A12: ah | B12: R7 | C12: 2107.172 | D12: 318.1081 | E12: 2780.2116 | F12: 97.749995 | G12: 9278.0466 | H12: 176.64901 | I12: 2744.9221 | J12: 40.832221 | K12: 11.803819 | L12: 3.4477233 | M12: 187.59085 | N12: 7.8083616 | O12: 4616.8289 | P12: 72.558004 | Q12: 2.0967685 | R12: 0.46484325 | S12: 4.6409698 | T12: 1.4902829 | U12: 26.606071 | V12: 3.0378577 | W12: 0.052599002 | X12: 0.0064693458
A13: ai | B13: R8 | C13: 1973.2962 | D13: 316.23655 | E13: 2331.8852 | F13: 89.570445 | G13: 9885.3759 | H13: 187.73045 | I13: 2390.6475 | J13: 37.256876 | K13: 43.810241 | L13: 12.516536 | M13: 255.68403 | N13: 10.089712 | O13: 11343.696 | P13: 177.1188 | Q13: 6.7295542 | R13: 1.2109943 | S13: 8.4162024 | T13: 2.2129823 | U13: 42.045838 | V13: 4.1782569 | W13: 0.080866677 | X13: 0.0091235386
A14: aj | B14: R9 | C14: 2400.0064 | D14: 358.29778 | E14: 3460.0843 | F14: 112.52024 | G14: 14079.077 | H14: 264.10738 | I14: 2432.7912 | J14: 38.594697 | K14: 24.396769 | L14: 7.000789 | M14: 223.40071 | N14: 8.9914739 | O14: 6809.5578 | P14: 106.66847 | Q14: 3.4734774 | R14: 0.67480175 | S14: 3.8435434 | T14: 1.4002655 | U14: 24.642236 | V14: 3.0738873 | W14: 0.064383077 | X14: 0.0074780723
A15: ak | B15: R10 | C15: 2740.2686 | D15: 375.39253 | E15: 2465.2581 | F15: 101.74815 | G15: 11844.519 | H15: 224.45776 | I15: 3808.6694 | J15: 53.931201 | K15: 37.5136 | L15: 10.737349 | M15: 290.43893 | N15: 11.475835 | O15: 12917.373 | P15: 201.68639 | Q15: 5.6432599 | R15: 1.0488157 | S15: 14.172675 | T15: 3.3997101 | U15: 37.277126 | V15: 4.160901 | W15: 0.1090732 | X15: 0.011591751
A16: al | B16: R11 | C16: 1291.6935 | D16: 314.67934 | E16: 1536.1961 | F16: 79.335008 | G16: 9460.5847 | H16: 180.18949 | I16: 2872.5954 | J16: 42.593447 | K16: 39.595648 | L16: 11.320958 | M16: 290.12191 | N16: 11.180877 | O16: 12829.373 | P16: 200.22747 | Q16: 5.5962422 | R16: 1.0250073 | S16: 6.8971313 | T16: 1.9422148 | U16: 39.929231 | V16: 4.0350582 | W16: 0.091956081 | X16: 0.0098658484

Sheet Manual_AuV
A1: Planilha convencional — alvo AuV
A2: Fonte: 250326_Lucas_Raiz_AuV.xlsx — abas de cada elemento: conc. P8:S18, LD em X9 (valores copiados)
C3: S (mg/kg) | E3: Cl (mg/kg) | G3: K (mg/kg) | I3: Ca (mg/kg) | K3: Cr (mg/kg) | M3: Mn (mg/kg) | O3: Fe (mg/kg) | Q3: Ni (mg/kg) | S3: Cu (mg/kg) | U3: Zn (mg/kg) | W3: Se (mg/kg)
A4: Medida | B4: Amostra | C4: C | D4: Erro | E4: C | F4: Erro | G4: C | H4: Erro | I4: C | J4: Erro | K4: C | L4: Erro | M4: C | N4: Erro | O4: C | P4: Erro | Q4: C | R4: Erro | S4: C | T4: Erro | U4: C | V4: Erro | W4: C | X4: Erro
A5: LD | C5: erro #VALUE! | E5: erro #VALUE! | G5: erro #VALUE! | I5: erro #VALUE! | K5: 1.2166444 | M5: erro #VALUE! | O5: erro #VALUE! | Q5: erro #VALUE! | S5: erro #VALUE! | U5: erro #VALUE! | W5: erro #VALUE!
A6: ab | B6: PD | C6: 9600 | D6: 632.91396 | E6: 6600 | F6: 165.13798 | G6: 26760 | H6: 493.82175 | I6: 50450 | J6: 564.65388 | K6: 1.988 | L6: 0.80014644 | M6: 246.3 | N6: 9.2938701 | O6: 367.5 | P6: 6.8410118 | Q6: 1.582 | R6: 0.38343186 | S6: 4.7 | T6: 1.4403185 | U6: 30.94 | V6: 3.2347789 | W6: 0.0543 | X6: 0.0067111022
A7: ac | B7: R2 | C7: 1962.6077 | D7: 298.60233 | E7: 1749.8553 | F7: 77.17015 | G7: 8326.0959 | H7: 158.94703 | I7: 2672.9304 | J7: 39.548392 | K7: 8.9332093 | L7: 2.6529598 | M7: 420.74856 | N7: 15.132692 | O7: 5655.8146 | P7: 88.660077 | Q7: 2.0096888 | R7: 0.45401561 | S7: 6.193029 | T7: 1.745051 | U7: 30.16662 | V7: 3.2271287 | W7: 0.058907323 | X7: 0.0069116801
A8: ad | B8: R3 | C8: 1890.4096 | D8: 291.26502 | E8: 2580.5195 | F8: 90.515915 | G8: 7523.7995 | H8: 144.31306 | I8: 2601.4873 | J8: 38.551107 | K8: 31.84932 | L8: 9.1100746 | M8: 152.14017 | N8: 6.7087451 | O8: 5439.4238 | P8: 85.274985 | Q8: 4.1220804 | R8: 0.76813295 | S8: 2.7264146 | T8: 1.2215944 | U8: 59.920236 | V8: 5.0548297 | W8: 0.067719158 | X8: 0.0074100216
A9: ae | B9: R4 | C9: 1996.2984 | D9: 310.81156 | E9: 2359.1044 | F9: 90.078126 | G9: 11093.955 | H9: 209.63224 | I9: 2938.2182 | J9: 43.212119 | K9: 6.0418733 | L9: 1.8895129 | M9: 154.38963 | N9: 7.0369369 | O9: 5839.8547 | P9: 91.575459 | Q9: 1.9924876 | R9: 0.47704943 | S9: 6.0816428 | T9: 1.832909 | U9: 27.099692 | V9: 3.3309654 | W9: 0.07778523 | X9: 0.0087547547
A10: af | B10: R5 | C10: 2327.2124 | D10: 330.08372 | E10: 1958.8503 | F10: 84.580219 | G10: 12341.661 | H10: 232.25298 | I10: 2991.6501 | J10: 43.834796 | K10: 24.881488 | L10: 7.1399408 | M10: 229.38257 | N10: 9.1744626 | O10: 7493.6865 | P10: 117.26844 | Q10: 3.7686706 | R10: 0.72293547 | S10: 5.1652808 | T10: 1.601113 | U10: 26.030842 | V10: 3.1447124 | W10: 0.062537385 | X10: 0.0073534949
A11: ag | B11: R6 | C11: 2475.6374 | D11: 350.14175 | E11: 2220.8299 | F11: 91.397924 | G11: 13589.593 | H11: 255.08921 | I11: 3168.543 | J11: 45.970177 | K11: 19.178969 | L11: 5.5326824 | M11: 287.37221 | N11: 11.082299 | O11: 8763.162 | P11: 137.01705 | Q11: 3.0148324 | R11: 0.62463134 | S11: 7.177983 | T11: 2.0145952 | U11: 37.731018 | V11: 3.9570169 | W11: 0.099763463 | X11: 0.01053541
A12: ah | B12: R7 | C12: 2107.172 | D12: 315.67745 | E12: 2780.2116 | F12: 97.741419 | G12: 9278.0466 | H12: 176.61313 | I12: 2744.9221 | J12: 40.845923 | K12: 11.803819 | L12: 3.4478907 | M12: 187.59085 | N12: 7.8166482 | O12: 4616.8289 | P12: 72.558035 | Q12: 2.0967685 | R12: 0.46498086 | S12: 4.6409698 | T12: 1.4915251 | U12: 26.606071 | V12: 3.0399676 | W12: 0.052599002 | X12: 0.0064709521
A13: ai | B13: R8 | C13: 1973.2962 | D13: 314.51663 | E13: 2331.8852 | F13: 89.578796 | G13: 9885.3759 | H13: 187.76334 | I13: 2390.6475 | J13: 37.231753 | K13: 43.810241 | L13: 12.516678 | M13: 255.68403 | N13: 10.088255 | O13: 11343.696 | P13: 177.11942 | Q13: 6.7295542 | R13: 1.2108674 | S13: 8.4162024 | T13: 2.2142241 | U13: 42.045838 | V13: 4.1778112 | W13: 0.080866677 | X13: 0.0091242238
A14: aj | B14: R9 | C14: 2400.0064 | D14: 358.59618 | E14: 3460.0843 | F14: 112.17625 | G14: 14079.077 | H14: 264.12176 | I14: 2432.7912 | J14: 38.613043 | K14: 24.396769 | L14: 7.0010368 | M14: 223.40071 | N14: 8.9836788 | O14: 6809.5578 | P14: 106.6678 | Q14: 3.4734774 | R14: 0.67493434 | S14: 3.8435434 | T14: 1.4018263 | U14: 24.642236 | V14: 3.071284 | W14: 0.064383077 | X14: 0.0074825214
A15: ak | B15: R10 | C15: 2740.2686 | D15: 378.21394 | E15: 2465.2581 | F15: 101.24324 | G15: 11844.519 | H15: 224.46962 | I15: 3808.6694 | J15: 53.980277 | K15: 37.5136 | L15: 10.737651 | M15: 290.43893 | N15: 11.482115 | O15: 12917.373 | P15: 201.68591 | Q15: 5.6432599 | R15: 1.0487968 | S15: 14.172675 | T15: 3.3995199 | U15: 37.277126 | V15: 4.1603186 | W15: 0.1090732 | X15: 0.011590094
A16: al | B16: R11 | C16: 1291.6935 | D16: 311.99023 | E16: 1536.1961 | F16: 79.814244 | G16: 9460.5847 | H16: 180.21873 | I16: 2872.5954 | J16: 42.582799 | K16: 39.595648 | L16: 11.320851 | M16: 290.12191 | N16: 11.188435 | O16: 12829.373 | P16: 200.22697 | Q16: 5.5962422 | R16: 1.0248464 | S16: 6.8971313 | T16: 1.9429497 | U16: 39.929231 | V16: 4.0335829 | W16: 0.091956081 | X16: 0.0098637436

Sheet Calc_RhV
A1: Calculadora — alvo RhV
A2: Fonte: amostras_todos_alvos.xlsx, aba Rh (valores copiados)
C3: P (mg/kg) | E3: S (mg/kg) | G3: Cl (mg/kg) | I3: K (mg/kg) | K3: Ca (mg/kg) | M3: Cr (mg/kg) | O3: Mn (mg/kg) | Q3: Fe (mg/kg) | S3: Ni (mg/kg) | U3: Cu (mg/kg) | W3: Zn (mg/kg)
A4: Medida | B4: Amostra | C4: C | D4: Erro | E4: C | F4: Erro | G4: C | H4: Erro | I4: C | J4: Erro | K4: C | L4: Erro | M4: C | N4: Erro | O4: C | P4: Erro | Q4: C | R4: Erro | S4: C | T4: Erro | U4: C | V4: Erro | W4: C | X4: Erro
A5: LD | C5: 440.34522 | E5: 131.9429 | G5: 69.029941 | I5: 53.102824 | K5: 35.597085 | M5: 0.38761043 | O5: 10.316501 | Q5: 6.1566251 | S5: 0.36585978 | U5: 2.9945011 | W5: 7.5409553
A6: ab | B6: Pd Folha tomate 3 | C6: 2161 | D6: 329.5347 | E6: 9600 | F6: 126.83089 | G6: 6600 | H6: 80.181964 | I6: 26760 | J6: 490.03558 | K6: 50450 | L6: 560.18906 | M6: 1.988 | N6: 0.26610454 | O6: 246.3 | P6: 10.63737 | Q6: 367.5 | R6: 7.0545543 | S6: 1.582 | T6: 0.39102901 | U6: 4.7 | V6: 3.1347949 | W6: 30.94 | X6: 7.9804062
A7: ac | B7: R2 | C7: 1289.2132 | D7: 177.28579 | E7: 1277.4689 | F7: 35.859024 | G7: 1272.726 | H7: 26.993302 | I7: 4808.2273 | J7: 91.254561 | K7: 1350.2245 | L7: 20.529163 | M7: 3.0872881 | N7: 0.33068999 | O7: 82.248589 | P7: 4.8882575 | Q7: 2270.2607 | R7: 36.571656 | S7: 0.95214073 | T7: 0.24996298 | U7: 4.0576198 | V7: 2.4001683 | W7: 17.242051 | X7: 4.7578759
A8: ad | B8: R3 | C8: 931.1607 | D8: 145.47559 | E8: 1063.9104 | F8: 33.837299 | G8: 1708.7699 | H8: 29.869831 | I8: 3965.4897 | J8: 75.996187 | K8: 1475.2194 | L8: 21.467979 | M8: 4.7831266 | N8: 0.480498 | O8: 90.186759 | P8: 4.9634768 | Q8: 1972.9482 | R8: 31.827637 | S8: 1.3350563 | T8: 0.2933992 | U8: <LD | V8: <LD | W8: 39.015199 | X8: 7.9037341
A9: ae | B9: R4 | C9: 1162.92 | D9: 166.74398 | E9: 994.85533 | F9: 33.182724 | G9: 1394.85 | H9: 27.435003 | I9: 5693.0857 | J9: 107.00623 | K9: 1429.1139 | L9: 21.245054 | M9: 1.6928262 | N9: 0.21425252 | O9: 79.536727 | P9: 4.711613 | Q9: 1700.4837 | R9: 27.525211 | S9: 0.64838195 | T9: 0.21786894 | U9: <LD | V9: <LD | W9: 14.800307 | X9: 4.5290705
A10: af | B10: R5 | C10: 998.99592 | D10: 163.59474 | E10: 1593.0385 | F10: 41.477414 | G10: 1369.6407 | H10: 29.160141 | I10: 7491.2178 | J10: 139.78879 | K10: 1788.4701 | L10: 25.699538 | M10: 4.8435762 | N10: 0.49163712 | O10: 130.67376 | P10: 6.4315961 | Q10: 3348.3859 | R10: 53.720377 | S10: 1.5387529 | T10: 0.33562229 | U10: <LD | V10: <LD | W10: 14.629563 | X10: 4.6393991
A11: ag | B11: R6 | C11: 604.58813 | D11: 79.209387 | E11: 722.71525 | F11: 21.196909 | G11: 1153.4383 | H11: 18.82701 | I11: 5533.3787 | J11: 103.06545 | K11: 1355.3841 | L11: 19.168663 | M11: 2.6607599 | N11: 0.28296611 | O11: 110.7227 | P11: 5.2559629 | Q11: 2728.772 | R11: 43.749565 | S11: 0.66168199 | T11: 0.20029146 | U11: 4.6693198 | V11: 2.5151735 | W11: 12.708457 | X11: 3.9001276
A12: ah | B12: R7 | C12: 1554.6218 | D12: 208.27672 | E12: 1405.1062 | F12: 39.028937 | G12: 1896.6793 | H12: 32.601035 | I12: 5965.1506 | J12: 112.18066 | K12: 1722.9322 | L12: 24.616394 | M12: 4.203328 | N12: 0.43349582 | O12: 164.31528 | P12: 7.4415418 | Q12: 2925.8363 | R12: 46.995883 | S12: 1.3469335 | T12: 0.31296844 | U12: 4.5618442 | V12: 2.6882098 | W12: 24.863755 | X12: 6.0517305
A13: ai | B13: R8 | C13: 1073.3871 | D13: 161.09678 | E13: 1079.8498 | F13: 33.881336 | G13: 1352.7664 | H13: 26.877398 | I13: 5018.6669 | J13: 94.770004 | K13: 1269.8179 | L13: 19.400264 | M13: 4.6437075 | N13: 0.46890558 | O13: 131.61568 | P13: 6.267015 | Q13: 3157.5712 | R13: 50.633284 | S13: 1.6943313 | T13: 0.35604703 | U13: 4.7738594 | V13: 2.7225866 | W13: 20.589618 | X13: 5.3745631
A14: aj | B14: R9 | C14: 1899.7919 | D14: 247.83949 | E14: 1507.0582 | F14: 41.65694 | G14: 2049.2428 | H14: 34.605964 | I14: 9029.548 | J14: 167.49293 | K14: 1542.3593 | L14: 23.12097 | M14: 5.2858899 | N14: 0.53200881 | O14: 169.90025 | P14: 7.6508951 | Q14: 4694.9775 | R14: 75.1107 | S14: 1.9312467 | T14: 0.3969818 | U14: 12.122462 | V14: 5.9447891 | W14: 25.514644 | X14: 6.1712406
A15: ak | B15: R10 | C15: 2078.0946 | D15: 267.63657 | E15: 1668.6083 | F15: 44.936431 | G15: 1610.7432 | H15: 32.648694 | I15: 7296.8561 | J15: 136.76337 | K15: 2296.3725 | L15: 31.548204 | M15: 6.5049836 | N15: 0.65047162 | O15: 145.04971 | P15: 7.2159355 | Q15: 4770.3382 | R15: 76.358439 | S15: 2.2123002 | T15: 0.45464536 | U15: 5.3806032 | V15: 3.1282282 | W15: 20.489654 | X15: 5.8683428
A16: al | B16: R11 | C16: 1993.9612 | D16: 255.15767 | E16: 935.59854 | F16: 36.351513 | G16: 1077.1785 | H16: 26.774519 | I16: 5330.7614 | J16: 101.05124 | K16: 1766.4278 | L16: 25.361965 | M16: 7.8717168 | N16: 0.77357248 | O16: 166.57574 | P16: 7.6605005 | Q16: 5531.5815 | R16: 88.411014 | S16: 2.7270513 | T16: 0.52544715 | U16: 4.5469856 | V16: 2.7044309 | W16: 25.813923 | X16: 6.3021292

Sheet Manual_RhV
A1: Planilha convencional — alvo RhV
A2: Fonte: 110326_Raiz_FolhaTomate_RhV.xlsx — abas de cada elemento: conc. P8:S18, LD em X9 (valores copiados)
C3: P (mg/kg) | E3: S (mg/kg) | G3: Cl (mg/kg) | I3: K (mg/kg) | K3: Ca (mg/kg) | M3: Cr (mg/kg) | O3: Mn (mg/kg) | Q3: Fe (mg/kg) | S3: Ni (mg/kg) | U3: Cu (mg/kg) | W3: Zn (mg/kg)
A4: Medida | B4: Amostra | C4: C | D4: Erro | E4: C | F4: Erro | G4: C | H4: Erro | I4: C | J4: Erro | K4: C | L4: Erro | M4: C | N4: Erro | O4: C | P4: Erro | Q4: C | R4: Erro | S4: C | T4: Erro | U4: C | V4: Erro | W4: C | X4: Erro
A5: LD | C5: 440.34522 | E5: 131.9429 | G5: 69.029941 | I5: 53.102824 | K5: 35.597085 | M5: 0.38682559 | O5: 10.316501 | Q5: 6.1566251 | S5: 0.36585978 | U5: 2.9945011 | W5: 7.5409553
A6: ab | B6: Pd | C6: 2161 | D6: 329.5347 | E6: 9600 | F6: 126.83089 | G6: 6600 | H6: 80.181964 | I6: 26760 | J6: 490.03558 | K6: 50450 | L6: 560.18906 | M6: 1.988 | N6: 0.26610454 | O6: 246.3 | P6: 10.63737 | Q6: 367.5 | R6: 7.0545543 | S6: 1.582 | T6: 0.39102901 | U6: 4.7 | V6: 3.1347949 | W6: 30.94 | X6: 7.9804062
A7: ac | B7: R2 | C7: 1855.156 | D7: 255.78741 | E7: 1838.2562 | F7: 51.466609 | G7: 1831.4311 | H7: 38.898385 | I7: 6918.9576 | J7: 131.31067 | K7: 1942.9502 | L7: 29.567368 | M7: 4.4425553 | N7: 0.4760706 | O7: 118.35433 | P7: 7.0314365 | Q7: 3266.8666 | R7: 52.625206 | S7: 1.3701144 | T7: 0.36015138 | U7: 5.8388462 | V7: 3.4525097 | W7: 24.81102 | X7: 6.8478574
A8: ad | B8: R3 | C8: 1406.436 | D8: 219.74518 | E8: 1606.9427 | F8: 50.78644 | G8: 2580.946 | H8: 44.976744 | I8: 5989.5218 | J8: 114.80484 | K8: 2228.1886 | L8: 32.445661 | M8: 7.2244901 | N8: 0.72550826 | O8: 136.21913 | P8: 7.4818635 | Q8: 2979.9638 | R8: 48.072133 | S8: 2.0164846 | T8: 0.44348191 | U8: erro #VALUE! | V8: erro #VALUE! | W8: 58.92901 | X8: 11.932404
A9: ae | B9: R4 | C9: 1712.28 | D9: 245.29751 | E9: 1464.8221 | F9: 48.996567 | G9: 2053.7731 | H9: 40.508049 | I9: 8382.4829 | J9: 157.53228 | K9: 2104.2232 | L9: 31.268453 | M9: 2.4925123 | N9: 0.31541975 | O9: 117.10965 | P9: 6.945639 | Q9: 2503.7873 | R9: 40.527431 | S9: 0.9546757 | T9: 0.32008581 | U9: erro #VALUE! | V9: erro #VALUE! | W9: 21.79193 | X9: 6.6579725
A10: af | B10: R5 | C10: 1343.9277 | D10: 220.0967 | E10: 2143.0803 | F10: 55.671984 | G10: 1842.5482 | H10: 39.140356 | I10: 10077.774 | J10: 188.03574 | K10: 2405.9903 | L10: 34.547308 | M10: 6.5159586 | N10: 0.66106611 | O10: 175.7926 | P10: 8.6426017 | Q10: 4504.5114 | R10: 72.269399 | S10: 2.0700512 | T10: 0.45174421 | U10: erro #VALUE! | V10: erro #VALUE! | W10: 19.680836 | X10: 6.2475638
A11: ag | B11: R6 | C11: 1062.6405 | D11: 140.29569 | E11: 1270.2639 | F11: 37.227131 | G11: 2027.3144 | H11: 33.176142 | I11: 9725.6165 | J11: 181.1272 | K11: 2382.2598 | L11: 33.670755 | M11: 4.6766237 | N11: 0.49675503 | O11: 194.60922 | P11: 9.2393208 | Q11: 4796.1637 | R11: 76.89522 | S11: 1.1629902 | T11: 0.35126768 | U11: 8.2069231 | V11: 4.418467 | W11: 22.336728 | X11: 6.8631311
A12: ah | B12: R7 | C12: 2190.0217 | D12: 292.77322 | E12: 1979.3966 | F12: 54.6791 | G12: 2671.8838 | H12: 45.94353 | I12: 8403.2073 | J12: 158.02034 | K12: 2427.1234 | L12: 34.725823 | M12: 5.9212983 | N12: 0.61036929 | O12: 231.47368 | P12: 10.490803 | Q12: 4121.6744 | R12: 66.205065 | S12: 1.8974477 | T12: 0.44143001 | U12: 6.4263462 | V12: 3.7882703 | W12: 35.025987 | X12: 8.526161
A13: ai | B13: R8 | C13: 1631.9122 | D13: 244.8955 | E13: 1641.7377 | F13: 51.818872 | G13: 2056.6635 | H13: 40.919513 | I13: 7630.0749 | J13: 144.06405 | K13: 1930.5537 | L13: 29.468891 | M13: 7.0600095 | N13: 0.7126511 | O13: 200.10045 | P13: 9.5112974 | Q13: 4800.5786 | R13: 76.981219 | S13: 2.5759579 | T13: 0.54109325 | U13: 7.2578846 | V13: 4.1395726 | W13: 31.303199 | X13: 8.172174
A14: aj | B14: R9 | C14: 2553.9091 | D14: 332.74082 | E14: 2025.9533 | F14: 56.209844 | G14: 2754.8174 | H14: 46.494817 | I14: 12138.511 | J14: 225.14663 | K14: 2073.409 | L14: 31.098335 | M14: 7.1058743 | N14: 0.71526467 | O14: 228.39859 | P14: 10.292354 | Q14: 6311.5049 | R14: 100.97182 | S14: 2.5961941 | T14: 0.53393499 | U14: 16.296346 | V14: 7.990937 | W14: 34.299589 | X14: 8.2917934
A15: ak | B15: R10 | C15: 2576.2335 | D15: 331.09 | E15: 2068.5895 | F15: 55.425533 | G15: 1996.8535 | H15: 40.498789 | I15: 9045.9814 | J15: 169.55748 | K15: 2846.8347 | L15: 39.085631 | M15: 8.0642896 | N15: 0.80616709 | O15: 179.8195 | P15: 8.9485945 | Q15: 5913.8333 | R15: 94.660818 | S15: 2.7426095 | T15: 0.56334296 | U15: 6.6703846 | V15: 3.8758728 | W15: 25.401218 | X15: 7.2802453
A16: al | B16: R11 | C16: 2647.6715 | D16: 338.81157 | E16: 1242.3299 | F16: 47.981508 | G16: 1430.3261 | H16: 35.542713 | I16: 7078.4251 | J16: 134.16618 | K16: 2345.5424 | L16: 33.658366 | M16: 10.45242 | N16: 1.0270491 | O16: 221.18677 | P16: 10.165162 | Q16: 7345.083 | R16: 117.39629 | S16: 3.6211016 | T16: 0.69754656 | U16: 6.0376923 | V16: 3.5928923 | W16: 34.276889 | X16: 8.3633861
