Workbook

Sheet Padrões
B1: Adicionar Slots | E1: Banco de Dados para Padrões | N1: Informações | O1: Acrescente seu padrão substituindo-o em alguma coluna, preferencialmente nas últimas colunas de nome "Pd", basta trocar o nome do padrão e colocar os valores em mg/kg!!
B3: Padrões | C3: Indices | E3: Padrões adicionados
C4: Concentração | D4: erro | E4: Farinha de Soja | H4: Folha de Tomate | K4: Farinha de Trigo | N4: Cinza de Madeira (MAD811) | Q4: Solo Buffalo 8704 | T4: Solo Montana 2710 | W4: Pd3 | Z4: pd4 | AC4: pd5 | AF4: p6 | AI4: Pd | AL4: Pd 1 | AO4: Pd 2
B5: =E4 -> Farinha de Soja | C5: 2 | D5: =C5+1 -> 3 | E5: Elemento | F5: C (mg/kg) | G5: erro | H5: Elemento | I5: C (mg/kg) | J5: erro | K5: Elemento | L5: C (mg/kg) | M5: erro | N5: Elemento | O5: C (mg/kg) | P5: erro | Q5: Elemento | R5: C (mg/kg) | S5: erro | T5: Elemento | U5: C (mg/kg) | V5: erro | W5: Elemento | X5: C (mg/kg) | Y5: erro | Z5: Elemento | AA5: C (mg/kg) | AB5: erro | AC5: Elemento | AD5: C (mg/kg) | AE5: erro | AF5: Elemento | AG5: C (mg/kg) | AH5: erro | AI5: Elemento | AJ5: C (mg/kg) | AK5: erro | AL5: Elemento | AM5: C (mg/kg) | AN5: erro | AO5: Elemento | AP5: C (mg/kg) | AQ5: erro
B6: =H4 -> Folha de Tomate | C6: =C5+3 -> 5 | D6: =C6+1 -> 6 | E6: Al | H6: Al | I6: 598.4 | J6: 7.1 | K6: Al | N6: Al | Q6: Al | R6: =61*1000 -> 61000 | S6: =0.18*10*1000 -> 1800 | T6: Al | U6: =64.4*1000 -> 64400 | W6: Al | Z6: Al | AC6: Al | AF6: Al | AI6: Al | AL6: Al | AO6: Al
B7: =K4 -> Farinha de Trigo | C7: =C6+3 -> 8 | D7: =C7+1 -> 9 | E7: Si | H7: Si | K7: Si | N7: Si | Q7: Si | T7: Si | U7: =289.7*1000 -> 289700 | W7: Si | Z7: Si | AC7: Si | AF7: Si | AI7: Si | AL7: Si | AO7: Si
B8: =N4 -> Cinza de Madeira (MAD811) | C8: =C7+3 -> 11 | D8: =C8+1 -> 12 | E8: P | F8: 5250 | G8: 431 | H8: P | I8: 2161 | J8: 28 | K8: P | L8: 1333 | M8: 36 | N8: P | Q8: P | T8: P | U8: =10.06*1000 -> 10060 | W8: P | Z8: P | AC8: P | AF8: P | AI8: P | AL8: P | AO8: P
B9: =Q4 -> Solo Buffalo 8704 | C9: =C8+3 -> 14 | D9: =C9+1 -> 15 | E9: S | F9: 258 | G9: 2 | H9: S | I9: 9600 | K9: S | L9: 1645 | M9: 25 | N9: S | Q9: S | T9: S | U9: =2.4*1000 -> 2400 | W9: S | Z9: S | AC9: S | AF9: S | AI9: S | AL9: S | AO9: S
B10: =T4 -> Solo Montana 2710 | C10: =C9+3 -> 17 | D10: =C10+1 -> 18 | E10: Cl | H10: Cl | I10: 6600 | K10: Cl | L10: 565.3 | M10: 8.6 | N10: Cl | Q10: Cl | T10: Cl | W10: Cl | Z10: Cl | AC10: Cl | AF10: Cl | AI10: Cl | AL10: Cl | AO10: Cl
B11: =W4 -> Pd3 | C11: =C10+3 -> 20 | D11: =C11+1 -> 21 | E11: Ar | H11: Ar | K11: Ar | N11: Ar | Q11: Ar | T11: Ar | W11: Ar | Z11: Ar | AC11: Ar | AF11: Ar | AI11: Ar | AL11: Ar | AO11: Ar
B12: =Z4 -> pd4 | C12: =C11+3 -> 23 | D12: =C12+1 -> 24 | E12: K | F12: 17762 | G12: 1068 | H12: K | I12: 26760 | J12: 480 | K12: K | L12: 1325 | M12: 20 | N12: K | O12: =123*1000 -> 123000 | Q12: K | R12: =20.01*1000 -> 20010 | S12: 410 | T12: K | U12: =21.1*1000 -> 21100 | W12: K | Z12: K | AC12: K | AF12: K | AI12: K | AL12: K | AO12: K
B13: =AC4 -> pd5 | C13: =C12+3 -> 26 | D13: =C13+1 -> 27 | E13: Ca | F13: 2022 | G13: 199 | H13: Ca | I13: 50450 | J13: 550 | K13: Ca | L13: 191.4 | M13: 3.3 | N13: Ca | O13: =103*1000 -> 103000 | Q13: Ca | R13: =26.41*1000 -> 26410 | S13: =0.083*10*1000 -> 830 | T13: Ca | U13: =12.5*1000 -> 12500 | W13: Ca | Z13: Ca | AC13: Ca | AF13: Ca | AI13: Ca | AL13: Ca | AO13: Ca
B14: =AF4 -> p6 | C14: =C13+3 -> 29 | D14: =C14+1 -> 30 | E14: Sc | H14: Sc | I14: 0.1 | K14: Sc | N14: Sc | Q14: Sc | R14: 11.26 | S14: 0.19 | T14: Sc | U14: 8.7 | W14: Sc | Z14: Sc | AC14: Sc | AF14: Sc | AI14: Sc | AL14: Sc | AO14: Sc
B15: =AI4 -> Pd | C15: =C14+3 -> 32 | D15: =C15+1 -> 33 | E15: Ti | H15: Ti | K15: Ti | N15: Ti | Q15: Ti | R15: =4.57*1000 -> 4570 | S15: =0.02*10*1000 -> 200 | T15: Ti | U15: =2.83*1000 -> 2830 | W15: Ti | Z15: Ti | AC15: Ti | AF15: Ti | AI15: Ti | AL15: Ti | AO15: Ti
B16: =AL4 -> Pd 1 | C16: =C15+3 -> 35 | D16: =C16+1 -> 36 | E16: V | H16: V | I16: 0.835 | J16: 0.034 | K16: V | N16: V | Q16: V | R16: 94.6 | S16: 4 | T16: V | U16: 76.6 | V16: 2.3 | W16: V | Z16: V | AC16: V | AF16: V | AI16: V | AL16: V | AO16: V
B17: =AO4 -> Pd 2 | C17: =C16+3 -> 38 | D17: =C17+1 -> 39 | E17: Cr | H17: Cr | I17: 1.988 | J17: 0.034 | K17: Cr | N17: Cr | Q17: Cr | R17: 121.9 | S17: 3.8 | T17: Cr | U17: 39 | W17: Cr | Z17: Cr | AC17: Cr | AF17: Cr | AI17: Cr | AL17: Cr | AO17: Cr
C18: =C17+3 -> 41 | D18: =C18+1 -> 42 | E18: Mn | F18: 32.6 | G18: 3.7 | H18: Mn | I18: 246.3 | J18: 7.1 | K18: Mn | L18: 9 | M18: 0.78 | N18: Mn | Q18: Mn | R18: 544 | S18: 21 | T18: Mn | U18: =10.1*1000 -> 10100 | W18: Mn | Z18: Mn | AC18: Mn | AF18: Mn | AI18: Mn | AL18: Mn | AO18: Mn
C19: =C18+3 -> 44 | D19: =C19+1 -> 45 | E19: Fe | F19: 137 | G19: 17 | H19: Fe | I19: 367.5 | J19: 4.3 | K19: Fe | L19: 14.11 | M19: 0.33 | N19: Fe | O19: 115 | Q19: Fe | R19: =39.7*1000 -> 39700 | S19: =0.1*10*1000 -> 1000 | T19: Fe | U19: =33.8*1000 -> 33800 | W19: Fe | Z19: Fe | AC19: Fe | AF19: Fe | AI19: Fe | AL19: Fe | AO19: Fe
C20: =C19+3 -> 47 | D20: =C20+1 -> 48 | E20: Co | H20: Co | I20: 0.5773 | J20: 0.0071 | K20: Co | N20: Co | O20: 1.22 | Q20: Co | R20: 13.57 | S20: 0.43 | T20: Co | U20: 10 | W20: Co | Z20: Co | AC20: Co | AF20: Co | AI20: Co | AL20: Co | AO20: Co
C21: =C20+3 -> 50 | D21: =C21+1 -> 51 | E21: Ni | H21: Ni | I21: 1.582 | J21: 0.041 | K21: Ni | N21: Ni | Q21: Ni | R21: 42.9 | S21: 3.7 | T21: Ni | U21: 14.3 | V21: 1 | W21: Ni | Z21: Ni | AC21: Ni | AF21: Ni | AI21: Ni | AL21: Ni | AO21: Ni
C22: =C21+3 -> 53 | D22: =C22+1 -> 54 | E22: Cu | F22: 12.8 | G22: 2.8 | H22: Cu | I22: 4.7 | J22: 0.14 | K22: Cu | L22: 2.03 | M22: 0.14 | N22: Cu | Q22: Cu | T22: Cu | U22: 2950 | V22: 130 | W22: Cu | Z22: Cu | AC22: Cu | AF22: Cu | AI22: Cu | AL22: Cu | AO22: Cu
C23: =C22+3 -> 56 | D23: =C23+1 -> 57 | E23: Zn | F23: 35.9 | G23: 5.8 | H23: Zn | I23: 30.94 | J23: 0.55 | K23: Zn | L23: 11.61 | M23: 0.26 | N23: Zn | O23: 103 | Q23: Zn | R23: 408 | S23: 15 | T23: Zn | U23: 6952 | V23: 91 | W23: Zn | Z23: Zn | AC23: Zn | AF23: Zn | AI23: Zn | AL23: Zn | AO23: Zn
E24: Ga | H24: Ga | K24: Ga | N24: Ga | Q24: Ga | T24: Ga | U24: 34 | W24: Ga | Z24: Ga | AC24: Ga | AF24: Ga | AI24: Ga | AL24: Ga | AO24: Ga
E25: Ge | H25: Ge | K25: Ge | N25: Ge | Q25: Ge | T25: Ge | W25: Ge | Z25: Ge | AC25: Ge | AF25: Ge | AI25: Ge | AL25: Ge | AO25: Ge
E26: As | H26: As | I26: 0.1126 | J26: 0.0024 | K26: As | N26: As | Q26: As | R26: 17 | T26: As | U26: 626 | V26: 38 | W26: As | Z26: As | AC26: As | AF26: As | AI26: As | AL26: As | AO26: As
E27: Se | H27: Se | I27: 0.0543 | J27: 0.002 | K27: Se | L27: 1.14 | M27: 0.1 | N27: Se | Q27: Se | T27: Se | W27: Se | Z27: Se | AC27: Se | AF27: Se | AI27: Se | AL27: Se | AO27: Se
E28: Br | H28: Br | I28: 1300 | K28: Br | N28: Br | Q28: Br | T28: Br | U28: 6 | W28: Br | Z28: Br | AC28: Br | AF28: Br | AI28: Br | AL28: Br | AO28: Br
E29: Kr | H29: Kr | K29: Kr | N29: Kr | Q29: Kr | T29: Kr | W29: Kr | Z29: Kr | AC29: Kr | AF29: Kr | AI29: Kr | AL29: Kr | AO29: Kr
E30: Rb | H30: Rb | I30: 14.83 | J30: 0.31 | K30: Rb | L30: 0.671 | M30: 0.012 | N30: Rb | O30: 578 | Q30: Rb | T30: Rb | U30: 120 | W30: Rb | Z30: Rb | AC30: Rb | AF30: Rb | AI30: Rb | AL30: Rb | AO30: Rb
E31: Sr | H31: Sr | I31: 85 | K31: Sr | N31: Sr | Q31: Sr | T31: Sr | U31: 330 | W31: Sr | Z31: Sr | AC31: Sr | AF31: Sr | AI31: Sr | AL31: Sr | AO31: Sr
E32: Y | H32: Y | K32: Y | N32: Y | Q32: Y | T32: Y | U32: 23 | W32: Y | Z32: Y | AC32: Y | AF32: Y | AI32: Y | AL32: Y | AO32: Y
E33: Zr | H33: Zr | K33: Zr | N33: Zr | Q33: Zr | T33: Zr | W33: Zr | Z33: Zr | AC33: Zr | AF33: Zr | AI33: Zr | AL33: Zr | AO33: Zr
E34: Nb | H34: Nb | K34: Nb | N34: Nb | Q34: Nb | T34: Nb | W34: Nb | Z34: Nb | AC34: Nb | AF34: Nb | AI34: Nb | AL34: Nb | AO34: Nb
E35: Mo | H35: Mo | I35: 0.46 | K35: Mo | L35: 0.464 | M35: 0.034 | N35: Mo | Q35: Mo | T35: Mo | U35: 19 | W35: Mo | Z35: Mo | AC35: Mo | AF35: Mo | AI35: Mo | AL35: Mo | AO35: Mo
E36: Tc | H36: Tc | K36: Tc | N36: Tc | Q36: Tc | T36: Tc | W36: Tc | Z36: Tc | AC36: Tc | AF36: Tc | AI36: Tc | AL36: Tc | AO36: Tc
E37: Ru | H37: Ru | K37: Ru | N37: Ru | Q37: Ru | T37: Ru | W37: Ru | Z37: Ru | AC37: Ru | AF37: Ru | AI37: Ru | AL37: Ru | AO37: Ru
E38: Rh | H38: Rh | K38: Rh | N38: Rh | Q38: Rh | T38: Rh | W38: Rh | Z38: Rh | AC38: Rh | AF38: Rh | AI38: Rh | AL38: Rh | AO38: Rh
E39: Pd | H39: Pd | K39: Pd | N39: Pd | Q39: Pd | T39: Pd | W39: Pd | Z39: Pd | AC39: Pd | AF39: Pd | AI39: Pd | AL39: Pd | AO39: Pd
E40: Ag | H40: Ag | I40: 0.017 | K40: Ag | N40: Ag | Q40: Ag | T40: Ag | U40: 35.3 | V40: 1.5 | W40: Ag | Z40: Ag | AC40: Ag | AF40: Ag | AI40: Ag | AL40: Ag | AO40: Ag
E41: Cd | H41: Cd | I41: 1.517 | J41: 0.027 | K41: Cd | L41: 0.0254 | M41: 0.0009 | N41: Cd | Q41: Cd | R41: 2.94 | S41: 2.29 | T41: Cd | U41: 21.8 | V41: 0.2 | W41: Cd | Z41: Cd | AC41: Cd | AF41: Cd | AI41: Cd | AL41: Cd | AO41: Cd
E42: In | H42: In | K42: In | N42: In | Q42: In | T42: In | U42: 5.1 | W42: In | Z42: In | AC42: In | AF42: In | AI42: In | AL42: In | AO42: In
E43: Sn | H43: Sn | K43: Sn | N43: Sn | Q43: Sn | T43: Sn | W43: Sn | Z43: Sn | AC43: Sn | AF43: Sn | AI43: Sn | AL43: Sn | AO43: Sn
E44: Sb | H44: Sb | I44: 0.0619 | J44: 0.0032 | K44: Sb | N44: Sb | Q44: Sb | R44: 3.07 | S44: 0.32 | T44: Sb | U44: 38.4 | V44: 3 | W44: Sb | Z44: Sb | AC44: Sb | AF44: Sb | AI44: Sb | AL44: Sb | AO44: Sb
E45: Te | H45: Te | K45: Te | N45: Te | Q45: Te | T45: Te | W45: Te | Z45: Te | AC45: Te | AF45: Te | AI45: Te | AL45: Te | AO45: Te
E46: I | H46: I | I46: 0.85 | K46: I | N46: I | Q46: I | T46: I | W46: I | Z46: I | AC46: I | AF46: I | AI46: I | AL46: I | AO46: I
E47: Xe | H47: Xe | K47: Xe | N47: Xe | Q47: Xe | T47: Xe | W47: Xe | Z47: Xe | AC47: Xe | AF47: Xe | AI47: Xe | AL47: Xe | AO47: Xe
E48: Cs | H48: Cs | I48: 0.053 | K48: Cs | N48: Cs | Q48: Cs | R48: 5.83 | S48: 0.12 | T48: Cs | W48: Cs | Z48: Cs | AC48: Cs | AF48: Cs | AI48: Cs | AL48: Cs | AO48: Cs
E49: Ba | H49: Ba | K49: Ba | N49: Ba | Q49: Ba | R49: 413 | S49: 13 | T49: Ba | U49: 707 | V49: 51 | W49: Ba | Z49: Ba | AC49: Ba | AF49: Ba | AI49: Ba | AL49: Ba | AO49: Ba
E50: La | H50: La | I50: 2.3 | K50: La | N50: La | Q50: La | T50: La | U50: 34 | W50: La | Z50: La | AC50: La | AF50: La | AI50: La | AL50: La | AO50: La
E51: Ce | H51: Ce | I51: 2 | K51: Ce | N51: Ce | Q51: Ce | R51: 66.5 | S51: 2 | T51: Ce | U51: 107 | W51: Ce | Z51: Ce | AC51: Ce | AF51: Ce | AI51: Ce | AL51: Ce | AO51: Ce
E52: Pr | H52: Pr | K52: Pr | N52: Pr | Q52: Pr | T52: Pr | W52: Pr | Z52: Pr | AC52: Pr | AF52: Pr | AI52: Pr | AL52: Pr | AO52: Pr
E53: Nd | H53: Nd | K53: Nd | N53: Nd | Q53: Nd | T53: Nd | U53: 23 | W53: Nd | Z53: Nd | AC53: Nd | AF53: Nd | AI53: Nd | AL53: Nd | AO53: Nd
E54: Pm | H54: Pm | K54: Pm | N54: Pm | Q54: Pm | T54: Pm | W54: Pm | Z54: Pm | AC54: Pm | AF54: Pm | AI54: Pm | AL54: Pm | AO54: Pm
E55: Sm | H55: Sm | I55: 0.19 | K55: Sm | N55: Sm | Q55: Sm | T55: Sm | U55: 8.7 | W55: Sm | Z55: Sm | AC55: Sm | AF55: Sm | AI55: Sm | AL55: Sm | AO55: Sm
E56: Eu | H56: Eu | K56: Eu | N56: Eu | Q56: Eu | R56: 1.31 | S56: 0.038 | T56: Eu | U56: 1 | W56: Eu | Z56: Eu | AC56: Eu | AF56: Eu | AI56: Eu | AL56: Eu | AO56: Eu
E57: Gd | H57: Gd | I57: 0.17 | K57: Gd | N57: Gd | Q57: Gd | T57: Gd | W57: Gd | Z57: Gd | AC57: Gd | AF57: Gd | AI57: Gd | AL57: Gd | AO57: Gd
E58: Tb | H58: Tb | K58: Tb | N58: Tb | Q58: Tb | T58: Tb | W58: Tb | Z58: Tb | AC58: Tb | AF58: Tb | AI58: Tb | AL58: Tb | AO58: Tb
E59: Dy | H59: Dy | K59: Dy | N59: Dy | Q59: Dy | T59: Dy | U59: 5.4 | W59: Dy | Z59: Dy | AC59: Dy | AF59: Dy | AI59: Dy | AL59: Dy | AO59: Dy
E60: Ho | H60: Ho | K60: Ho | N60: Ho | Q60: Ho | T60: Ho | U60: 0.6 | W60: Ho | Z60: Ho | AC60: Ho | AF60: Ho | AI60: Ho | AL60: Ho | AO60: Ho
E61: Er | H61: Er | K61: Er | N61: Er | Q61: Er | T61: Er | W61: Er | Z61: Er | AC61: Er | AF61: Er | AI61: Er | AL61: Er | AO61: Er
E62: Tm | H62: Tm | K62: Tm | N62: Tm | Q62: Tm | T62: Tm | W62: Tm | Z62: Tm | AC62: Tm | AF62: Tm | AI62: Tm | AL62: Tm | AO62: Tm
E63: Yb | H63: Yb | K63: Yb | N63: Yb | Q63: Yb | T63: Yb | U63: 1.3 | W63: Yb | Z63: Yb | AC63: Yb | AF63: Yb | AI63: Yb | AL63: Yb | AO63: Yb
E64: Lu | H64: Lu | K64: Lu | N64: Lu | Q64: Lu | T64: Lu | W64: Lu | Z64: Lu | AC64: Lu | AF64: Lu | AI64: Lu | AL64: Lu | AO64: Lu
E65: Hf | H65: Hf | I65: 0.14 | K65: Hf | N65: Hf | Q65: Hf | R65: 8.4 | S65: 1.5 | T65: Hf | U65: 3.2 | W65: Hf | Z65: Hf | AC65: Hf | AF65: Hf | AI65: Hf | AL65: Hf | AO65: Hf
E66: Ta | H66: Ta | K66: Ta | N66: Ta | Q66: Ta | T66: Ta | W66: Ta | Z66: Ta | AC66: Ta | AF66: Ta | AI66: Ta | AL66: Ta | AO66: Ta
E67: W | H67: W | K67: W | N67: W | Q67: W | T67: W | U67: 93 | W67: W | Z67: W | AC67: W | AF67: W | AI67: W | AL67: W | AO67: W
E68: Re | H68: Re | K68: Re | N68: Re | Q68: Re | T68: Re | W68: Re | Z68: Re | AC68: Re | AF68: Re | AI68: Re | AL68: Re | AO68: Re
E69: Os | H69: Os | K69: Os | N69: Os | Q69: Os | T69: Os | W69: Os | Z69: Os | AC69: Os | AF69: Os | AI69: Os | AL69: Os | AO69: Os
E70: Ir | H70: Ir | K70: Ir | N70: Ir | Q70: Ir | T70: Ir | W70: Ir | Z70: Ir | AC70: Ir | AF70: Ir | AI70: Ir | AL70: Ir | AO70: Ir
E71: Pt | H71: Pt | K71: Pt | N71: Pt | Q71: Pt | T71: Pt | W71: Pt | Z71: Pt | AC71: Pt | AF71: Pt | AI71: Pt | AL71: Pt | AO71: Pt
E72: Au | H72: Au | K72: Au | N72: Au | Q72: Au | T72: Au | U72: 0.6 | W72: Au | Z72: Au | AC72: Au | AF72: Au | AI72: Au | AL72: Au | AO72: Au
E73: Hg | H73: Hg | I73: 0.0341 | J73: 0.0015 | K73: Hg | N73: Hg | Q73: Hg | T73: Hg | U73: 32.6 | V73: 1.8 | W73: Hg | Z73: Hg | AC73: Hg | AF73: Hg | AI73: Hg | AL73: Hg | AO73: Hg
E74: Tl | H74: Tl | K74: Tl | N74: Tl | Q74: Tl | T74: Tl | U74: 1.3 | W74: Tl | Z74: Tl | AC74: Tl | AF74: Tl | AI74: Tl | AL74: Tl | AO74: Tl
E75: Pb | H75: Pb | K75: Pb | L75: 0.0104 | M75: 0.0024 | N75: Pb | Q75: Pb | R75: 150 | S75: 17 | T75: Pb | U75: 5532 | V75: 80 | W75: Pb | Z75: Pb | AC75: Pb | AF75: Pb | AI75: Pb | AL75: Pb | AO75: Pb
E76: Bi | H76: Bi | K76: Bi | N76: Bi | Q76: Bi | T76: Bi | W76: Bi | Z76: Bi | AC76: Bi | AF76: Bi | AI76: Bi | AL76: Bi | AO76: Bi
E77: Po | H77: Po | K77: Po | N77: Po | Q77: Po | T77: Po | W77: Po | Z77: Po | AC77: Po | AF77: Po | AI77: Po | AL77: Po | AO77: Po
E78: At | H78: At | K78: At | N78: At | Q78: At | T78: At | W78: At | Z78: At | AC78: At | AF78: At | AI78: At | AL78: At | AO78: At
E79: Rn | H79: Rn | K79: Rn | N79: Rn | Q79: Rn | T79: Rn | W79: Rn | Z79: Rn | AC79: Rn | AF79: Rn | AI79: Rn | AL79: Rn | AO79: Rn
E80: Fr | H80: Fr | K80: Fr | N80: Fr | Q80: Fr | T80: Fr | W80: Fr | Z80: Fr | AC80: Fr | AF80: Fr | AI80: Fr | AL80: Fr | AO80: Fr
E81: Ra | H81: Ra | K81: Ra | N81: Ra | Q81: Ra | T81: Ra | W81: Ra | Z81: Ra | AC81: Ra | AF81: Ra | AI81: Ra | AL81: Ra | AO81: Ra
E82: Ac | H82: Ac | K82: Ac | N82: Ac | Q82: Ac | T82: Ac | W82: Ac | Z82: Ac | AC82: Ac | AF82: Ac | AI82: Ac | AL82: Ac | AO82: Ac
E83: Th | H83: Th | I83: 0.12 | K83: Th | N83: Th | Q83: Th | R83: 9.07 | S83: 0.16 | T83: Th | U83: 13 | W83: Th | Z83: Th | AC83: Th | AF83: Th | AI83: Th | AL83: Th | AO83: Th
E84: Pa | H84: Pa | K84: Pa | N84: Pa | Q84: Pa | T84: Pa | W84: Pa | Z84: Pa | AC84: Pa | AF84: Pa | AI84: Pa | AL84: Pa | AO84: Pa
E85: U | H85: U | I85: 0.035 | K85: U | N85: U | Q85: U | R85: 3.09 | S85: 0.13 | T85: U | U85: 25 | W85: U | Z85: U | AC85: U | AF85: U | AI85: U | AL85: U | AO85: U
E86: Np | H86: Np | K86: Np | N86: Np | Q86: Np | T86: Np | W86: Np | Z86: Np | AC86: Np | AF86: Np | AI86: Np | AL86: Np | AO86: Np
E87: Pu | H87: Pu | K87: Pu | N87: Pu | Q87: Pu | T87: Pu | W87: Pu | Z87: Pu | AC87: Pu | AF87: Pu | AI87: Pu | AL87: Pu | AO87: Pu

Sheet Banco de Dados
B1: aa | D1: Calibração | J1: ab | L1: Padrão | R1: ac | S1: Amostra | Y1: ad | Z1: Amostra | AF1: ae | AG1: Amostra | AM1: af | AN1: Amostra | AT1: ag | AU1: Amostra | BA1: ah | BB1: Amostra | BH1: ai | BI1: Amostra | BO1: aj | BP1: Amostra | BV1: ak | BW1: Amostra | CC1: al | CD1: Amostra | CJ1: am | CK1: Amostra | CQ1: an | CR1: Amostra | CX1: ao | CY1: Amostra | DE1: ap | DF1: Amostra | DL1: aq | DM1: Amostra | DS1: ar | DT1: Amostra | DZ1: as | EA1: Amostra | EG1: at | EH1: Amostra | EN1: au | EO1: Amostra | EU1: av | EV1: Amostra | FB1: aw | FC1: Amostra | FI1: ax | FJ1: Amostra | FP1: ay | FQ1: Amostra | FW1: az | FX1: Amostra
A2: Condição uso de virgula ou ponto | B2: Correção | C2: Elemento | D2: Z | E2: Energia (KeV) | F2: Níveis | G2: Área (CPS) | H2: Erro (CPS) | J2: Correção | K2: Elemento | L2: Z | M2: Energia (KeV) | N2: Níveis | O2: Área (CPS) | P2: Erro (CPS) | R2: Elemento | S2: Z | T2: Energia (KeV) | U2: Níveis | V2: Área (CPS) | W2: Erro (CPS) | Y2: Elemento | Z2: Z | AA2: Energia (KeV) | AB2: Níveis | AC2: Área (CPS) | AD2: Erro (CPS) | AF2: Elemento | AG2: Z | AH2: Energia (KeV) | AI2: Níveis | AJ2: Área (CPS) | AK2: Erro (CPS) | AM2: Elemento | AN2: Z | AO2: Energia (KeV) | AP2: Níveis | AQ2: Área (CPS) | AR2: Erro (CPS) | AT2: Elemento | AU2: Z | AV2: Energia (KeV) | AW2: Níveis | AX2: Área (CPS) | AY2: Erro (CPS) | BA2: Elemento | BB2: Z | BC2: Energia (KeV) | BD2: Níveis | BE2: Área (CPS) | BF2: Erro (CPS) | BH2: Elemento | BI2: Z | BJ2: Energia (KeV) | BK2: Níveis | BL2: Área (CPS) | BM2: Erro (CPS) | BO2: Elemento | BP2: Z | BQ2: Energia (KeV) | BR2: Níveis | BS2: Área (CPS) | BT2: Erro (CPS) | BV2: Elemento | BW2: Z | BX2: Energia (KeV) | BY2: Níveis | BZ2: Área (CPS) | CA2: Erro (CPS) | CC2: Elemento | CD2: Z | CE2: Energia (KeV) | CF2: Níveis | CG2: Área (CPS) | CH2: Erro (CPS) | CJ2: Elemento | CK2: Z | CL2: Energia (KeV) | CM2: Níveis | CN2: Área (CPS) | CO2: Erro (CPS) | CQ2: Elemento | CR2: Z | CS2: Energia (KeV) | CT2: Níveis | CU2: Área (CPS) | CV2: Erro (CPS) | CX2: Elemento | CY2: Z | CZ2: Energia (KeV) | DA2: Níveis | DB2: Área (CPS) | DC2: Erro (CPS) | DE2: Elemento | DF2: Z | DG2: Energia (KeV) | DH2: Níveis | DI2: Área (CPS) | DJ2: Erro (CPS) | DL2: Elemento | DM2: Z | DN2: Energia (KeV) | DO2: Níveis | DP2: Área (CPS) | DQ2: Erro (CPS) | DS2: Elemento | DT2: Z | DU2: Energia (KeV) | DV2: Níveis | DW2: Área (CPS) | DX2: Erro (CPS) | DZ2: Elemento | EA2: Z | EB2: Energia (KeV) | EC2: Níveis | ED2: Área (CPS) | EE2: Erro (CPS) | EG2: Elemento | EH2: Z | EI2: Energia (KeV) | EJ2: Níveis | EK2: Área (CPS) | EL2: Erro (CPS) | EN2: Elemento | EO2: Z | EP2: Energia (KeV) | EQ2: Níveis | ER2: Área (CPS) | ES2: Erro (CPS) | EU2: Elemento | EV2: Z | EW2: Energia (KeV) | EX2: Níveis | EY2: Área (CPS) | EZ2: Erro (CPS) | FB2: Elemento | FC2: Z | FD2: Energia (KeV) | FE2: Níveis | FF2: Área (CPS) | FG2: Erro (CPS) | FI2: Elemento | FJ2: Z | FK2: Energia (KeV) | FL2: Níveis | FM2: Área (CPS) | FN2: Erro (CPS) | FP2: Elemento | FQ2: Z | FR2: Energia (KeV) | FS2: Níveis | FT2: Área (CPS) | FU2: Erro (CPS) | FW2: Elemento | FX2: Z | FY2: Energia (KeV) | FZ2: Níveis | GA2: Área (CPS) | GB2: Erro (CPS)
A3: =Dados!C2 -> Ponto | B3: =IF($A$3=$A$26,E3,E3*1000) -> 1487 | C3: Al | D3: =VLOOKUP(C3,$C$284:$D$377,2,FALSE) -> 13 | E3: 1.487 | F3: Kα | G3: {=_xlfn.XLOOKUP($B$3:$B$274,Dados!E5:E1048576,Dados!F5:F1048576,"")} | H3: {=_xlfn.XLOOKUP(_xlfn.ANCHORARRAY(G3),Dados!F5:F1048576,Dados!G5:G1048576,"")} | J3: =M3*1000 -> 1487 | K3: Al | L3: =VLOOKUP(K3,$C$284:$D$377,2,FALSE) -> 13 | M3: 1.487 | N3: Kα | O3: {=_xlfn.XLOOKUP($B$3:$B$274,Dados!L5:L1048576,Dados!M5:M1048576,"")} | P3: {=_xlfn.XLOOKUP(_xlfn.ANCHORARRAY(O3),Dados!M5:M1048576,Dados!N5:N1048576,"")} | R3: Al | S3: =VLOOKUP(R3,$C$284:$D$377,2,FALSE) -> 13 | T3: 1.487 | U3: Kα | V3: {=_xlfn.XLOOKUP($B$3:$B$274,Dados!S5:S1048576,Dados!T5:T1048576,"")} | W3: {=_xlfn.XLOOKUP(_xlfn.ANCHORARRAY(V3),Dados!T5:T1048576,Dados!U5:U1048576,"")} | Y3: Al | Z3: =VLOOKUP(Y3,$C$284:$D$377,2,FALSE) -> 13 | AA3: 1.487 | AB3: Kα | AC3: {=_xlfn.XLOOKUP($B$3:$B$274,Dados!Z5:Z1048576,Dados!AA5:AA1048576,"")} | AD3: {=_xlfn.XLOOKUP(_xlfn.ANCHORARRAY(AC3),Dados!AA5:AA1048576,Dados!AB5:AB1048576,"")} | AF3: Al | AG3: =VLOOKUP(AF3,$C$284:$D$377,2,FALSE) -> 13 | AH3: 1.487 | AI3: Kα | AJ3: {=_xlfn.XLOOKUP($B$3:$B$274,Dados!AG5:AG1048576,Dados!AH5:AH1048576,"")} | AK3: {=_xlfn.XLOOKUP(_xlfn.ANCHORARRAY(AJ3),Dados!AH5:AH1048576,Dados!AI5:AI1048576,"")} | AM3: Al | AN3: =VLOOKUP(AM3,$C$284:$D$377,2,FALSE) -> 13 | AO3: 1.487 | AP3: Kα | AQ3: {=_xlfn.XLOOKUP($B$3:$B$274,Dados!AN5:AN1048576,Dados!AO5:AO1048576,"")} | AR3: {=_xlfn.XLOOKUP(_xlfn.ANCHORARRAY(AQ3),Dados!AO5:AO1048576,Dados!AP5:AP1048576,"")} | AT3: Al | AU3: =VLOOKUP(AT3,$C$284:$D$377,2,FALSE) -> 13 | AV3: 1.487 | AW3: Kα | AX3: {=_xlfn.XLOOKUP($B$3:$B$274,Dados!AU5:AU1048576,Dados!AV5:AV1048576,"")} | AY3: {=_xlfn.XLOOKUP(_xlfn.ANCHORARRAY(AX3),Dados!AV5:AV1048576,Dados!AW5:AW1048576,"")} | BA3: Al | BB3: =VLOOKUP(BA3,$C$284:$D$377,2,FALSE) -> 13 | BC3: 1.487 | BD3: Kα | BE3: {=_xlfn.XLOOKUP($B$3:$B$274,Dados!BB5:BB1048576,Dados!BC5:BC1048576,"")} | BF3: {=_xlfn.XLOOKUP(_xlfn.ANCHORARRAY(BE3),Dados!BC5:BC1048576,Dados!BD5:BD1048576,"")} | BH3: Al | BI3: =VLOOKUP(BH3,$C$284:$D$377,2,FALSE) -> 13 | BJ3: 1.487 | BK3: Kα | BL3: {=_xlfn.XLOOKUP($B$3:$B$274,Dados!BI5:BI1048576,Dados!BJ5:BJ1048576,"")} | BM3: {=_xlfn.XLOOKUP(_xlfn.ANCHORARRAY(BL3),Dados!BJ5:BJ1048576,Dados!BK5:BK1048576,"")} | BO3: Al | BP3: =VLOOKUP(BO3,$C$284:$D$377,2,FALSE) -> 13 | BQ3: 1.487 | BR3: Kα | BS3: {=_xlfn.XLOOKUP($B$3:$B$274,Dados!BP5:BP1048576,Dados!BQ5:BQ1048576,"")} | BT3: {=_xlfn.XLOOKUP(_xlfn.ANCHORARRAY(BS3),Dados!BQ5:BQ1048576,Dados!BR5:BR1048576,"")} | BV3: Al | BW3: =VLOOKUP(BV3,$C$284:$D$377,2,FALSE) -> 13 | BX3: 1.487 | BY3: Kα | BZ3: {=_xlfn.XLOOKUP($B$3:$B$274,Dados!BW5:BW1048576,Dados!BX5:BX1048576,"")} | CA3: {=_xlfn.XLOOKUP(_xlfn.ANCHORARRAY(BZ3),Dados!BX5:BX1048576,Dados!BY5:BY1048576,"")} | CC3: Al | CD3: =VLOOKUP(CC3,$C$284:$D$377,2,FALSE) -> 13 | CE3: 1.487 | CF3: Kα | CG3: {=_xlfn.XLOOKUP($B$3:$B$274,Dados!CD5:CD1048576,Dados!CE5:CE1048576,"")} | CH3: {=_xlfn.XLOOKUP(_xlfn.ANCHORARRAY(CG3),Dados!CE5:CE1048576,Dados!CF5:CF1048576,"")} | CJ3: Al | CK3: =VLOOKUP(CJ3,$C$284:$D$377,2,FALSE) -> 13 | CL3: 1.487 | CM3: Kα | CN3: {=_xlfn.XLOOKUP($B$3:$B$274,Dados!CK5:CK1048576,Dados!CL5:CL1048576,"")} | CO3: {=_xlfn.XLOOKUP(_xlfn.ANCHORARRAY(CN3),Dados!CL5:CL1048576,Dados!CM5:CM1048576,"")} | CQ3: Al | CR3: =VLOOKUP(CQ3,$C$284:$D$377,2,FALSE) -> 13 | CS3: 1.487 | CT3: Kα | CU3: {=_xlfn.XLOOKUP($B$3:$B$274,Dados!CR5:CR1048576,Dados!CS5:CS1048576,"")} | CV3: {=_xlfn.XLOOKUP(_xlfn.ANCHORARRAY(CU3),Dados!CS5:CS1048576,Dados!CT5:CT1048576,"")} | CX3: Al | CY3: =VLOOKUP(CX3,$C$284:$D$377,2,FALSE) -> 13 | CZ3: 1.487 | DA3: Kα | DB3: {=_xlfn.XLOOKUP($B$3:$B$274,Dados!CY5:CY1048576,Dados!CZ5:CZ1048576,"")} | DC3: {=_xlfn.XLOOKUP(_xlfn.ANCHORARRAY(DB3),Dados!CZ5:CZ1048576,Dados!DA5:DA1048576,"")} | DE3: Al | DF3: =VLOOKUP(DE3,$C$284:$D$377,2,FALSE) -> 13 | DG3: 1.487 | DH3: Kα | DI3: {=_xlfn.XLOOKUP($B$3:$B$274,Dados!DF5:DF1048576,Dados!DG5:DG1048576,"")} | DJ3: {=_xlfn.XLOOKUP(_xlfn.ANCHORARRAY(DI3),Dados!DG5:DG1048576,Dados!DH5:DH1048576,"")} | DL3: Al | DM3: =VLOOKUP(DL3,$C$284:$D$377,2,FALSE) -> 13 | DN3: 1.487 | DO3: Kα | DP3: {=_xlfn.XLOOKUP($B$3:$B$274,Dados!DM5:DM1048576,Dados!DN5:DN1048576,"")} | DQ3: {=_xlfn.XLOOKUP(_xlfn.ANCHORARRAY(DP3),Dados!DN5:DN1048576,Dados!DO5:DO1048576,"")} | DS3: Al | DT3: =VLOOKUP(DS3,$C$284:$D$377,2,FALSE) -> 13 | DU3: 1.487 | DV3: Kα | DW3: {=_xlfn.XLOOKUP($B$3:$B$274,Dados!DT5:DT1048576,Dados!DU5:DU1048576,"")} | DX3: {=_xlfn.XLOOKUP(_xlfn.ANCHORARRAY(DW3),Dados!DU5:DU1048576,Dados!DV5:DV1048576,"")} | DZ3: Al | EA3: =VLOOKUP(DZ3,$C$284:$D$377,2,FALSE) -> 13 | EB3: 1.487 | EC3: Kα | ED3: {=_xlfn.XLOOKUP($B$3:$B$274,Dados!EA5:EA1048576,Dados!EB5:EB1048576,"")} | EE3: {=_xlfn.XLOOKUP(_xlfn.ANCHORARRAY(ED3),Dados!EB5:EB1048576,Dados!EC5:EC1048576,"")} | EG3: Al | EH3: =VLOOKUP(EG3,$C$284:$D$377,2,FALSE) -> 13 | EI3: 1.487 | EJ3: Kα | EK3: {=_xlfn.XLOOKUP($B$3:$B$274,Dados!EH5:EH1048576,Dados!EI5:EI1048576,"")} | EL3: {=_xlfn.XLOOKUP(_xlfn.ANCHORARRAY(EK3),Dados!EI5:EI1048576,Dados!EJ5:EJ1048576,"")} | EN3: Al | EO3: =VLOOKUP(EN3,$C$284:$D$377,2,FALSE) -> 13 | EP3: 1.487 | EQ3: Kα | ER3: {=_xlfn.XLOOKUP($B$3:$B$274,Dados!EO5:EO1048576,Dados!EP5:EP1048576,"")} | ES3: {=_xlfn.XLOOKUP(_xlfn.ANCHORARRAY(ER3),Dados!EP5:EP1048576,Dados!EQ5:EQ1048576,"")} | EU3: Al | EV3: =VLOOKUP(EU3,$C$284:$D$377,2,FALSE) -> 13 | EW3: 1.487 | EX3: Kα | EY3: {=_xlfn.XLOOKUP($B$3:$B$274,Dados!EV5:EV1048576,Dados!EW5:EW1048576,"")} | EZ3: {=_xlfn.XLOOKUP(_xlfn.ANCHORARRAY(EY3),Dados!EW5:EW1048576,Dados!EX5:EX1048576,"")} | FB3: Al | FC3: =VLOOKUP(FB3,$C$284:$D$377,2,FALSE) -> 13 | FD3: 1.487 | FE3: Kα | FF3: {=_xlfn.XLOOKUP($B$3:$B$274,Dados!FC5:FC1048576,Dados!FD5:FD1048576,"")} | FG3: {=_xlfn.XLOOKUP(_xlfn.ANCHORARRAY(FF3),Dados!FD5:FD1048576,Dados!FE5:FE1048576,"")} | FI3: Al | FJ3: =VLOOKUP(FI3,$C$284:$D$377,2,FALSE) -> 13 | FK3: 1.487 | FL3: Kα | FM3: {=_xlfn.XLOOKUP($B$3:$B$274,Dados!FJ5:FJ1048576,Dados!FK5:FK1048576,"")} | FN3: {=_xlfn.XLOOKUP(_xlfn.ANCHORARRAY(FM3),Dados!FK5:FK1048576,Dados!FL5:FL1048576,"")} | FP3: Al | FQ3: =VLOOKUP(FP3,$C$284:$D$377,2,FALSE) -> 13 | FR3: 1.487 | FS3: Kα | FT3: {=_xlfn.XLOOKUP($B$3:$B$274,Dados!FQ5:FQ1048576,Dados!FR5:FR1048576,"")} | FU3: {=_xlfn.XLOOKUP(_xlfn.ANCHORARRAY(FT3),Dados!FR5:FR1048576,Dados!FS5:FS1048576,"")} | FW3: Al | FX3: =VLOOKUP(FW3,$C$284:$D$377,2,FALSE) -> 13 | FY3: 1.487 | FZ3: Kα | GA3: {=_xlfn.XLOOKUP($B$3:$B$274,Dados!FX5:FX1048576,Dados!FY5:FY1048576,"")} | GB3: {=_xlfn.XLOOKUP(_xlfn.ANCHORARRAY(GA3),Dados!FY5:FY1048576,Dados!FZ5:FZ1048576,"")}
B4: =IF($A$3=$A$26,E4,E4*1000) -> 1553 | C4: Al | D4: =VLOOKUP(C4,$C$284:$D$377,2,FALSE) -> 13 | E4: 1.553 | F4: Kβ | J4: =M4*1000 -> 1553 | K4: Al | L4: =VLOOKUP(K4,$C$284:$D$377,2,FALSE) -> 13 | M4: 1.553 | N4: Kβ | R4: Al | S4: =VLOOKUP(R4,$C$284:$D$377,2,FALSE) -> 13 | T4: 1.553 | U4: Kβ | Y4: Al | Z4: =VLOOKUP(Y4,$C$284:$D$377,2,FALSE) -> 13 | AA4: 1.553 | AB4: Kβ | AF4: Al | AG4: =VLOOKUP(AF4,$C$284:$D$377,2,FALSE) -> 13 | AH4: 1.553 | AI4: Kβ | AM4: Al | AN4: =VLOOKUP(AM4,$C$284:$D$377,2,FALSE) -> 13 | AO4: 1.553 | AP4: Kβ | AT4: Al | AU4: =VLOOKUP(AT4,$C$284:$D$377,2,FALSE) -> 13 | AV4: 1.553 | AW4: Kβ | BA4: Al | BB4: =VLOOKUP(BA4,$C$284:$D$377,2,FALSE) -> 13 | BC4: 1.553 | BD4: Kβ | BH4: Al | BI4: =VLOOKUP(BH4,$C$284:$D$377,2,FALSE) -> 13 | BJ4: 1.553 | BK4: Kβ | BO4: Al | BP4: =VLOOKUP(BO4,$C$284:$D$377,2,FALSE) -> 13 | BQ4: 1.553 | BR4: Kβ | BV4: Al | BW4: =VLOOKUP(BV4,$C$284:$D$377,2,FALSE) -> 13 | BX4: 1.553 | BY4: Kβ | CC4: Al | CD4: =VLOOKUP(CC4,$C$284:$D$377,2,FALSE) -> 13 | CE4: 1.553 | CF4: Kβ | CJ4: Al | CK4: =VLOOKUP(CJ4,$C$284:$D$377,2,FALSE) -> 13 | CL4: 1.553 | CM4: Kβ | CQ4: Al | CR4: =VLOOKUP(CQ4,$C$284:$D$377,2,FALSE) -> 13 | CS4: 1.553 | CT4: Kβ | CX4: Al | CY4: =VLOOKUP(CX4,$C$284:$D$377,2,FALSE) -> 13 | CZ4: 1.553 | DA4: Kβ | DE4: Al | DF4: =VLOOKUP(DE4,$C$284:$D$377,2,FALSE) -> 13 | DG4: 1.553 | DH4: Kβ | DL4: Al | DM4: =VLOOKUP(DL4,$C$284:$D$377,2,FALSE) -> 13 | DN4: 1.553 | DO4: Kβ | DS4: Al | DT4: =VLOOKUP(DS4,$C$284:$D$377,2,FALSE) -> 13 | DU4: 1.553 | DV4: Kβ | DZ4: Al | EA4: =VLOOKUP(DZ4,$C$284:$D$377,2,FALSE) -> 13 | EB4: 1.553 | EC4: Kβ | EG4: Al | EH4: =VLOOKUP(EG4,$C$284:$D$377,2,FALSE) -> 13 | EI4: 1.553 | EJ4: Kβ | EN4: Al | EO4: =VLOOKUP(EN4,$C$284:$D$377,2,FALSE) -> 13 | EP4: 1.553 | EQ4: Kβ | EU4: Al | EV4: =VLOOKUP(EU4,$C$284:$D$377,2,FALSE) -> 13 | EW4: 1.553 | EX4: Kβ | FB4: Al | FC4: =VLOOKUP(FB4,$C$284:$D$377,2,FALSE) -> 13 | FD4: 1.553 | FE4: Kβ | FI4: Al | FJ4: =VLOOKUP(FI4,$C$284:$D$377,2,FALSE) -> 13 | FK4: 1.553 | FL4: Kβ | FP4: Al | FQ4: =VLOOKUP(FP4,$C$284:$D$377,2,FALSE) -> 13 | FR4: 1.553 | FS4: Kβ | FW4: Al | FX4: =VLOOKUP(FW4,$C$284:$D$377,2,FALSE) -> 13 | FY4: 1.553 | FZ4: Kβ
B5: =IF($A$3=$A$26,E5,E5*1000) -> 1740 | C5: Si | D5: =VLOOKUP(C5,$C$284:$D$377,2,FALSE) -> 14 | E5: 1.74 | F5: Kα | J5: =M5*1000 -> 1740 | K5: Si | L5: =VLOOKUP(K5,$C$284:$D$377,2,FALSE) -> 14 | M5: 1.74 | N5: Kα | R5: Si | S5: =VLOOKUP(R5,$C$284:$D$377,2,FALSE) -> 14 | T5: 1.74 | U5: Kα | V5: 4158 | W5: 86 | Y5: Si | Z5: =VLOOKUP(Y5,$C$284:$D$377,2,FALSE) -> 14 | AA5: 1.74 | AB5: Kα | AC5: 3391 | AD5: 79 | AF5: Si | AG5: =VLOOKUP(AF5,$C$284:$D$377,2,FALSE) -> 14 | AH5: 1.74 | AI5: Kα | AJ5: 4643 | AK5: 90 | AM5: Si | AN5: =VLOOKUP(AM5,$C$284:$D$377,2,FALSE) -> 14 | AO5: 1.74 | AP5: Kα | AQ5: 6800 | AR5: 107 | AT5: Si | AU5: =VLOOKUP(AT5,$C$284:$D$377,2,FALSE) -> 14 | AV5: 1.74 | AW5: Kα | AX5: 4273 | AY5: 70 | BA5: Si | BB5: =VLOOKUP(BA5,$C$284:$D$377,2,FALSE) -> 14 | BC5: 1.74 | BD5: Kα | BE5: 3929 | BF5: 86 | BH5: Si | BI5: =VLOOKUP(BH5,$C$284:$D$377,2,FALSE) -> 14 | BJ5: 1.74 | BK5: Kα | BL5: 5428 | BM5: 100 | BO5: Si | BP5: =VLOOKUP(BO5,$C$284:$D$377,2,FALSE) -> 14 | BQ5: 1.74 | BR5: Kα | BS5: 7268 | BT5: 113 | BV5: Si | BW5: =VLOOKUP(BV5,$C$284:$D$377,2,FALSE) -> 14 | BX5: 1.74 | BY5: Kα | BZ5: 5318 | CA5: 97 | CC5: Si | CD5: =VLOOKUP(CC5,$C$284:$D$377,2,FALSE) -> 14 | CE5: 1.74 | CF5: Kα | CG5: 11218 | CH5: 130 | CJ5: Si | CK5: =VLOOKUP(CJ5,$C$284:$D$377,2,FALSE) -> 14 | CL5: 1.74 | CM5: Kα | CQ5: Si | CR5: =VLOOKUP(CQ5,$C$284:$D$377,2,FALSE) -> 14 | CS5: 1.74 | CT5: Kα | CX5: Si | CY5: =VLOOKUP(CX5,$C$284:$D$377,2,FALSE) -> 14 | CZ5: 1.74 | DA5: Kα | DE5: Si | DF5: =VLOOKUP(DE5,$C$284:$D$377,2,FALSE) -> 14 | DG5: 1.74 | DH5: Kα | DL5: Si | DM5: =VLOOKUP(DL5,$C$284:$D$377,2,FALSE) -> 14 | DN5: 1.74 | DO5: Kα | DS5: Si | DT5: =VLOOKUP(DS5,$C$284:$D$377,2,FALSE) -> 14 | DU5: 1.74 | DV5: Kα | DZ5: Si | EA5: =VLOOKUP(DZ5,$C$284:$D$377,2,FALSE) -> 14 | EB5: 1.74 | EC5: Kα | EG5: Si | EH5: =VLOOKUP(EG5,$C$284:$D$377,2,FALSE) -> 14 | EI5: 1.74 | EJ5: Kα | EN5: Si | EO5: =VLOOKUP(EN5,$C$284:$D$377,2,FALSE) -> 14 | EP5: 1.74 | EQ5: Kα | EU5: Si | EV5: =VLOOKUP(EU5,$C$284:$D$377,2,FALSE) -> 14 | EW5: 1.74 | EX5: Kα | FB5: Si | FC5: =VLOOKUP(FB5,$C$284:$D$377,2,FALSE) -> 14 | FD5: 1.74 | FE5: Kα | FI5: Si | FJ5: =VLOOKUP(FI5,$C$284:$D$377,2,FALSE) -> 14 | FK5: 1.74 | FL5: Kα | FP5: Si | FQ5: =VLOOKUP(FP5,$C$284:$D$377,2,FALSE) -> 14 | FR5: 1.74 | FS5: Kα | FW5: Si | FX5: =VLOOKUP(FW5,$C$284:$D$377,2,FALSE) -> 14 | FY5: 1.74 | FZ5: Kα
B6: =IF($A$3=$A$26,E6,E6*1000) -> 1832 | C6: Si | D6: =VLOOKUP(C6,$C$284:$D$377,2,FALSE) -> 14 | E6: 1.832 | F6: Kβ | J6: =M6*1000 -> 1832 | K6: Si | L6: =VLOOKUP(K6,$C$284:$D$377,2,FALSE) -> 14 | M6: 1.832 | N6: Kβ | R6: Si | S6: =VLOOKUP(R6,$C$284:$D$377,2,FALSE) -> 14 | T6: 1.832 | U6: Kβ | Y6: Si | Z6: =VLOOKUP(Y6,$C$284:$D$377,2,FALSE) -> 14 | AA6: 1.832 | AB6: Kβ | AF6: Si | AG6: =VLOOKUP(AF6,$C$284:$D$377,2,FALSE) -> 14 | AH6: 1.832 | AI6: Kβ | AM6: Si | AN6: =VLOOKUP(AM6,$C$284:$D$377,2,FALSE) -> 14 | AO6: 1.832 | AP6: Kβ | AT6: Si | AU6: =VLOOKUP(AT6,$C$284:$D$377,2,FALSE) -> 14 | AV6: 1.832 | AW6: Kβ | BA6: Si | BB6: =VLOOKUP(BA6,$C$284:$D$377,2,FALSE) -> 14 | BC6: 1.832 | BD6: Kβ | BH6: Si | BI6: =VLOOKUP(BH6,$C$284:$D$377,2,FALSE) -> 14 | BJ6: 1.832 | BK6: Kβ | BO6: Si | BP6: =VLOOKUP(BO6,$C$284:$D$377,2,FALSE) -> 14 | BQ6: 1.832 | BR6: Kβ | BV6: Si | BW6: =VLOOKUP(BV6,$C$284:$D$377,2,FALSE) -> 14 | BX6: 1.832 | BY6: Kβ | CC6: Si | CD6: =VLOOKUP(CC6,$C$284:$D$377,2,FALSE) -> 14 | CE6: 1.832 | CF6: Kβ | CJ6: Si | CK6: =VLOOKUP(CJ6,$C$284:$D$377,2,FALSE) -> 14 | CL6: 1.832 | CM6: Kβ | CQ6: Si | CR6: =VLOOKUP(CQ6,$C$284:$D$377,2,FALSE) -> 14 | CS6: 1.832 | CT6: Kβ | CX6: Si | CY6: =VLOOKUP(CX6,$C$284:$D$377,2,FALSE) -> 14 | CZ6: 1.832 | DA6: Kβ | DE6: Si | DF6: =VLOOKUP(DE6,$C$284:$D$377,2,FALSE) -> 14 | DG6: 1.832 | DH6: Kβ | DL6: Si | DM6: =VLOOKUP(DL6,$C$284:$D$377,2,FALSE) -> 14 | DN6: 1.832 | DO6: Kβ | DS6: Si | DT6: =VLOOKUP(DS6,$C$284:$D$377,2,FALSE) -> 14 | DU6: 1.832 | DV6: Kβ | DZ6: Si | EA6: =VLOOKUP(DZ6,$C$284:$D$377,2,FALSE) -> 14 | EB6: 1.832 | EC6: Kβ | EG6: Si | EH6: =VLOOKUP(EG6,$C$284:$D$377,2,FALSE) -> 14 | EI6: 1.832 | EJ6: Kβ | EN6: Si | EO6: =VLOOKUP(EN6,$C$284:$D$377,2,FALSE) -> 14 | EP6: 1.832 | EQ6: Kβ | EU6: Si | EV6: =VLOOKUP(EU6,$C$284:$D$377,2,FALSE) -> 14 | EW6: 1.832 | EX6: Kβ | FB6: Si | FC6: =VLOOKUP(FB6,$C$284:$D$377,2,FALSE) -> 14 | FD6: 1.832 | FE6: Kβ | FI6: Si | FJ6: =VLOOKUP(FI6,$C$284:$D$377,2,FALSE) -> 14 | FK6: 1.832 | FL6: Kβ | FP6: Si | FQ6: =VLOOKUP(FP6,$C$284:$D$377,2,FALSE) -> 14 | FR6: 1.832 | FS6: Kβ | FW6: Si | FX6: =VLOOKUP(FW6,$C$284:$D$377,2,FALSE) -> 14 | FY6: 1.832 | FZ6: Kβ
B7: =IF($A$3=$A$26,E7,E7*1000) -> 2013 | C7: P | D7: =VLOOKUP(C7,$C$284:$D$377,2,FALSE) -> 15 | E7: 2.013 | F7: Kα | J7: =M7*1000 -> 2013 | K7: P | L7: =VLOOKUP(K7,$C$284:$D$377,2,FALSE) -> 15 | M7: 2.013 | N7: Kα | O7: 968 | P7: 104 | R7: P | S7: =VLOOKUP(R7,$C$284:$D$377,2,FALSE) -> 15 | T7: 2.013 | U7: Kα | V7: 831 | W7: 71 | Y7: P | Z7: =VLOOKUP(Y7,$C$284:$D$377,2,FALSE) -> 15 | AA7: 2.013 | AB7: Kα | AC7: 630 | AD7: 71 | AF7: P | AG7: =VLOOKUP(AF7,$C$284:$D$377,2,FALSE) -> 15 | AH7: 2.013 | AI7: Kα | AJ7: 767 | AK7: 72 | AM7: P | AN7: =VLOOKUP(AM7,$C$284:$D$377,2,FALSE) -> 15 | AO7: 2.013 | AP7: Kα | AQ7: 602 | AR7: 74 | AT7: P | AU7: =VLOOKUP(AT7,$C$284:$D$377,2,FALSE) -> 15 | AV7: 2.013 | AW7: Kα | AX7: 476 | AY7: 36 | BA7: P | BB7: =VLOOKUP(BA7,$C$284:$D$377,2,FALSE) -> 15 | BC7: 2.013 | BD7: Kα | BE7: 981 | BF7: 77 | BH7: P | BI7: =VLOOKUP(BH7,$C$284:$D$377,2,FALSE) -> 15 | BJ7: 2.013 | BK7: Kα | BL7: 731 | BM7: 76 | BO7: P | BP7: =VLOOKUP(BO7,$C$284:$D$377,2,FALSE) -> 15 | BQ7: 2.013 | BR7: Kα | BS7: 1144 | BT7: 83 | BV7: P | BW7: =VLOOKUP(BV7,$C$284:$D$377,2,FALSE) -> 15 | BX7: 2.013 | BY7: Kα | BZ7: 1154 | CA7: 80 | CC7: P | CD7: =VLOOKUP(CC7,$C$284:$D$377,2,FALSE) -> 15 | CE7: 2.013 | CF7: Kα | CG7: 1186 | CH7: 81 | CJ7: P | CK7: =VLOOKUP(CJ7,$C$284:$D$377,2,FALSE) -> 15 | CL7: 2.013 | CM7: Kα | CQ7: P | CR7: =VLOOKUP(CQ7,$C$284:$D$377,2,FALSE) -> 15 | CS7: 2.013 | CT7: Kα | CX7: P | CY7: =VLOOKUP(CX7,$C$284:$D$377,2,FALSE) -> 15 | CZ7: 2.013 | DA7: Kα | DE7: P | DF7: =VLOOKUP(DE7,$C$284:$D$377,2,FALSE) -> 15 | DG7: 2.013 | DH7: Kα | DL7: P | DM7: =VLOOKUP(DL7,$C$284:$D$377,2,FALSE) -> 15 | DN7: 2.013 | DO7: Kα | DS7: P | DT7: =VLOOKUP(DS7,$C$284:$D$377,2,FALSE) -> 15 | DU7: 2.013 | DV7: Kα | DZ7: P | EA7: =VLOOKUP(DZ7,$C$284:$D$377,2,FALSE) -> 15 | EB7: 2.013 | EC7: Kα | EG7: P | EH7: =VLOOKUP(EG7,$C$284:$D$377,2,FALSE) -> 15 | EI7: 2.013 | EJ7: Kα | EN7: P | EO7: =VLOOKUP(EN7,$C$284:$D$377,2,FALSE) -> 15 | EP7: 2.013 | EQ7: Kα | EU7: P | EV7: =VLOOKUP(EU7,$C$284:$D$377,2,FALSE) -> 15 | EW7: 2.013 | EX7: Kα | FB7: P | FC7: =VLOOKUP(FB7,$C$284:$D$377,2,FALSE) -> 15 | FD7: 2.013 | FE7: Kα | FI7: P | FJ7: =VLOOKUP(FI7,$C$284:$D$377,2,FALSE) -> 15 | FK7: 2.013 | FL7: Kα | FP7: P | FQ7: =VLOOKUP(FP7,$C$284:$D$377,2,FALSE) -> 15 | FR7: 2.013 | FS7: Kα | FW7: P | FX7: =VLOOKUP(FW7,$C$284:$D$377,2,FALSE) -> 15 | FY7: 2.013 | FZ7: Kα
B8: =IF($A$3=$A$26,E8,E8*1000) -> 2136 | C8: P | D8: =VLOOKUP(C8,$C$284:$D$377,2,FALSE) -> 15 | E8: 2.136 | F8: Kβ | J8: =M8*1000 -> 2136 | K8: P | L8: =VLOOKUP(K8,$C$284:$D$377,2,FALSE) -> 15 | M8: 2.136 | N8: Kβ | R8: P | S8: =VLOOKUP(R8,$C$284:$D$377,2,FALSE) -> 15 | T8: 2.136 | U8: Kβ | Y8: P | Z8: =VLOOKUP(Y8,$C$284:$D$377,2,FALSE) -> 15 | AA8: 2.136 | AB8: Kβ | AF8: P | AG8: =VLOOKUP(AF8,$C$284:$D$377,2,FALSE) -> 15 | AH8: 2.136 | AI8: Kβ | AM8: P | AN8: =VLOOKUP(AM8,$C$284:$D$377,2,FALSE) -> 15 | AO8: 2.136 | AP8: Kβ | AT8: P | AU8: =VLOOKUP(AT8,$C$284:$D$377,2,FALSE) -> 15 | AV8: 2.136 | AW8: Kβ | BA8: P | BB8: =VLOOKUP(BA8,$C$284:$D$377,2,FALSE) -> 15 | BC8: 2.136 | BD8: Kβ | BH8: P | BI8: =VLOOKUP(BH8,$C$284:$D$377,2,FALSE) -> 15 | BJ8: 2.136 | BK8: Kβ | BO8: P | BP8: =VLOOKUP(BO8,$C$284:$D$377,2,FALSE) -> 15 | BQ8: 2.136 | BR8: Kβ | BV8: P | BW8: =VLOOKUP(BV8,$C$284:$D$377,2,FALSE) -> 15 | BX8: 2.136 | BY8: Kβ | CC8: P | CD8: =VLOOKUP(CC8,$C$284:$D$377,2,FALSE) -> 15 | CE8: 2.136 | CF8: Kβ | CJ8: P | CK8: =VLOOKUP(CJ8,$C$284:$D$377,2,FALSE) -> 15 | CL8: 2.136 | CM8: Kβ | CQ8: P | CR8: =VLOOKUP(CQ8,$C$284:$D$377,2,FALSE) -> 15 | CS8: 2.136 | CT8: Kβ | CX8: P | CY8: =VLOOKUP(CX8,$C$284:$D$377,2,FALSE) -> 15 | CZ8: 2.136 | DA8: Kβ | DE8: P | DF8: =VLOOKUP(DE8,$C$284:$D$377,2,FALSE) -> 15 | DG8: 2.136 | DH8: Kβ | DL8: P | DM8: =VLOOKUP(DL8,$C$284:$D$377,2,FALSE) -> 15 | DN8: 2.136 | DO8: Kβ | DS8: P | DT8: =VLOOKUP(DS8,$C$284:$D$377,2,FALSE) -> 15 | DU8: 2.136 | DV8: Kβ | DZ8: P | EA8: =VLOOKUP(DZ8,$C$284:$D$377,2,FALSE) -> 15 | EB8: 2.136 | EC8: Kβ | EG8: P | EH8: =VLOOKUP(EG8,$C$284:$D$377,2,FALSE) -> 15 | EI8: 2.136 | EJ8: Kβ | EN8: P | EO8: =VLOOKUP(EN8,$C$284:$D$377,2,FALSE) -> 15 | EP8: 2.136 | EQ8: Kβ | EU8: P | EV8: =VLOOKUP(EU8,$C$284:$D$377,2,FALSE) -> 15 | EW8: 2.136 | EX8: Kβ | FB8: P | FC8: =VLOOKUP(FB8,$C$284:$D$377,2,FALSE) -> 15 | FD8: 2.136 | FE8: Kβ | FI8: P | FJ8: =VLOOKUP(FI8,$C$284:$D$377,2,FALSE) -> 15 | FK8: 2.136 | FL8: Kβ | FP8: P | FQ8: =VLOOKUP(FP8,$C$284:$D$377,2,FALSE) -> 15 | FR8: 2.136 | FS8: Kβ | FW8: P | FX8: =VLOOKUP(FW8,$C$284:$D$377,2,FALSE) -> 15 | FY8: 2.136 | FZ8: Kβ
B9: =IF($A$3=$A$26,E9,E9*1000) -> 2307 | C9: S | D9: =VLOOKUP(C9,$C$284:$D$377,2,FALSE) -> 16 | E9: 2.307 | F9: Kα | J9: =M9*1000 -> 2307 | K9: S | L9: =VLOOKUP(K9,$C$284:$D$377,2,FALSE) -> 16 | M9: 2.307 | N9: Kα | O9: 19589 | P9: 183 | R9: S | S9: =VLOOKUP(R9,$C$284:$D$377,2,FALSE) -> 16 | T9: 2.307 | U9: Kα | V9: 3751 | W9: 99 | Y9: S | Z9: =VLOOKUP(Y9,$C$284:$D$377,2,FALSE) -> 16 | AA9: 2.307 | AB9: Kα | AC9: 3279 | AD9: 99 | AF9: S | AG9: =VLOOKUP(AF9,$C$284:$D$377,2,FALSE) -> 16 | AH9: 2.307 | AI9: Kα | AJ9: 2989 | AK9: 96 | AM9: S | AN9: =VLOOKUP(AM9,$C$284:$D$377,2,FALSE) -> 16 | AO9: 2.307 | AP9: Kα | AQ9: 4373 | AR9: 106 | AT9: S | AU9: =VLOOKUP(AT9,$C$284:$D$377,2,FALSE) -> 16 | AV9: 2.307 | AW9: Kα | AX9: 2592 | AY9: 72 | BA9: S | BB9: =VLOOKUP(BA9,$C$284:$D$377,2,FALSE) -> 16 | BC9: 2.307 | BD9: Kα | BE9: 4039 | BF9: 105 | BH9: S | BI9: =VLOOKUP(BH9,$C$284:$D$377,2,FALSE) -> 16 | BJ9: 2.307 | BK9: Kα | BL9: 3350 | BM9: 101 | BO9: S | BP9: =VLOOKUP(BO9,$C$284:$D$377,2,FALSE) -> 16 | BQ9: 2.307 | BR9: Kα | BS9: 4134 | BT9: 108 | BV9: S | BW9: =VLOOKUP(BV9,$C$284:$D$377,2,FALSE) -> 16 | BX9: 2.307 | BY9: Kα | BZ9: 4221 | CA9: 106 | CC9: S | CD9: =VLOOKUP(CC9,$C$284:$D$377,2,FALSE) -> 16 | CE9: 2.307 | CF9: Kα | CG9: 2535 | CH9: 95 | CJ9: S | CK9: =VLOOKUP(CJ9,$C$284:$D$377,2,FALSE) -> 16 | CL9: 2.307 | CM9: Kα | CQ9: S | CR9: =VLOOKUP(CQ9,$C$284:$D$377,2,FALSE) -> 16 | CS9: 2.307 | CT9: Kα | CX9: S | CY9: =VLOOKUP(CX9,$C$284:$D$377,2,FALSE) -> 16 | CZ9: 2.307 | DA9: Kα | DE9: S | DF9: =VLOOKUP(DE9,$C$284:$D$377,2,FALSE) -> 16 | DG9: 2.307 | DH9: Kα | DL9: S | DM9: =VLOOKUP(DL9,$C$284:$D$377,2,FALSE) -> 16 | DN9: 2.307 | DO9: Kα | DS9: S | DT9: =VLOOKUP(DS9,$C$284:$D$377,2,FALSE) -> 16 | DU9: 2.307 | DV9: Kα | DZ9: S | EA9: =VLOOKUP(DZ9,$C$284:$D$377,2,FALSE) -> 16 | EB9: 2.307 | EC9: Kα | EG9: S | EH9: =VLOOKUP(EG9,$C$284:$D$377,2,FALSE) -> 16 | EI9: 2.307 | EJ9: Kα | EN9: S | EO9: =VLOOKUP(EN9,$C$284:$D$377,2,FALSE) -> 16 | EP9: 2.307 | EQ9: Kα | EU9: S | EV9: =VLOOKUP(EU9,$C$284:$D$377,2,FALSE) -> 16 | EW9: 2.307 | EX9: Kα | FB9: S | FC9: =VLOOKUP(FB9,$C$284:$D$377,2,FALSE) -> 16 | FD9: 2.307 | FE9: Kα | FI9: S | FJ9: =VLOOKUP(FI9,$C$284:$D$377,2,FALSE) -> 16 | FK9: 2.307 | FL9: Kα | FP9: S | FQ9: =VLOOKUP(FP9,$C$284:$D$377,2,FALSE) -> 16 | FR9: 2.307 | FS9: Kα | FW9: S | FX9: =VLOOKUP(FW9,$C$284:$D$377,2,FALSE) -> 16 | FY9: 2.307 | FZ9: Kα
B10: =IF($A$3=$A$26,E10,E10*1000) -> 2464 | C10: S | D10: =VLOOKUP(C10,$C$284:$D$377,2,FALSE) -> 16 | E10: 2.464 | F10: Kβ | J10: =M10*1000 -> 2464 | K10: S | L10: =VLOOKUP(K10,$C$284:$D$377,2,FALSE) -> 16 | M10: 2.464 | N10: Kβ | R10: S | S10: =VLOOKUP(R10,$C$284:$D$377,2,FALSE) -> 16 | T10: 2.464 | U10: Kβ | Y10: S | Z10: =VLOOKUP(Y10,$C$284:$D$377,2,FALSE) -> 16 | AA10: 2.464 | AB10: Kβ | AF10: S | AG10: =VLOOKUP(AF10,$C$284:$D$377,2,FALSE) -> 16 | AH10: 2.464 | AI10: Kβ | AM10: S | AN10: =VLOOKUP(AM10,$C$284:$D$377,2,FALSE) -> 16 | AO10: 2.464 | AP10: Kβ | AT10: S | AU10: =VLOOKUP(AT10,$C$284:$D$377,2,FALSE) -> 16 | AV10: 2.464 | AW10: Kβ | BA10: S | BB10: =VLOOKUP(BA10,$C$284:$D$377,2,FALSE) -> 16 | BC10: 2.464 | BD10: Kβ | BH10: S | BI10: =VLOOKUP(BH10,$C$284:$D$377,2,FALSE) -> 16 | BJ10: 2.464 | BK10: Kβ | BO10: S | BP10: =VLOOKUP(BO10,$C$284:$D$377,2,FALSE) -> 16 | BQ10: 2.464 | BR10: Kβ | BV10: S | BW10: =VLOOKUP(BV10,$C$284:$D$377,2,FALSE) -> 16 | BX10: 2.464 | BY10: Kβ | CC10: S | CD10: =VLOOKUP(CC10,$C$284:$D$377,2,FALSE) -> 16 | CE10: 2.464 | CF10: Kβ | CJ10: S | CK10: =VLOOKUP(CJ10,$C$284:$D$377,2,FALSE) -> 16 | CL10: 2.464 | CM10: Kβ | CQ10: S | CR10: =VLOOKUP(CQ10,$C$284:$D$377,2,FALSE) -> 16 | CS10: 2.464 | CT10: Kβ | CX10: S | CY10: =VLOOKUP(CX10,$C$284:$D$377,2,FALSE) -> 16 | CZ10: 2.464 | DA10: Kβ | DE10: S | DF10: =VLOOKUP(DE10,$C$284:$D$377,2,FALSE) -> 16 | DG10: 2.464 | DH10: Kβ | DL10: S | DM10: =VLOOKUP(DL10,$C$284:$D$377,2,FALSE) -> 16 | DN10: 2.464 | DO10: Kβ | DS10: S | DT10: =VLOOKUP(DS10,$C$284:$D$377,2,FALSE) -> 16 | DU10: 2.464 | DV10: Kβ | DZ10: S | EA10: =VLOOKUP(DZ10,$C$284:$D$377,2,FALSE) -> 16 | EB10: 2.464 | EC10: Kβ | EG10: S | EH10: =VLOOKUP(EG10,$C$284:$D$377,2,FALSE) -> 16 | EI10: 2.464 | EJ10: Kβ | EN10: S | EO10: =VLOOKUP(EN10,$C$284:$D$377,2,FALSE) -> 16 | EP10: 2.464 | EQ10: Kβ | EU10: S | EV10: =VLOOKUP(EU10,$C$284:$D$377,2,FALSE) -> 16 | EW10: 2.464 | EX10: Kβ | FB10: S | FC10: =VLOOKUP(FB10,$C$284:$D$377,2,FALSE) -> 16 | FD10: 2.464 | FE10: Kβ | FI10: S | FJ10: =VLOOKUP(FI10,$C$284:$D$377,2,FALSE) -> 16 | FK10: 2.464 | FL10: Kβ | FP10: S | FQ10: =VLOOKUP(FP10,$C$284:$D$377,2,FALSE) -> 16 | FR10: 2.464 | FS10: Kβ | FW10: S | FX10: =VLOOKUP(FW10,$C$284:$D$377,2,FALSE) -> 16 | FY10: 2.464 | FZ10: Kβ
B11: =IF($A$3=$A$26,E11,E11*1000) -> 2622 | C11: Cl | D11: =VLOOKUP(C11,$C$284:$D$377,2,FALSE) -> 17 | E11: 2.622 | F11: Kα | J11: =M11*1000 -> 2622 | K11: Cl | L11: =VLOOKUP(K11,$C$284:$D$377,2,FALSE) -> 17 | M11: 2.622 | N11: Kα | O11: 29684 | P11: 255 | R11: Cl | S11: =VLOOKUP(R11,$C$284:$D$377,2,FALSE) -> 17 | T11: 2.622 | U11: Kα | V11: 8237 | W11: 160 | Y11: Cl | Z11: =VLOOKUP(Y11,$C$284:$D$377,2,FALSE) -> 17 | AA11: 2.622 | AB11: Kα | AC11: 11608 | AD11: 176 | AF11: Cl | AG11: =VLOOKUP(AF11,$C$284:$D$377,2,FALSE) -> 17 | AH11: 2.622 | AI11: Kα | AJ11: 9237 | AK11: 164 | AM11: Cl | AN11: =VLOOKUP(AM11,$C$284:$D$377,2,FALSE) -> 17 | AO11: 2.622 | AP11: Kα | AQ11: 8287 | AR11: 161 | AT11: Cl | AU11: =VLOOKUP(AT11,$C$284:$D$377,2,FALSE) -> 17 | AV11: 2.622 | AW11: Kα | AX11: 9118 | AY11: 127 | BA11: Cl | BB11: =VLOOKUP(BA11,$C$284:$D$377,2,FALSE) -> 17 | BC11: 2.622 | BD11: Kα | BE11: 12017 | BF11: 179 | BH11: Cl | BI11: =VLOOKUP(BH11,$C$284:$D$377,2,FALSE) -> 17 | BJ11: 2.622 | BK11: Kα | BL11: 9250 | BM11: 166 | BO11: Cl | BP11: =VLOOKUP(BO11,$C$284:$D$377,2,FALSE) -> 17 | BQ11: 2.622 | BR11: Kα | BS11: 12390 | BT11: 180 | BV11: Cl | BW11: =VLOOKUP(BV11,$C$284:$D$377,2,FALSE) -> 17 | BX11: 2.622 | BY11: Kα | BZ11: 8981 | CA11: 165 | CC11: Cl | CD11: =VLOOKUP(CC11,$C$284:$D$377,2,FALSE) -> 17 | CE11: 2.622 | CF11: Kα | CG11: 6433 | CH11: 150 | CJ11: Cl | CK11: =VLOOKUP(CJ11,$C$284:$D$377,2,FALSE) -> 17 | CL11: 2.622 | CM11: Kα | CQ11: Cl | CR11: =VLOOKUP(CQ11,$C$284:$D$377,2,FALSE) -> 17 | CS11: 2.622 | CT11: Kα | CX11: Cl | CY11: =VLOOKUP(CX11,$C$284:$D$377,2,FALSE) -> 17 | CZ11: 2.622 | DA11: Kα | DE11: Cl | DF11: =VLOOKUP(DE11,$C$284:$D$377,2,FALSE) -> 17 | DG11: 2.622 | DH11: Kα | DL11: Cl | DM11: =VLOOKUP(DL11,$C$284:$D$377,2,FALSE) -> 17 | DN11: 2.622 | DO11: Kα | DS11: Cl | DT11: =VLOOKUP(DS11,$C$284:$D$377,2,FALSE) -> 17 | DU11: 2.622 | DV11: Kα | DZ11: Cl | EA11: =VLOOKUP(DZ11,$C$284:$D$377,2,FALSE) -> 17 | EB11: 2.622 | EC11: Kα | EG11: Cl | EH11: =VLOOKUP(EG11,$C$284:$D$377,2,FALSE) -> 17 | EI11: 2.622 | EJ11: Kα | EN11: Cl | EO11: =VLOOKUP(EN11,$C$284:$D$377,2,FALSE) -> 17 | EP11: 2.622 | EQ11: Kα | EU11: Cl | EV11: =VLOOKUP(EU11,$C$284:$D$377,2,FALSE) -> 17 | EW11: 2.622 | EX11: Kα | FB11: Cl | FC11: =VLOOKUP(FB11,$C$284:$D$377,2,FALSE) -> 17 | FD11: 2.622 | FE11: Kα | FI11: Cl | FJ11: =VLOOKUP(FI11,$C$284:$D$377,2,FALSE) -> 17 | FK11: 2.622 | FL11: Kα | FP11: Cl | FQ11: =VLOOKUP(FP11,$C$284:$D$377,2,FALSE) -> 17 | FR11: 2.622 | FS11: Kα | FW11: Cl | FX11: =VLOOKUP(FW11,$C$284:$D$377,2,FALSE) -> 17 | FY11: 2.622 | FZ11: Kα
B12: =IF($A$3=$A$26,E12,E12*1000) -> 2815 | C12: Cl | D12: =VLOOKUP(C12,$C$284:$D$377,2,FALSE) -> 17 | E12: 2.815 | F12: Kβ | J12: =M12*1000 -> 2815 | K12: Cl | L12: =VLOOKUP(K12,$C$284:$D$377,2,FALSE) -> 17 | M12: 2.815 | N12: Kβ | R12: Cl | S12: =VLOOKUP(R12,$C$284:$D$377,2,FALSE) -> 17 | T12: 2.815 | U12: Kβ | Y12: Cl | Z12: =VLOOKUP(Y12,$C$284:$D$377,2,FALSE) -> 17 | AA12: 2.815 | AB12: Kβ | AF12: Cl | AG12: =VLOOKUP(AF12,$C$284:$D$377,2,FALSE) -> 17 | AH12: 2.815 | AI12: Kβ | AM12: Cl | AN12: =VLOOKUP(AM12,$C$284:$D$377,2,FALSE) -> 17 | AO12: 2.815 | AP12: Kβ | AT12: Cl | AU12: =VLOOKUP(AT12,$C$284:$D$377,2,FALSE) -> 17 | AV12: 2.815 | AW12: Kβ | BA12: Cl | BB12: =VLOOKUP(BA12,$C$284:$D$377,2,FALSE) -> 17 | BC12: 2.815 | BD12: Kβ | BH12: Cl | BI12: =VLOOKUP(BH12,$C$284:$D$377,2,FALSE) -> 17 | BJ12: 2.815 | BK12: Kβ | BO12: Cl | BP12: =VLOOKUP(BO12,$C$284:$D$377,2,FALSE) -> 17 | BQ12: 2.815 | BR12: Kβ | BV12: Cl | BW12: =VLOOKUP(BV12,$C$284:$D$377,2,FALSE) -> 17 | BX12: 2.815 | BY12: Kβ | CC12: Cl | CD12: =VLOOKUP(CC12,$C$284:$D$377,2,FALSE) -> 17 | CE12: 2.815 | CF12: Kβ | CJ12: Cl | CK12: =VLOOKUP(CJ12,$C$284:$D$377,2,FALSE) -> 17 | CL12: 2.815 | CM12: Kβ | CQ12: Cl | CR12: =VLOOKUP(CQ12,$C$284:$D$377,2,FALSE) -> 17 | CS12: 2.815 | CT12: Kβ | CX12: Cl | CY12: =VLOOKUP(CX12,$C$284:$D$377,2,FALSE) -> 17 | CZ12: 2.815 | DA12: Kβ | DE12: Cl | DF12: =VLOOKUP(DE12,$C$284:$D$377,2,FALSE) -> 17 | DG12: 2.815 | DH12: Kβ | DL12: Cl | DM12: =VLOOKUP(DL12,$C$284:$D$377,2,FALSE) -> 17 | DN12: 2.815 | DO12: Kβ | DS12: Cl | DT12: =VLOOKUP(DS12,$C$284:$D$377,2,FALSE) -> 17 | DU12: 2.815 | DV12: Kβ | DZ12: Cl | EA12: =VLOOKUP(DZ12,$C$284:$D$377,2,FALSE) -> 17 | EB12: 2.815 | EC12: Kβ | EG12: Cl | EH12: =VLOOKUP(EG12,$C$284:$D$377,2,FALSE) -> 17 | EI12: 2.815 | EJ12: Kβ | EN12: Cl | EO12: =VLOOKUP(EN12,$C$284:$D$377,2,FALSE) -> 17 | EP12: 2.815 | EQ12: Kβ | EU12: Cl | EV12: =VLOOKUP(EU12,$C$284:$D$377,2,FALSE) -> 17 | EW12: 2.815 | EX12: Kβ | FB12: Cl | FC12: =VLOOKUP(FB12,$C$284:$D$377,2,FALSE) -> 17 | FD12: 2.815 | FE12: Kβ | FI12: Cl | FJ12: =VLOOKUP(FI12,$C$284:$D$377,2,FALSE) -> 17 | FK12: 2.815 | FL12: Kβ | FP12: Cl | FQ12: =VLOOKUP(FP12,$C$284:$D$377,2,FALSE) -> 17 | FR12: 2.815 | FS12: Kβ | FW12: Cl | FX12: =VLOOKUP(FW12,$C$284:$D$377,2,FALSE) -> 17 | FY12: 2.815 | FZ12: Kβ
B13: =IF($A$3=$A$26,E13,E13*1000) -> 2957 | C13: Ar | D13: =VLOOKUP(C13,$C$284:$D$377,2,FALSE) -> 18 | E13: 2.957 | F13: Kα | J13: =M13*1000 -> 2957 | K13: Ar | L13: =VLOOKUP(K13,$C$284:$D$377,2,FALSE) -> 18 | M13: 2.957 | N13: Kα | O13: 4130 | P13: 229 | R13: Ar | S13: =VLOOKUP(R13,$C$284:$D$377,2,FALSE) -> 18 | T13: 2.957 | U13: Kα | V13: 5943 | W13: 190 | Y13: Ar | Z13: =VLOOKUP(Y13,$C$284:$D$377,2,FALSE) -> 18 | AA13: 2.957 | AB13: Kα | AC13: 6238 | AD13: 192 | AF13: Ar | AG13: =VLOOKUP(AF13,$C$284:$D$377,2,FALSE) -> 18 | AH13: 2.957 | AI13: Kα | AJ13: 6081 | AK13: 191 | AM13: Ar | AN13: =VLOOKUP(AM13,$C$284:$D$377,2,FALSE) -> 18 | AO13: 2.957 | AP13: Kα | AQ13: 5556 | AR13: 193 | AT13: Ar | AU13: =VLOOKUP(AT13,$C$284:$D$377,2,FALSE) -> 18 | AV13: 2.957 | AW13: Kα | AX13: 7259 | AY13: 158 | BA13: Ar | BB13: =VLOOKUP(BA13,$C$284:$D$377,2,FALSE) -> 18 | BC13: 2.957 | BD13: Kα | BE13: 5818 | BF13: 195 | BH13: Ar | BI13: =VLOOKUP(BH13,$C$284:$D$377,2,FALSE) -> 18 | BJ13: 2.957 | BK13: Kα | BL13: 6279 | BM13: 192 | BO13: Ar | BP13: =VLOOKUP(BO13,$C$284:$D$377,2,FALSE) -> 18 | BQ13: 2.957 | BR13: Kα | BS13: 5552 | BT13: 194 | BV13: Ar | BW13: =VLOOKUP(BV13,$C$284:$D$377,2,FALSE) -> 18 | BX13: 2.957 | BY13: Kα | BZ13: 5120 | CA13: 192 | CC13: Ar | CD13: =VLOOKUP(CC13,$C$284:$D$377,2,FALSE) -> 18 | CE13: 2.957 | CF13: Kα | CG13: 5484 | CH13: 190 | CJ13: Ar | CK13: =VLOOKUP(CJ13,$C$284:$D$377,2,FALSE) -> 18 | CL13: 2.957 | CM13: Kα | CQ13: Ar | CR13: =VLOOKUP(CQ13,$C$284:$D$377,2,FALSE) -> 18 | CS13: 2.957 | CT13: Kα | CX13: Ar | CY13: =VLOOKUP(CX13,$C$284:$D$377,2,FALSE) -> 18 | CZ13: 2.957 | DA13: Kα | DE13: Ar | DF13: =VLOOKUP(DE13,$C$284:$D$377,2,FALSE) -> 18 | DG13: 2.957 | DH13: Kα | DL13: Ar | DM13: =VLOOKUP(DL13,$C$284:$D$377,2,FALSE) -> 18 | DN13: 2.957 | DO13: Kα | DS13: Ar | DT13: =VLOOKUP(DS13,$C$284:$D$377,2,FALSE) -> 18 | DU13: 2.957 | DV13: Kα | DZ13: Ar | EA13: =VLOOKUP(DZ13,$C$284:$D$377,2,FALSE) -> 18 | EB13: 2.957 | EC13: Kα | EG13: Ar | EH13: =VLOOKUP(EG13,$C$284:$D$377,2,FALSE) -> 18 | EI13: 2.957 | EJ13: Kα | EN13: Ar | EO13: =VLOOKUP(EN13,$C$284:$D$377,2,FALSE) -> 18 | EP13: 2.957 | EQ13: Kα | EU13: Ar | EV13: =VLOOKUP(EU13,$C$284:$D$377,2,FALSE) -> 18 | EW13: 2.957 | EX13: Kα | FB13: Ar | FC13: =VLOOKUP(FB13,$C$284:$D$377,2,FALSE) -> 18 | FD13: 2.957 | FE13: Kα | FI13: Ar | FJ13: =VLOOKUP(FI13,$C$284:$D$377,2,FALSE) -> 18 | FK13: 2.957 | FL13: Kα | FP13: Ar | FQ13: =VLOOKUP(FP13,$C$284:$D$377,2,FALSE) -> 18 | FR13: 2.957 | FS13: Kα | FW13: Ar | FX13: =VLOOKUP(FW13,$C$284:$D$377,2,FALSE) -> 18 | FY13: 2.957 | FZ13: Kα
B14: =IF($A$3=$A$26,E14,E14*1000) -> 3192 | C14: Ar | D14: =VLOOKUP(C14,$C$284:$D$377,2,FALSE) -> 18 | E14: 3.192 | F14: Kβ | J14: =M14*1000 -> 3192 | K14: Ar | L14: =VLOOKUP(K14,$C$284:$D$377,2,FALSE) -> 18 | M14: 3.192 | N14: Kβ | R14: Ar | S14: =VLOOKUP(R14,$C$284:$D$377,2,FALSE) -> 18 | T14: 3.192 | U14: Kβ | Y14: Ar | Z14: =VLOOKUP(Y14,$C$284:$D$377,2,FALSE) -> 18 | AA14: 3.192 | AB14: Kβ | AF14: Ar | AG14: =VLOOKUP(AF14,$C$284:$D$377,2,FALSE) -> 18 | AH14: 3.192 | AI14: Kβ | AM14: Ar | AN14: =VLOOKUP(AM14,$C$284:$D$377,2,FALSE) -> 18 | AO14: 3.192 | AP14: Kβ | AT14: Ar | AU14: =VLOOKUP(AT14,$C$284:$D$377,2,FALSE) -> 18 | AV14: 3.192 | AW14: Kβ | BA14: Ar | BB14: =VLOOKUP(BA14,$C$284:$D$377,2,FALSE) -> 18 | BC14: 3.192 | BD14: Kβ | BH14: Ar | BI14: =VLOOKUP(BH14,$C$284:$D$377,2,FALSE) -> 18 | BJ14: 3.192 | BK14: Kβ | BO14: Ar | BP14: =VLOOKUP(BO14,$C$284:$D$377,2,FALSE) -> 18 | BQ14: 3.192 | BR14: Kβ | BV14: Ar | BW14: =VLOOKUP(BV14,$C$284:$D$377,2,FALSE) -> 18 | BX14: 3.192 | BY14: Kβ | CC14: Ar | CD14: =VLOOKUP(CC14,$C$284:$D$377,2,FALSE) -> 18 | CE14: 3.192 | CF14: Kβ | CJ14: Ar | CK14: =VLOOKUP(CJ14,$C$284:$D$377,2,FALSE) -> 18 | CL14: 3.192 | CM14: Kβ | CQ14: Ar | CR14: =VLOOKUP(CQ14,$C$284:$D$377,2,FALSE) -> 18 | CS14: 3.192 | CT14: Kβ | CX14: Ar | CY14: =VLOOKUP(CX14,$C$284:$D$377,2,FALSE) -> 18 | CZ14: 3.192 | DA14: Kβ | DE14: Ar | DF14: =VLOOKUP(DE14,$C$284:$D$377,2,FALSE) -> 18 | DG14: 3.192 | DH14: Kβ | DL14: Ar | DM14: =VLOOKUP(DL14,$C$284:$D$377,2,FALSE) -> 18 | DN14: 3.192 | DO14: Kβ | DS14: Ar | DT14: =VLOOKUP(DS14,$C$284:$D$377,2,FALSE) -> 18 | DU14: 3.192 | DV14: Kβ | DZ14: Ar | EA14: =VLOOKUP(DZ14,$C$284:$D$377,2,FALSE) -> 18 | EB14: 3.192 | EC14: Kβ | EG14: Ar | EH14: =VLOOKUP(EG14,$C$284:$D$377,2,FALSE) -> 18 | EI14: 3.192 | EJ14: Kβ | EN14: Ar | EO14: =VLOOKUP(EN14,$C$284:$D$377,2,FALSE) -> 18 | EP14: 3.192 | EQ14: Kβ | EU14: Ar | EV14: =VLOOKUP(EU14,$C$284:$D$377,2,FALSE) -> 18 | EW14: 3.192 | EX14: Kβ | FB14: Ar | FC14: =VLOOKUP(FB14,$C$284:$D$377,2,FALSE) -> 18 | FD14: 3.192 | FE14: Kβ | FI14: Ar | FJ14: =VLOOKUP(FI14,$C$284:$D$377,2,FALSE) -> 18 | FK14: 3.192 | FL14: Kβ | FP14: Ar | FQ14: =VLOOKUP(FP14,$C$284:$D$377,2,FALSE) -> 18 | FR14: 3.192 | FS14: Kβ | FW14: Ar | FX14: =VLOOKUP(FW14,$C$284:$D$377,2,FALSE) -> 18 | FY14: 3.192 | FZ14: Kβ
B15: =IF($A$3=$A$26,E15,E15*1000) -> 3313 | C15: K | D15: =VLOOKUP(C15,$C$284:$D$377,2,FALSE) -> 19 | E15: 3.313 | F15: Kα | J15: =M15*1000 -> 3313 | K15: K | L15: =VLOOKUP(K15,$C$284:$D$377,2,FALSE) -> 19 | M15: 3.313 | N15: Kα | O15: 169151 | P15: 441 | R15: K | S15: =VLOOKUP(R15,$C$284:$D$377,2,FALSE) -> 19 | T15: 3.313 | U15: Kα | V15: 43735 | W15: 246 | Y15: K | Z15: =VLOOKUP(Y15,$C$284:$D$377,2,FALSE) -> 19 | AA15: 3.313 | AB15: Kα | AC15: 37860 | AD15: 236 | AF15: K | AG15: =VLOOKUP(AF15,$C$284:$D$377,2,FALSE) -> 19 | AH15: 3.313 | AI15: Kα | AJ15: 52986 | AK15: 263 | AM15: K | AN15: =VLOOKUP(AM15,$C$284:$D$377,2,FALSE) -> 19 | AO15: 3.313 | AP15: Kα | AQ15: 63702 | AR15: 282 | AT15: K | AU15: =VLOOKUP(AT15,$C$284:$D$377,2,FALSE) -> 19 | AV15: 3.313 | AW15: Kα | AX15: 61476 | AY15: 263 | BA15: K | BB15: =VLOOKUP(BA15,$C$284:$D$377,2,FALSE) -> 19 | BC15: 3.313 | BD15: Kα | BE15: 53117 | BF15: 266 | BH15: K | BI15: =VLOOKUP(BH15,$C$284:$D$377,2,FALSE) -> 19 | BJ15: 3.313 | BK15: Kα | BL15: 48230 | BM15: 255 | BO15: K | BP15: =VLOOKUP(BO15,$C$284:$D$377,2,FALSE) -> 19 | BQ15: 3.313 | BR15: Kα | BS15: 76728 | BT15: 302 | BV15: K | BW15: =VLOOKUP(BV15,$C$284:$D$377,2,FALSE) -> 19 | BX15: 3.313 | BY15: Kα | BZ15: 57180 | CA15: 273 | CC15: K | CD15: =VLOOKUP(CC15,$C$284:$D$377,2,FALSE) -> 19 | CE15: 3.313 | CF15: Kα | CG15: 44743 | CH15: 248 | CJ15: K | CK15: =VLOOKUP(CJ15,$C$284:$D$377,2,FALSE) -> 19 | CL15: 3.313 | CM15: Kα | CQ15: K | CR15: =VLOOKUP(CQ15,$C$284:$D$377,2,FALSE) -> 19 | CS15: 3.313 | CT15: Kα | CX15: K | CY15: =VLOOKUP(CX15,$C$284:$D$377,2,FALSE) -> 19 | CZ15: 3.313 | DA15: Kα | DE15: K | DF15: =VLOOKUP(DE15,$C$284:$D$377,2,FALSE) -> 19 | DG15: 3.313 | DH15: Kα | DL15: K | DM15: =VLOOKUP(DL15,$C$284:$D$377,2,FALSE) -> 19 | DN15: 3.313 | DO15: Kα | DS15: K | DT15: =VLOOKUP(DS15,$C$284:$D$377,2,FALSE) -> 19 | DU15: 3.313 | DV15: Kα | DZ15: K | EA15: =VLOOKUP(DZ15,$C$284:$D$377,2,FALSE) -> 19 | EB15: 3.313 | EC15: Kα | EG15: K | EH15: =VLOOKUP(EG15,$C$284:$D$377,2,FALSE) -> 19 | EI15: 3.313 | EJ15: Kα | EN15: K | EO15: =VLOOKUP(EN15,$C$284:$D$377,2,FALSE) -> 19 | EP15: 3.313 | EQ15: Kα | EU15: K | EV15: =VLOOKUP(EU15,$C$284:$D$377,2,FALSE) -> 19 | EW15: 3.313 | EX15: Kα | FB15: K | FC15: =VLOOKUP(FB15,$C$284:$D$377,2,FALSE) -> 19 | FD15: 3.313 | FE15: Kα | FI15: K | FJ15: =VLOOKUP(FI15,$C$284:$D$377,2,FALSE) -> 19 | FK15: 3.313 | FL15: Kα | FP15: K | FQ15: =VLOOKUP(FP15,$C$284:$D$377,2,FALSE) -> 19 | FR15: 3.313 | FS15: Kα | FW15: K | FX15: =VLOOKUP(FW15,$C$284:$D$377,2,FALSE) -> 19 | FY15: 3.313 | FZ15: Kα
B16: =IF($A$3=$A$26,E16,E16*1000) -> 3589 | C16: K | D16: =VLOOKUP(C16,$C$284:$D$377,2,FALSE) -> 19 | E16: 3.589 | F16: Kβ | J16: =M16*1000 -> 3589 | K16: K | L16: =VLOOKUP(K16,$C$284:$D$377,2,FALSE) -> 19 | M16: 3.589 | N16: Kβ | R16: K | S16: =VLOOKUP(R16,$C$284:$D$377,2,FALSE) -> 19 | T16: 3.589 | U16: Kβ | Y16: K | Z16: =VLOOKUP(Y16,$C$284:$D$377,2,FALSE) -> 19 | AA16: 3.589 | AB16: Kβ | AF16: K | AG16: =VLOOKUP(AF16,$C$284:$D$377,2,FALSE) -> 19 | AH16: 3.589 | AI16: Kβ | AM16: K | AN16: =VLOOKUP(AM16,$C$284:$D$377,2,FALSE) -> 19 | AO16: 3.589 | AP16: Kβ | AT16: K | AU16: =VLOOKUP(AT16,$C$284:$D$377,2,FALSE) -> 19 | AV16: 3.589 | AW16: Kβ | BA16: K | BB16: =VLOOKUP(BA16,$C$284:$D$377,2,FALSE) -> 19 | BC16: 3.589 | BD16: Kβ | BH16: K | BI16: =VLOOKUP(BH16,$C$284:$D$377,2,FALSE) -> 19 | BJ16: 3.589 | BK16: Kβ | BO16: K | BP16: =VLOOKUP(BO16,$C$284:$D$377,2,FALSE) -> 19 | BQ16: 3.589 | BR16: Kβ | BV16: K | BW16: =VLOOKUP(BV16,$C$284:$D$377,2,FALSE) -> 19 | BX16: 3.589 | BY16: Kβ | CC16: K | CD16: =VLOOKUP(CC16,$C$284:$D$377,2,FALSE) -> 19 | CE16: 3.589 | CF16: Kβ | CJ16: K | CK16: =VLOOKUP(CJ16,$C$284:$D$377,2,FALSE) -> 19 | CL16: 3.589 | CM16: Kβ | CQ16: K | CR16: =VLOOKUP(CQ16,$C$284:$D$377,2,FALSE) -> 19 | CS16: 3.589 | CT16: Kβ | CX16: K | CY16: =VLOOKUP(CX16,$C$284:$D$377,2,FALSE) -> 19 | CZ16: 3.589 | DA16: Kβ | DE16: K | DF16: =VLOOKUP(DE16,$C$284:$D$377,2,FALSE) -> 19 | DG16: 3.589 | DH16: Kβ | DL16: K | DM16: =VLOOKUP(DL16,$C$284:$D$377,2,FALSE) -> 19 | DN16: 3.589 | DO16: Kβ | DS16: K | DT16: =VLOOKUP(DS16,$C$284:$D$377,2,FALSE) -> 19 | DU16: 3.589 | DV16: Kβ | DZ16: K | EA16: =VLOOKUP(DZ16,$C$284:$D$377,2,FALSE) -> 19 | EB16: 3.589 | EC16: Kβ | EG16: K | EH16: =VLOOKUP(EG16,$C$284:$D$377,2,FALSE) -> 19 | EI16: 3.589 | EJ16: Kβ | EN16: K | EO16: =VLOOKUP(EN16,$C$284:$D$377,2,FALSE) -> 19 | EP16: 3.589 | EQ16: Kβ | EU16: K | EV16: =VLOOKUP(EU16,$C$284:$D$377,2,FALSE) -> 19 | EW16: 3.589 | EX16: Kβ | FB16: K | FC16: =VLOOKUP(FB16,$C$284:$D$377,2,FALSE) -> 19 | FD16: 3.589 | FE16: Kβ | FI16: K | FJ16: =VLOOKUP(FI16,$C$284:$D$377,2,FALSE) -> 19 | FK16: 3.589 | FL16: Kβ | FP16: K | FQ16: =VLOOKUP(FP16,$C$284:$D$377,2,FALSE) -> 19 | FR16: 3.589 | FS16: Kβ | FW16: K | FX16: =VLOOKUP(FW16,$C$284:$D$377,2,FALSE) -> 19 | FY16: 3.589 | FZ16: Kβ
B17: =IF($A$3=$A$26,E17,E17*1000) -> 3691 | C17: Ca | D17: =VLOOKUP(C17,$C$284:$D$377,2,FALSE) -> 20 | E17: 3.691 | F17: Kα | J17: =M17*1000 -> 3691 | K17: Ca | L17: =VLOOKUP(K17,$C$284:$D$377,2,FALSE) -> 20 | M17: 3.691 | N17: Kα | O17: 427317 | P17: 637 | R17: Ca | S17: =VLOOKUP(R17,$C$284:$D$377,2,FALSE) -> 20 | T17: 3.691 | U17: Kα | V17: 16457 | W17: 173 | Y17: Ca | Z17: =VLOOKUP(Y17,$C$284:$D$377,2,FALSE) -> 20 | AA17: 3.691 | AB17: Kα | AC17: 18873 | AD17: 180 | AF17: Ca | AG17: =VLOOKUP(AF17,$C$284:$D$377,2,FALSE) -> 20 | AH17: 3.691 | AI17: Kα | AJ17: 17823 | AK17: 178 | AM17: Ca | AN17: =VLOOKUP(AM17,$C$284:$D$377,2,FALSE) -> 20 | AO17: 3.691 | AP17: Kα | AQ17: 20379 | AR17: 188 | AT17: Ca | AU17: =VLOOKUP(AT17,$C$284:$D$377,2,FALSE) -> 20 | AV17: 3.691 | AW17: Kα | AX17: 20178 | AY17: 179 | BA17: Ca | BB17: =VLOOKUP(BA17,$C$284:$D$377,2,FALSE) -> 20 | BC17: 3.691 | BD17: Kα | BE17: 20558 | BF17: 188 | BH17: Ca | BI17: =VLOOKUP(BH17,$C$284:$D$377,2,FALSE) -> 20 | BJ17: 3.691 | BK17: Kα | BL17: 16352 | BM17: 173 | BO17: Ca | BP17: =VLOOKUP(BO17,$C$284:$D$377,2,FALSE) -> 20 | BQ17: 3.691 | BR17: Kα | BS17: 17562 | BT17: 179 | BV17: Ca | BW17: =VLOOKUP(BV17,$C$284:$D$377,2,FALSE) -> 20 | BX17: 3.691 | BY17: Kα | BZ17: 24113 | CA17: 198 | CC17: Ca | CD17: =VLOOKUP(CC17,$C$284:$D$377,2,FALSE) -> 20 | CE17: 3.691 | CF17: Kα | CG17: 19867 | CH17: 183 | CJ17: Ca | CK17: =VLOOKUP(CJ17,$C$284:$D$377,2,FALSE) -> 20 | CL17: 3.691 | CM17: Kα | CQ17: Ca | CR17: =VLOOKUP(CQ17,$C$284:$D$377,2,FALSE) -> 20 | CS17: 3.691 | CT17: Kα | CX17: Ca | CY17: =VLOOKUP(CX17,$C$284:$D$377,2,FALSE) -> 20 | CZ17: 3.691 | DA17: Kα | DE17: Ca | DF17: =VLOOKUP(DE17,$C$284:$D$377,2,FALSE) -> 20 | DG17: 3.691 | DH17: Kα | DL17: Ca | DM17: =VLOOKUP(DL17,$C$284:$D$377,2,FALSE) -> 20 | DN17: 3.691 | DO17: Kα | DS17: Ca | DT17: =VLOOKUP(DS17,$C$284:$D$377,2,FALSE) -> 20 | DU17: 3.691 | DV17: Kα | DZ17: Ca | EA17: =VLOOKUP(DZ17,$C$284:$D$377,2,FALSE) -> 20 | EB17: 3.691 | EC17: Kα | EG17: Ca | EH17: =VLOOKUP(EG17,$C$284:$D$377,2,FALSE) -> 20 | EI17: 3.691 | EJ17: Kα | EN17: Ca | EO17: =VLOOKUP(EN17,$C$284:$D$377,2,FALSE) -> 20 | EP17: 3.691 | EQ17: Kα | EU17: Ca | EV17: =VLOOKUP(EU17,$C$284:$D$377,2,FALSE) -> 20 | EW17: 3.691 | EX17: Kα | FB17: Ca | FC17: =VLOOKUP(FB17,$C$284:$D$377,2,FALSE) -> 20 | FD17: 3.691 | FE17: Kα | FI17: Ca | FJ17: =VLOOKUP(FI17,$C$284:$D$377,2,FALSE) -> 20 | FK17: 3.691 | FL17: Kα | FP17: Ca | FQ17: =VLOOKUP(FP17,$C$284:$D$377,2,FALSE) -> 20 | FR17: 3.691 | FS17: Kα | FW17: Ca | FX17: =VLOOKUP(FW17,$C$284:$D$377,2,FALSE) -> 20 | FY17: 3.691 | FZ17: Kα
B18: =IF($A$3=$A$26,E18,E18*1000) -> 4012 | C18: Ca | D18: =VLOOKUP(C18,$C$284:$D$377,2,FALSE) -> 20 | E18: 4.012 | F18: Kβ | J18: =M18*1000 -> 4012 | K18: Ca | L18: =VLOOKUP(K18,$C$284:$D$377,2,FALSE) -> 20 | M18: 4.012 | N18: Kβ | R18: Ca | S18: =VLOOKUP(R18,$C$284:$D$377,2,FALSE) -> 20 | T18: 4.012 | U18: Kβ | Y18: Ca | Z18: =VLOOKUP(Y18,$C$284:$D$377,2,FALSE) -> 20 | AA18: 4.012 | AB18: Kβ | AF18: Ca | AG18: =VLOOKUP(AF18,$C$284:$D$377,2,FALSE) -> 20 | AH18: 4.012 | AI18: Kβ | AM18: Ca | AN18: =VLOOKUP(AM18,$C$284:$D$377,2,FALSE) -> 20 | AO18: 4.012 | AP18: Kβ | AT18: Ca | AU18: =VLOOKUP(AT18,$C$284:$D$377,2,FALSE) -> 20 | AV18: 4.012 | AW18: Kβ | BA18: Ca | BB18: =VLOOKUP(BA18,$C$284:$D$377,2,FALSE) -> 20 | BC18: 4.012 | BD18: Kβ | BH18: Ca | BI18: =VLOOKUP(BH18,$C$284:$D$377,2,FALSE) -> 20 | BJ18: 4.012 | BK18: Kβ | BO18: Ca | BP18: =VLOOKUP(BO18,$C$284:$D$377,2,FALSE) -> 20 | BQ18: 4.012 | BR18: Kβ | BV18: Ca | BW18: =VLOOKUP(BV18,$C$284:$D$377,2,FALSE) -> 20 | BX18: 4.012 | BY18: Kβ | CC18: Ca | CD18: =VLOOKUP(CC18,$C$284:$D$377,2,FALSE) -> 20 | CE18: 4.012 | CF18: Kβ | CJ18: Ca | CK18: =VLOOKUP(CJ18,$C$284:$D$377,2,FALSE) -> 20 | CL18: 4.012 | CM18: Kβ | CQ18: Ca | CR18: =VLOOKUP(CQ18,$C$284:$D$377,2,FALSE) -> 20 | CS18: 4.012 | CT18: Kβ | CX18: Ca | CY18: =VLOOKUP(CX18,$C$284:$D$377,2,FALSE) -> 20 | CZ18: 4.012 | DA18: Kβ | DE18: Ca | DF18: =VLOOKUP(DE18,$C$284:$D$377,2,FALSE) -> 20 | DG18: 4.012 | DH18: Kβ | DL18: Ca | DM18: =VLOOKUP(DL18,$C$284:$D$377,2,FALSE) -> 20 | DN18: 4.012 | DO18: Kβ | DS18: Ca | DT18: =VLOOKUP(DS18,$C$284:$D$377,2,FALSE) -> 20 | DU18: 4.012 | DV18: Kβ | DZ18: Ca | EA18: =VLOOKUP(DZ18,$C$284:$D$377,2,FALSE) -> 20 | EB18: 4.012 | EC18: Kβ | EG18: Ca | EH18: =VLOOKUP(EG18,$C$284:$D$377,2,FALSE) -> 20 | EI18: 4.012 | EJ18: Kβ | EN18: Ca | EO18: =VLOOKUP(EN18,$C$284:$D$377,2,FALSE) -> 20 | EP18: 4.012 | EQ18: Kβ | EU18: Ca | EV18: =VLOOKUP(EU18,$C$284:$D$377,2,FALSE) -> 20 | EW18: 4.012 | EX18: Kβ | FB18: Ca | FC18: =VLOOKUP(FB18,$C$284:$D$377,2,FALSE) -> 20 | FD18: 4.012 | FE18: Kβ | FI18: Ca | FJ18: =VLOOKUP(FI18,$C$284:$D$377,2,FALSE) -> 20 | FK18: 4.012 | FL18: Kβ | FP18: Ca | FQ18: =VLOOKUP(FP18,$C$284:$D$377,2,FALSE) -> 20 | FR18: 4.012 | FS18: Kβ | FW18: Ca | FX18: =VLOOKUP(FW18,$C$284:$D$377,2,FALSE) -> 20 | FY18: 4.012 | FZ18: Kβ
B19: =IF($A$3=$A$26,E19,E19*1000) -> 4089 | C19: Sc | D19: =VLOOKUP(C19,$C$284:$D$377,2,FALSE) -> 21 | E19: 4.089 | F19: Kα | J19: =M19*1000 -> 4090 | K19: Sc | L19: =VLOOKUP(K19,$C$284:$D$377,2,FALSE) -> 21 | M19: 4.09 | N19: Kα | R19: Sc | S19: =VLOOKUP(R19,$C$284:$D$377,2,FALSE) -> 21 | T19: 4.09 | U19: Kα | Y19: Sc | Z19: =VLOOKUP(Y19,$C$284:$D$377,2,FALSE) -> 21 | AA19: 4.09 | AB19: Kα | AF19: Sc | AG19: =VLOOKUP(AF19,$C$284:$D$377,2,FALSE) -> 21 | AH19: 4.09 | AI19: Kα | AM19: Sc | AN19: =VLOOKUP(AM19,$C$284:$D$377,2,FALSE) -> 21 | AO19: 4.09 | AP19: Kα | AT19: Sc | AU19: =VLOOKUP(AT19,$C$284:$D$377,2,FALSE) -> 21 | AV19: 4.09 | AW19: Kα | BA19: Sc | BB19: =VLOOKUP(BA19,$C$284:$D$377,2,FALSE) -> 21 | BC19: 4.09 | BD19: Kα | BH19: Sc | BI19: =VLOOKUP(BH19,$C$284:$D$377,2,FALSE) -> 21 | BJ19: 4.09 | BK19: Kα | BO19: Sc | BP19: =VLOOKUP(BO19,$C$284:$D$377,2,FALSE) -> 21 | BQ19: 4.09 | BR19: Kα | BV19: Sc | BW19: =VLOOKUP(BV19,$C$284:$D$377,2,FALSE) -> 21 | BX19: 4.09 | BY19: Kα | CC19: Sc | CD19: =VLOOKUP(CC19,$C$284:$D$377,2,FALSE) -> 21 | CE19: 4.09 | CF19: Kα | CJ19: Sc | CK19: =VLOOKUP(CJ19,$C$284:$D$377,2,FALSE) -> 21 | CL19: 4.09 | CM19: Kα | CQ19: Sc | CR19: =VLOOKUP(CQ19,$C$284:$D$377,2,FALSE) -> 21 | CS19: 4.09 | CT19: Kα | CX19: Sc | CY19: =VLOOKUP(CX19,$C$284:$D$377,2,FALSE) -> 21 | CZ19: 4.09 | DA19: Kα | DE19: Sc | DF19: =VLOOKUP(DE19,$C$284:$D$377,2,FALSE) -> 21 | DG19: 4.09 | DH19: Kα | DL19: Sc | DM19: =VLOOKUP(DL19,$C$284:$D$377,2,FALSE) -> 21 | DN19: 4.09 | DO19: Kα | DS19: Sc | DT19: =VLOOKUP(DS19,$C$284:$D$377,2,FALSE) -> 21 | DU19: 4.09 | DV19: Kα | DZ19: Sc | EA19: =VLOOKUP(DZ19,$C$284:$D$377,2,FALSE) -> 21 | EB19: 4.09 | EC19: Kα | EG19: Sc | EH19: =VLOOKUP(EG19,$C$284:$D$377,2,FALSE) -> 21 | EI19: 4.09 | EJ19: Kα | EN19: Sc | EO19: =VLOOKUP(EN19,$C$284:$D$377,2,FALSE) -> 21 | EP19: 4.09 | EQ19: Kα | EU19: Sc | EV19: =VLOOKUP(EU19,$C$284:$D$377,2,FALSE) -> 21 | EW19: 4.09 | EX19: Kα | FB19: Sc | FC19: =VLOOKUP(FB19,$C$284:$D$377,2,FALSE) -> 21 | FD19: 4.09 | FE19: Kα | FI19: Sc | FJ19: =VLOOKUP(FI19,$C$284:$D$377,2,FALSE) -> 21 | FK19: 4.09 | FL19: Kα | FP19: Sc | FQ19: =VLOOKUP(FP19,$C$284:$D$377,2,FALSE) -> 21 | FR19: 4.09 | FS19: Kα | FW19: Sc | FX19: =VLOOKUP(FW19,$C$284:$D$377,2,FALSE) -> 21 | FY19: 4.09 | FZ19: Kα
B20: =IF($A$3=$A$26,E20,E20*1000) -> 4460 | C20: Sc | D20: =VLOOKUP(C20,$C$284:$D$377,2,FALSE) -> 21 | E20: 4.46 | F20: Kβ | J20: =M20*1000 -> 4460 | K20: Sc | L20: =VLOOKUP(K20,$C$284:$D$377,2,FALSE) -> 21 | M20: 4.46 | N20: Kβ | R20: Sc | S20: =VLOOKUP(R20,$C$284:$D$377,2,FALSE) -> 21 | T20: 4.46 | U20: Kβ | Y20: Sc | Z20: =VLOOKUP(Y20,$C$284:$D$377,2,FALSE) -> 21 | AA20: 4.46 | AB20: Kβ | AF20: Sc | AG20: =VLOOKUP(AF20,$C$284:$D$377,2,FALSE) -> 21 | AH20: 4.46 | AI20: Kβ | AM20: Sc | AN20: =VLOOKUP(AM20,$C$284:$D$377,2,FALSE) -> 21 | AO20: 4.46 | AP20: Kβ | AT20: Sc | AU20: =VLOOKUP(AT20,$C$284:$D$377,2,FALSE) -> 21 | AV20: 4.46 | AW20: Kβ | BA20: Sc | BB20: =VLOOKUP(BA20,$C$284:$D$377,2,FALSE) -> 21 | BC20: 4.46 | BD20: Kβ | BH20: Sc | BI20: =VLOOKUP(BH20,$C$284:$D$377,2,FALSE) -> 21 | BJ20: 4.46 | BK20: Kβ | BO20: Sc | BP20: =VLOOKUP(BO20,$C$284:$D$377,2,FALSE) -> 21 | BQ20: 4.46 | BR20: Kβ | BV20: Sc | BW20: =VLOOKUP(BV20,$C$284:$D$377,2,FALSE) -> 21 | BX20: 4.46 | BY20: Kβ | CC20: Sc | CD20: =VLOOKUP(CC20,$C$284:$D$377,2,FALSE) -> 21 | CE20: 4.46 | CF20: Kβ | CJ20: Sc | CK20: =VLOOKUP(CJ20,$C$284:$D$377,2,FALSE) -> 21 | CL20: 4.46 | CM20: Kβ | CQ20: Sc | CR20: =VLOOKUP(CQ20,$C$284:$D$377,2,FALSE) -> 21 | CS20: 4.46 | CT20: Kβ | CX20: Sc | CY20: =VLOOKUP(CX20,$C$284:$D$377,2,FALSE) -> 21 | CZ20: 4.46 | DA20: Kβ | DE20: Sc | DF20: =VLOOKUP(DE20,$C$284:$D$377,2,FALSE) -> 21 | DG20: 4.46 | DH20: Kβ | DL20: Sc | DM20: =VLOOKUP(DL20,$C$284:$D$377,2,FALSE) -> 21 | DN20: 4.46 | DO20: Kβ | DS20: Sc | DT20: =VLOOKUP(DS20,$C$284:$D$377,2,FALSE) -> 21 | DU20: 4.46 | DV20: Kβ | DZ20: Sc | EA20: =VLOOKUP(DZ20,$C$284:$D$377,2,FALSE) -> 21 | EB20: 4.46 | EC20: Kβ | EG20: Sc | EH20: =VLOOKUP(EG20,$C$284:$D$377,2,FALSE) -> 21 | EI20: 4.46 | EJ20: Kβ | EN20: Sc | EO20: =VLOOKUP(EN20,$C$284:$D$377,2,FALSE) -> 21 | EP20: 4.46 | EQ20: Kβ | EU20: Sc | EV20: =VLOOKUP(EU20,$C$284:$D$377,2,FALSE) -> 21 | EW20: 4.46 | EX20: Kβ | FB20: Sc | FC20: =VLOOKUP(FB20,$C$284:$D$377,2,FALSE) -> 21 | FD20: 4.46 | FE20: Kβ | FI20: Sc | FJ20: =VLOOKUP(FI20,$C$284:$D$377,2,FALSE) -> 21 | FK20: 4.46 | FL20: Kβ | FP20: Sc | FQ20: =VLOOKUP(FP20,$C$284:$D$377,2,FALSE) -> 21 | FR20: 4.46 | FS20: Kβ | FW20: Sc | FX20: =VLOOKUP(FW20,$C$284:$D$377,2,FALSE) -> 21 | FY20: 4.46 | FZ20: Kβ
B21: =IF($A$3=$A$26,E21,E21*1000) -> 4509 | C21: Ti | D21: =VLOOKUP(C21,$C$284:$D$377,2,FALSE) -> 22 | E21: 4.509 | F21: Kα | J21: =M21*1000 -> 4509 | K21: Ti | L21: =VLOOKUP(K21,$C$284:$D$377,2,FALSE) -> 22 | M21: 4.509 | N21: Kα | O21: 4625 | P21: 122 | R21: Ti | S21: =VLOOKUP(R21,$C$284:$D$377,2,FALSE) -> 22 | T21: 4.509 | U21: Kα | V21: 14874 | W21: 165 | Y21: Ti | Z21: =VLOOKUP(Y21,$C$284:$D$377,2,FALSE) -> 22 | AA21: 4.509 | AB21: Kα | AC21: 8976 | AD21: 146 | AF21: Ti | AG21: =VLOOKUP(AF21,$C$284:$D$377,2,FALSE) -> 22 | AH21: 4.509 | AI21: Kα | AJ21: 11180 | AK21: 156 | AM21: Ti | AN21: =VLOOKUP(AM21,$C$284:$D$377,2,FALSE) -> 22 | AO21: 4.509 | AP21: Kα | AQ21: 13100 | AR21: 160 | AT21: Ti | AU21: =VLOOKUP(AT21,$C$284:$D$377,2,FALSE) -> 22 | AV21: 4.509 | AW21: Kα | AX21: 12309 | AY21: 156 | BA21: Ti | BB21: =VLOOKUP(BA21,$C$284:$D$377,2,FALSE) -> 22 | BC21: 4.509 | BD21: Kα | BE21: 12661 | BF21: 161 | BH21: Ti | BI21: =VLOOKUP(BH21,$C$284:$D$377,2,FALSE) -> 22 | BJ21: 4.509 | BK21: Kα | BL21: 13878 | BM21: 162 | BO21: Ti | BP21: =VLOOKUP(BO21,$C$284:$D$377,2,FALSE) -> 22 | BQ21: 4.509 | BR21: Kα | BS21: 14440 | BT21: 162 | BV21: Ti | BW21: =VLOOKUP(BV21,$C$284:$D$377,2,FALSE) -> 22 | BX21: 4.509 | BY21: Kα | BZ21: 13847 | CA21: 163 | CC21: Ti | CD21: =VLOOKUP(CC21,$C$284:$D$377,2,FALSE) -> 22 | CE21: 4.509 | CF21: Kα | CG21: 17882 | CH21: 172 | CJ21: Ti | CK21: =VLOOKUP(CJ21,$C$284:$D$377,2,FALSE) -> 22 | CL21: 4.509 | CM21: Kα | CQ21: Ti | CR21: =VLOOKUP(CQ21,$C$284:$D$377,2,FALSE) -> 22 | CS21: 4.509 | CT21: Kα | CX21: Ti | CY21: =VLOOKUP(CX21,$C$284:$D$377,2,FALSE) -> 22 | CZ21: 4.509 | DA21: Kα | DE21: Ti | DF21: =VLOOKUP(DE21,$C$284:$D$377,2,FALSE) -> 22 | DG21: 4.509 | DH21: Kα | DL21: Ti | DM21: =VLOOKUP(DL21,$C$284:$D$377,2,FALSE) -> 22 | DN21: 4.509 | DO21: Kα | DS21: Ti | DT21: =VLOOKUP(DS21,$C$284:$D$377,2,FALSE) -> 22 | DU21: 4.509 | DV21: Kα | DZ21: Ti | EA21: =VLOOKUP(DZ21,$C$284:$D$377,2,FALSE) -> 22 | EB21: 4.509 | EC21: Kα | EG21: Ti | EH21: =VLOOKUP(EG21,$C$284:$D$377,2,FALSE) -> 22 | EI21: 4.509 | EJ21: Kα | EN21: Ti | EO21: =VLOOKUP(EN21,$C$284:$D$377,2,FALSE) -> 22 | EP21: 4.509 | EQ21: Kα | EU21: Ti | EV21: =VLOOKUP(EU21,$C$284:$D$377,2,FALSE) -> 22 | EW21: 4.509 | EX21: Kα | FB21: Ti | FC21: =VLOOKUP(FB21,$C$284:$D$377,2,FALSE) -> 22 | FD21: 4.509 | FE21: Kα | FI21: Ti | FJ21: =VLOOKUP(FI21,$C$284:$D$377,2,FALSE) -> 22 | FK21: 4.509 | FL21: Kα | FP21: Ti | FQ21: =VLOOKUP(FP21,$C$284:$D$377,2,FALSE) -> 22 | FR21: 4.509 | FS21: Kα | FW21: Ti | FX21: =VLOOKUP(FW21,$C$284:$D$377,2,FALSE) -> 22 | FY21: 4.509 | FZ21: Kα
B22: =IF($A$3=$A$26,E22,E22*1000) -> 4931 | C22: Ti | D22: =VLOOKUP(C22,$C$284:$D$377,2,FALSE) -> 22 | E22: 4.931 | F22: Kβ | J22: =M22*1000 -> 4931 | K22: Ti | L22: =VLOOKUP(K22,$C$284:$D$377,2,FALSE) -> 22 | M22: 4.931 | N22: Kβ | R22: Ti | S22: =VLOOKUP(R22,$C$284:$D$377,2,FALSE) -> 22 | T22: 4.931 | U22: Kβ | Y22: Ti | Z22: =VLOOKUP(Y22,$C$284:$D$377,2,FALSE) -> 22 | AA22: 4.931 | AB22: Kβ | AF22: Ti | AG22: =VLOOKUP(AF22,$C$284:$D$377,2,FALSE) -> 22 | AH22: 4.931 | AI22: Kβ | AM22: Ti | AN22: =VLOOKUP(AM22,$C$284:$D$377,2,FALSE) -> 22 | AO22: 4.931 | AP22: Kβ | AT22: Ti | AU22: =VLOOKUP(AT22,$C$284:$D$377,2,FALSE) -> 22 | AV22: 4.931 | AW22: Kβ | BA22: Ti | BB22: =VLOOKUP(BA22,$C$284:$D$377,2,FALSE) -> 22 | BC22: 4.931 | BD22: Kβ | BH22: Ti | BI22: =VLOOKUP(BH22,$C$284:$D$377,2,FALSE) -> 22 | BJ22: 4.931 | BK22: Kβ | BO22: Ti | BP22: =VLOOKUP(BO22,$C$284:$D$377,2,FALSE) -> 22 | BQ22: 4.931 | BR22: Kβ | BV22: Ti | BW22: =VLOOKUP(BV22,$C$284:$D$377,2,FALSE) -> 22 | BX22: 4.931 | BY22: Kβ | CC22: Ti | CD22: =VLOOKUP(CC22,$C$284:$D$377,2,FALSE) -> 22 | CE22: 4.931 | CF22: Kβ | CJ22: Ti | CK22: =VLOOKUP(CJ22,$C$284:$D$377,2,FALSE) -> 22 | CL22: 4.931 | CM22: Kβ | CQ22: Ti | CR22: =VLOOKUP(CQ22,$C$284:$D$377,2,FALSE) -> 22 | CS22: 4.931 | CT22: Kβ | CX22: Ti | CY22: =VLOOKUP(CX22,$C$284:$D$377,2,FALSE) -> 22 | CZ22: 4.931 | DA22: Kβ | DE22: Ti | DF22: =VLOOKUP(DE22,$C$284:$D$377,2,FALSE) -> 22 | DG22: 4.931 | DH22: Kβ | DL22: Ti | DM22: =VLOOKUP(DL22,$C$284:$D$377,2,FALSE) -> 22 | DN22: 4.931 | DO22: Kβ | DS22: Ti | DT22: =VLOOKUP(DS22,$C$284:$D$377,2,FALSE) -> 22 | DU22: 4.931 | DV22: Kβ | DZ22: Ti | EA22: =VLOOKUP(DZ22,$C$284:$D$377,2,FALSE) -> 22 | EB22: 4.931 | EC22: Kβ | EG22: Ti | EH22: =VLOOKUP(EG22,$C$284:$D$377,2,FALSE) -> 22 | EI22: 4.931 | EJ22: Kβ | EN22: Ti | EO22: =VLOOKUP(EN22,$C$284:$D$377,2,FALSE) -> 22 | EP22: 4.931 | EQ22: Kβ | EU22: Ti | EV22: =VLOOKUP(EU22,$C$284:$D$377,2,FALSE) -> 22 | EW22: 4.931 | EX22: Kβ | FB22: Ti | FC22: =VLOOKUP(FB22,$C$284:$D$377,2,FALSE) -> 22 | FD22: 4.931 | FE22: Kβ | FI22: Ti | FJ22: =VLOOKUP(FI22,$C$284:$D$377,2,FALSE) -> 22 | FK22: 4.931 | FL22: Kβ | FP22: Ti | FQ22: =VLOOKUP(FP22,$C$284:$D$377,2,FALSE) -> 22 | FR22: 4.931 | FS22: Kβ | FW22: Ti | FX22: =VLOOKUP(FW22,$C$284:$D$377,2,FALSE) -> 22 | FY22: 4.931 | FZ22: Kβ
B23: =IF($A$3=$A$26,E23,E23*1000) -> 4950 | C23: V | D23: =VLOOKUP(C23,$C$284:$D$377,2,FALSE) -> 23 | E23: 4.95 | F23: Kα | J23: =M23*1000 -> 4932 | K23: V | L23: =VLOOKUP(K23,$C$284:$D$377,2,FALSE) -> 23 | M23: 4.932 | N23: Kα | R23: V | S23: =VLOOKUP(R23,$C$284:$D$377,2,FALSE) -> 23 | T23: 4.932 | U23: Kα | Y23: V | Z23: =VLOOKUP(Y23,$C$284:$D$377,2,FALSE) -> 23 | AA23: 4.932 | AB23: Kα | AF23: V | AG23: =VLOOKUP(AF23,$C$284:$D$377,2,FALSE) -> 23 | AH23: 4.932 | AI23: Kα | AM23: V | AN23: =VLOOKUP(AM23,$C$284:$D$377,2,FALSE) -> 23 | AO23: 4.932 | AP23: Kα | AT23: V | AU23: =VLOOKUP(AT23,$C$284:$D$377,2,FALSE) -> 23 | AV23: 4.932 | AW23: Kα | BA23: V | BB23: =VLOOKUP(BA23,$C$284:$D$377,2,FALSE) -> 23 | BC23: 4.932 | BD23: Kα | BH23: V | BI23: =VLOOKUP(BH23,$C$284:$D$377,2,FALSE) -> 23 | BJ23: 4.932 | BK23: Kα | BO23: V | BP23: =VLOOKUP(BO23,$C$284:$D$377,2,FALSE) -> 23 | BQ23: 4.932 | BR23: Kα | BV23: V | BW23: =VLOOKUP(BV23,$C$284:$D$377,2,FALSE) -> 23 | BX23: 4.932 | BY23: Kα | CC23: V | CD23: =VLOOKUP(CC23,$C$284:$D$377,2,FALSE) -> 23 | CE23: 4.932 | CF23: Kα | CJ23: V | CK23: =VLOOKUP(CJ23,$C$284:$D$377,2,FALSE) -> 23 | CL23: 4.932 | CM23: Kα | CQ23: V | CR23: =VLOOKUP(CQ23,$C$284:$D$377,2,FALSE) -> 23 | CS23: 4.932 | CT23: Kα | CX23: V | CY23: =VLOOKUP(CX23,$C$284:$D$377,2,FALSE) -> 23 | CZ23: 4.932 | DA23: Kα | DE23: V | DF23: =VLOOKUP(DE23,$C$284:$D$377,2,FALSE) -> 23 | DG23: 4.932 | DH23: Kα | DL23: V | DM23: =VLOOKUP(DL23,$C$284:$D$377,2,FALSE) -> 23 | DN23: 4.932 | DO23: Kα | DS23: V | DT23: =VLOOKUP(DS23,$C$284:$D$377,2,FALSE) -> 23 | DU23: 4.932 | DV23: Kα | DZ23: V | EA23: =VLOOKUP(DZ23,$C$284:$D$377,2,FALSE) -> 23 | EB23: 4.932 | EC23: Kα | EG23: V | EH23: =VLOOKUP(EG23,$C$284:$D$377,2,FALSE) -> 23 | EI23: 4.932 | EJ23: Kα | EN23: V | EO23: =VLOOKUP(EN23,$C$284:$D$377,2,FALSE) -> 23 | EP23: 4.932 | EQ23: Kα | EU23: V | EV23: =VLOOKUP(EU23,$C$284:$D$377,2,FALSE) -> 23 | EW23: 4.932 | EX23: Kα | FB23: V | FC23: =VLOOKUP(FB23,$C$284:$D$377,2,FALSE) -> 23 | FD23: 4.932 | FE23: Kα | FI23: V | FJ23: =VLOOKUP(FI23,$C$284:$D$377,2,FALSE) -> 23 | FK23: 4.932 | FL23: Kα | FP23: V | FQ23: =VLOOKUP(FP23,$C$284:$D$377,2,FALSE) -> 23 | FR23: 4.932 | FS23: Kα | FW23: V | FX23: =VLOOKUP(FW23,$C$284:$D$377,2,FALSE) -> 23 | FY23: 4.932 | FZ23: Kα
B24: =IF($A$3=$A$26,E24,E24*1000) -> 5427 | C24: V | D24: =VLOOKUP(C24,$C$284:$D$377,2,FALSE) -> 23 | E24: 5.427 | F24: Kβ | J24: =M24*1000 -> 5427 | K24: V | L24: =VLOOKUP(K24,$C$284:$D$377,2,FALSE) -> 23 | M24: 5.427 | N24: Kβ | R24: V | S24: =VLOOKUP(R24,$C$284:$D$377,2,FALSE) -> 23 | T24: 5.427 | U24: Kβ | Y24: V | Z24: =VLOOKUP(Y24,$C$284:$D$377,2,FALSE) -> 23 | AA24: 5.427 | AB24: Kβ | AF24: V | AG24: =VLOOKUP(AF24,$C$284:$D$377,2,FALSE) -> 23 | AH24: 5.427 | AI24: Kβ | AM24: V | AN24: =VLOOKUP(AM24,$C$284:$D$377,2,FALSE) -> 23 | AO24: 5.427 | AP24: Kβ | AT24: V | AU24: =VLOOKUP(AT24,$C$284:$D$377,2,FALSE) -> 23 | AV24: 5.427 | AW24: Kβ | BA24: V | BB24: =VLOOKUP(BA24,$C$284:$D$377,2,FALSE) -> 23 | BC24: 5.427 | BD24: Kβ | BH24: V | BI24: =VLOOKUP(BH24,$C$284:$D$377,2,FALSE) -> 23 | BJ24: 5.427 | BK24: Kβ | BO24: V | BP24: =VLOOKUP(BO24,$C$284:$D$377,2,FALSE) -> 23 | BQ24: 5.427 | BR24: Kβ | BV24: V | BW24: =VLOOKUP(BV24,$C$284:$D$377,2,FALSE) -> 23 | BX24: 5.427 | BY24: Kβ | CC24: V | CD24: =VLOOKUP(CC24,$C$284:$D$377,2,FALSE) -> 23 | CE24: 5.427 | CF24: Kβ | CJ24: V | CK24: =VLOOKUP(CJ24,$C$284:$D$377,2,FALSE) -> 23 | CL24: 5.427 | CM24: Kβ | CQ24: V | CR24: =VLOOKUP(CQ24,$C$284:$D$377,2,FALSE) -> 23 | CS24: 5.427 | CT24: Kβ | CX24: V | CY24: =VLOOKUP(CX24,$C$284:$D$377,2,FALSE) -> 23 | CZ24: 5.427 | DA24: Kβ | DE24: V | DF24: =VLOOKUP(DE24,$C$284:$D$377,2,FALSE) -> 23 | DG24: 5.427 | DH24: Kβ | DL24: V | DM24: =VLOOKUP(DL24,$C$284:$D$377,2,FALSE) -> 23 | DN24: 5.427 | DO24: Kβ | DS24: V | DT24: =VLOOKUP(DS24,$C$284:$D$377,2,FALSE) -> 23 | DU24: 5.427 | DV24: Kβ | DZ24: V | EA24: =VLOOKUP(DZ24,$C$284:$D$377,2,FALSE) -> 23 | EB24: 5.427 | EC24: Kβ | EG24: V | EH24: =VLOOKUP(EG24,$C$284:$D$377,2,FALSE) -> 23 | EI24: 5.427 | EJ24: Kβ | EN24: V | EO24: =VLOOKUP(EN24,$C$284:$D$377,2,FALSE) -> 23 | EP24: 5.427 | EQ24: Kβ | EU24: V | EV24: =VLOOKUP(EU24,$C$284:$D$377,2,FALSE) -> 23 | EW24: 5.427 | EX24: Kβ | FB24: V | FC24: =VLOOKUP(FB24,$C$284:$D$377,2,FALSE) -> 23 | FD24: 5.427 | FE24: Kβ | FI24: V | FJ24: =VLOOKUP(FI24,$C$284:$D$377,2,FALSE) -> 23 | FK24: 5.427 | FL24: Kβ | FP24: V | FQ24: =VLOOKUP(FP24,$C$284:$D$377,2,FALSE) -> 23 | FR24: 5.427 | FS24: Kβ | FW24: V | FX24: =VLOOKUP(FW24,$C$284:$D$377,2,FALSE) -> 23 | FY24: 5.427 | FZ24: Kβ
B25: =IF($A$3=$A$26,E25,E25*1000) -> 5412 | C25: Cr | D25: =VLOOKUP(C25,$C$284:$D$377,2,FALSE) -> 24 | E25: 5.412 | F25: Kα | J25: =M25*1000 -> 5412 | K25: Cr | L25: =VLOOKUP(K25,$C$284:$D$377,2,FALSE) -> 24 | M25: 5.412 | N25: Kα | O25: 1257 | P25: 118 | R25: Cr | S25: =VLOOKUP(R25,$C$284:$D$377,2,FALSE) -> 24 | T25: 5.412 | U25: Kα | V25: 2809 | W25: 137 | Y25: Cr | Z25: =VLOOKUP(Y25,$C$284:$D$377,2,FALSE) -> 24 | AA25: 5.412 | AB25: Kα | AC25: 4568 | AD25: 143 | AF25: Cr | AG25: =VLOOKUP(AF25,$C$284:$D$377,2,FALSE) -> 24 | AH25: 5.412 | AI25: Kα | AJ25: 1576 | AK25: 131 | AM25: Cr | AN25: =VLOOKUP(AM25,$C$284:$D$377,2,FALSE) -> 24 | AO25: 5.412 | AP25: Kα | AQ25: 4120 | AR25: 142 | AT25: Cr | AU25: =VLOOKUP(AT25,$C$284:$D$377,2,FALSE) -> 24 | AV25: 5.412 | AW25: Kα | AX25: 2957 | AY25: 138 | BA25: Cr | BB25: =VLOOKUP(BA25,$C$284:$D$377,2,FALSE) -> 24 | BC25: 5.412 | BD25: Kα | BE25: 3744 | BF25: 146 | BH25: Cr | BI25: =VLOOKUP(BH25,$C$284:$D$377,2,FALSE) -> 24 | BJ25: 5.412 | BK25: Kα | BL25: 4464 | BM25: 147 | BO25: Cr | BP25: =VLOOKUP(BO25,$C$284:$D$377,2,FALSE) -> 24 | BQ25: 5.412 | BR25: Kα | BS25: 4493 | BT25: 144 | BV25: Cr | BW25: =VLOOKUP(BV25,$C$284:$D$377,2,FALSE) -> 24 | BX25: 5.412 | BY25: Kα | BZ25: 5099 | CA25: 152 | CC25: Cr | CD25: =VLOOKUP(CC25,$C$284:$D$377,2,FALSE) -> 24 | CE25: 5.412 | CF25: Kα | CG25: 6609 | CH25: 155 | CJ25: Cr | CK25: =VLOOKUP(CJ25,$C$284:$D$377,2,FALSE) -> 24 | CL25: 5.412 | CM25: Kα | CQ25: Cr | CR25: =VLOOKUP(CQ25,$C$284:$D$377,2,FALSE) -> 24 | CS25: 5.412 | CT25: Kα | CX25: Cr | CY25: =VLOOKUP(CX25,$C$284:$D$377,2,FALSE) -> 24 | CZ25: 5.412 | DA25: Kα | DE25: Cr | DF25: =VLOOKUP(DE25,$C$284:$D$377,2,FALSE) -> 24 | DG25: 5.412 | DH25: Kα | DL25: Cr | DM25: =VLOOKUP(DL25,$C$284:$D$377,2,FALSE) -> 24 | DN25: 5.412 | DO25: Kα | DS25: Cr | DT25: =VLOOKUP(DS25,$C$284:$D$377,2,FALSE) -> 24 | DU25: 5.412 | DV25: Kα | DZ25: Cr | EA25: =VLOOKUP(DZ25,$C$284:$D$377,2,FALSE) -> 24 | EB25: 5.412 | EC25: Kα | EG25: Cr | EH25: =VLOOKUP(EG25,$C$284:$D$377,2,FALSE) -> 24 | EI25: 5.412 | EJ25: Kα | EN25: Cr | EO25: =VLOOKUP(EN25,$C$284:$D$377,2,FALSE) -> 24 | EP25: 5.412 | EQ25: Kα | EU25: Cr | EV25: =VLOOKUP(EU25,$C$284:$D$377,2,FALSE) -> 24 | EW25: 5.412 | EX25: Kα | FB25: Cr | FC25: =VLOOKUP(FB25,$C$284:$D$377,2,FALSE) -> 24 | FD25: 5.412 | FE25: Kα | FI25: Cr | FJ25: =VLOOKUP(FI25,$C$284:$D$377,2,FALSE) -> 24 | FK25: 5.412 | FL25: Kα | FP25: Cr | FQ25: =VLOOKUP(FP25,$C$284:$D$377,2,FALSE) -> 24 | FR25: 5.412 | FS25: Kα | FW25: Cr | FX25: =VLOOKUP(FW25,$C$284:$D$377,2,FALSE) -> 24 | FY25: 5.412 | FZ25: Kα
A26: Virgula | B26: =IF($A$3=$A$26,E26,E26*1000) -> 5946 | C26: Cr | D26: =VLOOKUP(C26,$C$284:$D$377,2,FALSE) -> 24 | E26: 5.946 | F26: Kβ | J26: =M26*1000 -> 5946 | K26: Cr | L26: =VLOOKUP(K26,$C$284:$D$377,2,FALSE) -> 24 | M26: 5.946 | N26: Kβ | R26: Cr | S26: =VLOOKUP(R26,$C$284:$D$377,2,FALSE) -> 24 | T26: 5.946 | U26: Kβ | Y26: Cr | Z26: =VLOOKUP(Y26,$C$284:$D$377,2,FALSE) -> 24 | AA26: 5.946 | AB26: Kβ | AF26: Cr | AG26: =VLOOKUP(AF26,$C$284:$D$377,2,FALSE) -> 24 | AH26: 5.946 | AI26: Kβ | AM26: Cr | AN26: =VLOOKUP(AM26,$C$284:$D$377,2,FALSE) -> 24 | AO26: 5.946 | AP26: Kβ | AT26: Cr | AU26: =VLOOKUP(AT26,$C$284:$D$377,2,FALSE) -> 24 | AV26: 5.946 | AW26: Kβ | BA26: Cr | BB26: =VLOOKUP(BA26,$C$284:$D$377,2,FALSE) -> 24 | BC26: 5.946 | BD26: Kβ | BH26: Cr | BI26: =VLOOKUP(BH26,$C$284:$D$377,2,FALSE) -> 24 | BJ26: 5.946 | BK26: Kβ | BO26: Cr | BP26: =VLOOKUP(BO26,$C$284:$D$377,2,FALSE) -> 24 | BQ26: 5.946 | BR26: Kβ | BV26: Cr | BW26: =VLOOKUP(BV26,$C$284:$D$377,2,FALSE) -> 24 | BX26: 5.946 | BY26: Kβ | CC26: Cr | CD26: =VLOOKUP(CC26,$C$284:$D$377,2,FALSE) -> 24 | CE26: 5.946 | CF26: Kβ | CJ26: Cr | CK26: =VLOOKUP(CJ26,$C$284:$D$377,2,FALSE) -> 24 | CL26: 5.946 | CM26: Kβ | CQ26: Cr | CR26: =VLOOKUP(CQ26,$C$284:$D$377,2,FALSE) -> 24 | CS26: 5.946 | CT26: Kβ | CX26: Cr | CY26: =VLOOKUP(CX26,$C$284:$D$377,2,FALSE) -> 24 | CZ26: 5.946 | DA26: Kβ | DE26: Cr | DF26: =VLOOKUP(DE26,$C$284:$D$377,2,FALSE) -> 24 | DG26: 5.946 | DH26: Kβ | DL26: Cr | DM26: =VLOOKUP(DL26,$C$284:$D$377,2,FALSE) -> 24 | DN26: 5.946 | DO26: Kβ | DS26: Cr | DT26: =VLOOKUP(DS26,$C$284:$D$377,2,FALSE) -> 24 | DU26: 5.946 | DV26: Kβ | DZ26: Cr | EA26: =VLOOKUP(DZ26,$C$284:$D$377,2,FALSE) -> 24 | EB26: 5.946 | EC26: Kβ | EG26: Cr | EH26: =VLOOKUP(EG26,$C$284:$D$377,2,FALSE) -> 24 | EI26: 5.946 | EJ26: Kβ | EN26: Cr | EO26: =VLOOKUP(EN26,$C$284:$D$377,2,FALSE) -> 24 | EP26: 5.946 | EQ26: Kβ | EU26: Cr | EV26: =VLOOKUP(EU26,$C$284:$D$377,2,FALSE) -> 24 | EW26: 5.946 | EX26: Kβ | FB26: Cr | FC26: =VLOOKUP(FB26,$C$284:$D$377,2,FALSE) -> 24 | FD26: 5.946 | FE26: Kβ | FI26: Cr | FJ26: =VLOOKUP(FI26,$C$284:$D$377,2,FALSE) -> 24 | FK26: 5.946 | FL26: Kβ | FP26: Cr | FQ26: =VLOOKUP(FP26,$C$284:$D$377,2,FALSE) -> 24 | FR26: 5.946 | FS26: Kβ | FW26: Cr | FX26: =VLOOKUP(FW26,$C$284:$D$377,2,FALSE) -> 24 | FY26: 5.946 | FZ26: Kβ
A27: Ponto | B27: =IF($A$3=$A$26,E27,E27*1000) -> 5895 | C27: Mn | D27: =VLOOKUP(C27,$C$284:$D$377,2,FALSE) -> 25 | E27: 5.895 | F27: Kα | J27: =M27*1000 -> 5895 | K27: Mn | L27: =VLOOKUP(K27,$C$284:$D$377,2,FALSE) -> 25 | M27: 5.895 | N27: Kα | O27: 6728 | P27: 153 | R27: Mn | S27: =VLOOKUP(R27,$C$284:$D$377,2,FALSE) -> 25 | T27: 5.895 | U27: Kα | V27: 3233 | W27: 151 | Y27: Mn | Z27: =VLOOKUP(Y27,$C$284:$D$377,2,FALSE) -> 25 | AA27: 5.895 | AB27: Kα | AC27: 3721 | AD27: 152 | AF27: Mn | AG27: =VLOOKUP(AF27,$C$284:$D$377,2,FALSE) -> 25 | AH27: 5.895 | AI27: Kα | AJ27: 3199 | AK27: 149 | AM27: Mn | AN27: =VLOOKUP(AM27,$C$284:$D$377,2,FALSE) -> 25 | AO27: 5.895 | AP27: Kα | AQ27: 4802 | AR27: 157 | AT27: Mn | AU27: =VLOOKUP(AT27,$C$284:$D$377,2,FALSE) -> 25 | AV27: 5.895 | AW27: Kα | AX27: 5316 | AY27: 160 | BA27: Mn | BB27: =VLOOKUP(BA27,$C$284:$D$377,2,FALSE) -> 25 | BC27: 5.895 | BD27: Kα | BE27: 6323 | BF27: 168 | BH27: Mn | BI27: =VLOOKUP(BH27,$C$284:$D$377,2,FALSE) -> 25 | BJ27: 5.895 | BK27: Kα | BL27: 5466 | BM27: 165 | BO27: Mn | BP27: =VLOOKUP(BO27,$C$284:$D$377,2,FALSE) -> 25 | BQ27: 5.895 | BR27: Kα | BS27: 6239 | BT27: 163 | BV27: Mn | BW27: =VLOOKUP(BV27,$C$284:$D$377,2,FALSE) -> 25 | BX27: 5.895 | BY27: Kα | BZ27: 4912 | CA27: 165 | CC27: Mn | CD27: =VLOOKUP(CC27,$C$284:$D$377,2,FALSE) -> 25 | CE27: 5.895 | CF27: Kα | CG27: 6042 | CH27: 167 | CJ27: Mn | CK27: =VLOOKUP(CJ27,$C$284:$D$377,2,FALSE) -> 25 | CL27: 5.895 | CM27: Kα | CQ27: Mn | CR27: =VLOOKUP(CQ27,$C$284:$D$377,2,FALSE) -> 25 | CS27: 5.895 | CT27: Kα | CX27: Mn | CY27: =VLOOKUP(CX27,$C$284:$D$377,2,FALSE) -> 25 | CZ27: 5.895 | DA27: Kα | DE27: Mn | DF27: =VLOOKUP(DE27,$C$284:$D$377,2,FALSE) -> 25 | DG27: 5.895 | DH27: Kα | DL27: Mn | DM27: =VLOOKUP(DL27,$C$284:$D$377,2,FALSE) -> 25 | DN27: 5.895 | DO27: Kα | DS27: Mn | DT27: =VLOOKUP(DS27,$C$284:$D$377,2,FALSE) -> 25 | DU27: 5.895 | DV27: Kα | DZ27: Mn | EA27: =VLOOKUP(DZ27,$C$284:$D$377,2,FALSE) -> 25 | EB27: 5.895 | EC27: Kα | EG27: Mn | EH27: =VLOOKUP(EG27,$C$284:$D$377,2,FALSE) -> 25 | EI27: 5.895 | EJ27: Kα | EN27: Mn | EO27: =VLOOKUP(EN27,$C$284:$D$377,2,FALSE) -> 25 | EP27: 5.895 | EQ27: Kα | EU27: Mn | EV27: =VLOOKUP(EU27,$C$284:$D$377,2,FALSE) -> 25 | EW27: 5.895 | EX27: Kα | FB27: Mn | FC27: =VLOOKUP(FB27,$C$284:$D$377,2,FALSE) -> 25 | FD27: 5.895 | FE27: Kα | FI27: Mn | FJ27: =VLOOKUP(FI27,$C$284:$D$377,2,FALSE) -> 25 | FK27: 5.895 | FL27: Kα | FP27: Mn | FQ27: =VLOOKUP(FP27,$C$284:$D$377,2,FALSE) -> 25 | FR27: 5.895 | FS27: Kα | FW27: Mn | FX27: =VLOOKUP(FW27,$C$284:$D$377,2,FALSE) -> 25 | FY27: 5.895 | FZ27: Kα
B28: =IF($A$3=$A$26,E28,E28*1000) -> 6490 | C28: Mn | D28: =VLOOKUP(C28,$C$284:$D$377,2,FALSE) -> 25 | E28: 6.49 | F28: Kβ | J28: =M28*1000 -> 6399 | K28: Mn | L28: =VLOOKUP(K28,$C$284:$D$377,2,FALSE) -> 25 | M28: 6.399 | N28: Kβ | R28: Mn | S28: =VLOOKUP(R28,$C$284:$D$377,2,FALSE) -> 25 | T28: 6.399 | U28: Kβ | Y28: Mn | Z28: =VLOOKUP(Y28,$C$284:$D$377,2,FALSE) -> 25 | AA28: 6.399 | AB28: Kβ | AF28: Mn | AG28: =VLOOKUP(AF28,$C$284:$D$377,2,FALSE) -> 25 | AH28: 6.399 | AI28: Kβ | AM28: Mn | AN28: =VLOOKUP(AM28,$C$284:$D$377,2,FALSE) -> 25 | AO28: 6.399 | AP28: Kβ | AT28: Mn | AU28: =VLOOKUP(AT28,$C$284:$D$377,2,FALSE) -> 25 | AV28: 6.399 | AW28: Kβ | BA28: Mn | BB28: =VLOOKUP(BA28,$C$284:$D$377,2,FALSE) -> 25 | BC28: 6.399 | BD28: Kβ | BH28: Mn | BI28: =VLOOKUP(BH28,$C$284:$D$377,2,FALSE) -> 25 | BJ28: 6.399 | BK28: Kβ | BO28: Mn | BP28: =VLOOKUP(BO28,$C$284:$D$377,2,FALSE) -> 25 | BQ28: 6.399 | BR28: Kβ | BV28: Mn | BW28: =VLOOKUP(BV28,$C$284:$D$377,2,FALSE) -> 25 | BX28: 6.399 | BY28: Kβ | CC28: Mn | CD28: =VLOOKUP(CC28,$C$284:$D$377,2,FALSE) -> 25 | CE28: 6.399 | CF28: Kβ | CJ28: Mn | CK28: =VLOOKUP(CJ28,$C$284:$D$377,2,FALSE) -> 25 | CL28: 6.399 | CM28: Kβ | CQ28: Mn | CR28: =VLOOKUP(CQ28,$C$284:$D$377,2,FALSE) -> 25 | CS28: 6.399 | CT28: Kβ | CX28: Mn | CY28: =VLOOKUP(CX28,$C$284:$D$377,2,FALSE) -> 25 | CZ28: 6.399 | DA28: Kβ | DE28: Mn | DF28: =VLOOKUP(DE28,$C$284:$D$377,2,FALSE) -> 25 | DG28: 6.399 | DH28: Kβ | DL28: Mn | DM28: =VLOOKUP(DL28,$C$284:$D$377,2,FALSE) -> 25 | DN28: 6.399 | DO28: Kβ | DS28: Mn | DT28: =VLOOKUP(DS28,$C$284:$D$377,2,FALSE) -> 25 | DU28: 6.399 | DV28: Kβ | DZ28: Mn | EA28: =VLOOKUP(DZ28,$C$284:$D$377,2,FALSE) -> 25 | EB28: 6.399 | EC28: Kβ | EG28: Mn | EH28: =VLOOKUP(EG28,$C$284:$D$377,2,FALSE) -> 25 | EI28: 6.399 | EJ28: Kβ | EN28: Mn | EO28: =VLOOKUP(EN28,$C$284:$D$377,2,FALSE) -> 25 | EP28: 6.399 | EQ28: Kβ | EU28: Mn | EV28: =VLOOKUP(EU28,$C$284:$D$377,2,FALSE) -> 25 | EW28: 6.399 | EX28: Kβ | FB28: Mn | FC28: =VLOOKUP(FB28,$C$284:$D$377,2,FALSE) -> 25 | FD28: 6.399 | FE28: Kβ | FI28: Mn | FJ28: =VLOOKUP(FI28,$C$284:$D$377,2,FALSE) -> 25 | FK28: 6.399 | FL28: Kβ | FP28: Mn | FQ28: =VLOOKUP(FP28,$C$284:$D$377,2,FALSE) -> 25 | FR28: 6.399 | FS28: Kβ | FW28: Mn | FX28: =VLOOKUP(FW28,$C$284:$D$377,2,FALSE) -> 25 | FY28: 6.399 | FZ28: Kβ
B29: =IF($A$3=$A$26,E29,E29*1000) -> 6399 | C29: Fe | D29: =VLOOKUP(C29,$C$284:$D$377,2,FALSE) -> 26 | E29: 6.399 | F29: Kα | J29: =M29*1000 -> 6403 | K29: Fe | L29: =VLOOKUP(K29,$C$284:$D$377,2,FALSE) -> 26 | M29: 6.403 | N29: Kα | O29: 17564 | P29: 189 | R29: Fe | S29: =VLOOKUP(R29,$C$284:$D$377,2,FALSE) -> 26 | T29: 6.403 | U29: Kα | V29: 156134 | W29: 407 | Y29: Fe | Z29: =VLOOKUP(Y29,$C$284:$D$377,2,FALSE) -> 26 | AA29: 6.403 | AB29: Kα | AC29: 142422 | AD29: 391 | AF29: Fe | AG29: =VLOOKUP(AF29,$C$284:$D$377,2,FALSE) -> 26 | AH29: 6.403 | AI29: Kα | AJ29: 119664 | AK29: 365 | AM29: Fe | AN29: =VLOOKUP(AM29,$C$284:$D$377,2,FALSE) -> 26 | AO29: 6.403 | AP29: Kα | AQ29: 215285 | AR29: 467 | AT29: Fe | AU29: =VLOOKUP(AT29,$C$284:$D$377,2,FALSE) -> 26 | AV29: 6.403 | AW29: Kα | AX29: 229224 | AY29: 478 | BA29: Fe | BB29: =VLOOKUP(BA29,$C$284:$D$377,2,FALSE) -> 26 | BC29: 6.403 | BD29: Kα | BE29: 196988 | BF29: 454 | BH29: Fe | BI29: =VLOOKUP(BH29,$C$284:$D$377,2,FALSE) -> 26 | BJ29: 6.403 | BK29: Kα | BL29: 229435 | BM29: 484 | BO29: Fe | BP29: =VLOOKUP(BO29,$C$284:$D$377,2,FALSE) -> 26 | BQ29: 6.403 | BR29: Kα | BS29: 301647 | BT29: 543 | BV29: Fe | BW29: =VLOOKUP(BV29,$C$284:$D$377,2,FALSE) -> 26 | BX29: 6.403 | BY29: Kα | BZ29: 282641 | CA29: 530 | CC29: Fe | CD29: =VLOOKUP(CC29,$C$284:$D$377,2,FALSE) -> 26 | CE29: 6.403 | CF29: Kα | CG29: 351045 | CH29: 583 | CJ29: Fe | CK29: =VLOOKUP(CJ29,$C$284:$D$377,2,FALSE) -> 26 | CL29: 6.403 | CM29: Kα | CQ29: Fe | CR29: =VLOOKUP(CQ29,$C$284:$D$377,2,FALSE) -> 26 | CS29: 6.403 | CT29: Kα | CX29: Fe | CY29: =VLOOKUP(CX29,$C$284:$D$377,2,FALSE) -> 26 | CZ29: 6.403 | DA29: Kα | DE29: Fe | DF29: =VLOOKUP(DE29,$C$284:$D$377,2,FALSE) -> 26 | DG29: 6.403 | DH29: Kα | DL29: Fe | DM29: =VLOOKUP(DL29,$C$284:$D$377,2,FALSE) -> 26 | DN29: 6.403 | DO29: Kα | DS29: Fe | DT29: =VLOOKUP(DS29,$C$284:$D$377,2,FALSE) -> 26 | DU29: 6.403 | DV29: Kα | DZ29: Fe | EA29: =VLOOKUP(DZ29,$C$284:$D$377,2,FALSE) -> 26 | EB29: 6.403 | EC29: Kα | EG29: Fe | EH29: =VLOOKUP(EG29,$C$284:$D$377,2,FALSE) -> 26 | EI29: 6.403 | EJ29: Kα | EN29: Fe | EO29: =VLOOKUP(EN29,$C$284:$D$377,2,FALSE) -> 26 | EP29: 6.403 | EQ29: Kα | EU29: Fe | EV29: =VLOOKUP(EU29,$C$284:$D$377,2,FALSE) -> 26 | EW29: 6.403 | EX29: Kα | FB29: Fe | FC29: =VLOOKUP(FB29,$C$284:$D$377,2,FALSE) -> 26 | FD29: 6.403 | FE29: Kα | FI29: Fe | FJ29: =VLOOKUP(FI29,$C$284:$D$377,2,FALSE) -> 26 | FK29: 6.403 | FL29: Kα | FP29: Fe | FQ29: =VLOOKUP(FP29,$C$284:$D$377,2,FALSE) -> 26 | FR29: 6.403 | FS29: Kα | FW29: Fe | FX29: =VLOOKUP(FW29,$C$284:$D$377,2,FALSE) -> 26 | FY29: 6.403 | FZ29: Kα
B30: =IF($A$3=$A$26,E30,E30*1000) -> 7057 | C30: Fe | D30: =VLOOKUP(C30,$C$284:$D$377,2,FALSE) -> 26 | E30: 7.057 | F30: Kβ | J30: =M30*1000 -> 7057 | K30: Fe | L30: =VLOOKUP(K30,$C$284:$D$377,2,FALSE) -> 26 | M30: 7.057 | N30: Kβ | R30: Fe | S30: =VLOOKUP(R30,$C$284:$D$377,2,FALSE) -> 26 | T30: 7.057 | U30: Kβ | Y30: Fe | Z30: =VLOOKUP(Y30,$C$284:$D$377,2,FALSE) -> 26 | AA30: 7.057 | AB30: Kβ | AF30: Fe | AG30: =VLOOKUP(AF30,$C$284:$D$377,2,FALSE) -> 26 | AH30: 7.057 | AI30: Kβ | AM30: Fe | AN30: =VLOOKUP(AM30,$C$284:$D$377,2,FALSE) -> 26 | AO30: 7.057 | AP30: Kβ | AT30: Fe | AU30: =VLOOKUP(AT30,$C$284:$D$377,2,FALSE) -> 26 | AV30: 7.057 | AW30: Kβ | BA30: Fe | BB30: =VLOOKUP(BA30,$C$284:$D$377,2,FALSE) -> 26 | BC30: 7.057 | BD30: Kβ | BH30: Fe | BI30: =VLOOKUP(BH30,$C$284:$D$377,2,FALSE) -> 26 | BJ30: 7.057 | BK30: Kβ | BO30: Fe | BP30: =VLOOKUP(BO30,$C$284:$D$377,2,FALSE) -> 26 | BQ30: 7.057 | BR30: Kβ | BV30: Fe | BW30: =VLOOKUP(BV30,$C$284:$D$377,2,FALSE) -> 26 | BX30: 7.057 | BY30: Kβ | CC30: Fe | CD30: =VLOOKUP(CC30,$C$284:$D$377,2,FALSE) -> 26 | CE30: 7.057 | CF30: Kβ | CJ30: Fe | CK30: =VLOOKUP(CJ30,$C$284:$D$377,2,FALSE) -> 26 | CL30: 7.057 | CM30: Kβ | CQ30: Fe | CR30: =VLOOKUP(CQ30,$C$284:$D$377,2,FALSE) -> 26 | CS30: 7.057 | CT30: Kβ | CX30: Fe | CY30: =VLOOKUP(CX30,$C$284:$D$377,2,FALSE) -> 26 | CZ30: 7.057 | DA30: Kβ | DE30: Fe | DF30: =VLOOKUP(DE30,$C$284:$D$377,2,FALSE) -> 26 | DG30: 7.057 | DH30: Kβ | DL30: Fe | DM30: =VLOOKUP(DL30,$C$284:$D$377,2,FALSE) -> 26 | DN30: 7.057 | DO30: Kβ | DS30: Fe | DT30: =VLOOKUP(DS30,$C$284:$D$377,2,FALSE) -> 26 | DU30: 7.057 | DV30: Kβ | DZ30: Fe | EA30: =VLOOKUP(DZ30,$C$284:$D$377,2,FALSE) -> 26 | EB30: 7.057 | EC30: Kβ | EG30: Fe | EH30: =VLOOKUP(EG30,$C$284:$D$377,2,FALSE) -> 26 | EI30: 7.057 | EJ30: Kβ | EN30: Fe | EO30: =VLOOKUP(EN30,$C$284:$D$377,2,FALSE) -> 26 | EP30: 7.057 | EQ30: Kβ | EU30: Fe | EV30: =VLOOKUP(EU30,$C$284:$D$377,2,FALSE) -> 26 | EW30: 7.057 | EX30: Kβ | FB30: Fe | FC30: =VLOOKUP(FB30,$C$284:$D$377,2,FALSE) -> 26 | FD30: 7.057 | FE30: Kβ | FI30: Fe | FJ30: =VLOOKUP(FI30,$C$284:$D$377,2,FALSE) -> 26 | FK30: 7.057 | FL30: Kβ | FP30: Fe | FQ30: =VLOOKUP(FP30,$C$284:$D$377,2,FALSE) -> 26 | FR30: 7.057 | FS30: Kβ | FW30: Fe | FX30: =VLOOKUP(FW30,$C$284:$D$377,2,FALSE) -> 26 | FY30: 7.057 | FZ30: Kβ
B31: =IF($A$3=$A$26,E31,E31*1000) -> 6925 | C31: Co | D31: =VLOOKUP(C31,$C$284:$D$377,2,FALSE) -> 27 | E31: 6.925 | F31: Kα | J31: =M31*1000 -> 6925 | K31: Co | L31: =VLOOKUP(K31,$C$284:$D$377,2,FALSE) -> 27 | M31: 6.925 | N31: Kα | R31: Co | S31: =VLOOKUP(R31,$C$284:$D$377,2,FALSE) -> 27 | T31: 6.925 | U31: Kα | Y31: Co | Z31: =VLOOKUP(Y31,$C$284:$D$377,2,FALSE) -> 27 | AA31: 6.925 | AB31: Kα | AF31: Co | AG31: =VLOOKUP(AF31,$C$284:$D$377,2,FALSE) -> 27 | AH31: 6.925 | AI31: Kα | AM31: Co | AN31: =VLOOKUP(AM31,$C$284:$D$377,2,FALSE) -> 27 | AO31: 6.925 | AP31: Kα | AT31: Co | AU31: =VLOOKUP(AT31,$C$284:$D$377,2,FALSE) -> 27 | AV31: 6.925 | AW31: Kα | BA31: Co | BB31: =VLOOKUP(BA31,$C$284:$D$377,2,FALSE) -> 27 | BC31: 6.925 | BD31: Kα | BH31: Co | BI31: =VLOOKUP(BH31,$C$284:$D$377,2,FALSE) -> 27 | BJ31: 6.925 | BK31: Kα | BO31: Co | BP31: =VLOOKUP(BO31,$C$284:$D$377,2,FALSE) -> 27 | BQ31: 6.925 | BR31: Kα | BV31: Co | BW31: =VLOOKUP(BV31,$C$284:$D$377,2,FALSE) -> 27 | BX31: 6.925 | BY31: Kα | CC31: Co | CD31: =VLOOKUP(CC31,$C$284:$D$377,2,FALSE) -> 27 | CE31: 6.925 | CF31: Kα | CJ31: Co | CK31: =VLOOKUP(CJ31,$C$284:$D$377,2,FALSE) -> 27 | CL31: 6.925 | CM31: Kα | CQ31: Co | CR31: =VLOOKUP(CQ31,$C$284:$D$377,2,FALSE) -> 27 | CS31: 6.925 | CT31: Kα | CX31: Co | CY31: =VLOOKUP(CX31,$C$284:$D$377,2,FALSE) -> 27 | CZ31: 6.925 | DA31: Kα | DE31: Co | DF31: =VLOOKUP(DE31,$C$284:$D$377,2,FALSE) -> 27 | DG31: 6.925 | DH31: Kα | DL31: Co | DM31: =VLOOKUP(DL31,$C$284:$D$377,2,FALSE) -> 27 | DN31: 6.925 | DO31: Kα | DS31: Co | DT31: =VLOOKUP(DS31,$C$284:$D$377,2,FALSE) -> 27 | DU31: 6.925 | DV31: Kα | DZ31: Co | EA31: =VLOOKUP(DZ31,$C$284:$D$377,2,FALSE) -> 27 | EB31: 6.925 | EC31: Kα | EG31: Co | EH31: =VLOOKUP(EG31,$C$284:$D$377,2,FALSE) -> 27 | EI31: 6.925 | EJ31: Kα | EN31: Co | EO31: =VLOOKUP(EN31,$C$284:$D$377,2,FALSE) -> 27 | EP31: 6.925 | EQ31: Kα | EU31: Co | EV31: =VLOOKUP(EU31,$C$284:$D$377,2,FALSE) -> 27 | EW31: 6.925 | EX31: Kα | FB31: Co | FC31: =VLOOKUP(FB31,$C$284:$D$377,2,FALSE) -> 27 | FD31: 6.925 | FE31: Kα | FI31: Co | FJ31: =VLOOKUP(FI31,$C$284:$D$377,2,FALSE) -> 27 | FK31: 6.925 | FL31: Kα | FP31: Co | FQ31: =VLOOKUP(FP31,$C$284:$D$377,2,FALSE) -> 27 | FR31: 6.925 | FS31: Kα | FW31: Co | FX31: =VLOOKUP(FW31,$C$284:$D$377,2,FALSE) -> 27 | FY31: 6.925 | FZ31: Kα
B32: =IF($A$3=$A$26,E32,E32*1000) -> 7649 | C32: Co | D32: =VLOOKUP(C32,$C$284:$D$377,2,FALSE) -> 27 | E32: 7.649 | F32: Kβ | J32: =M32*1000 -> 7649 | K32: Co | L32: =VLOOKUP(K32,$C$284:$D$377,2,FALSE) -> 27 | M32: 7.649 | N32: Kβ | R32: Co | S32: =VLOOKUP(R32,$C$284:$D$377,2,FALSE) -> 27 | T32: 7.649 | U32: Kβ | Y32: Co | Z32: =VLOOKUP(Y32,$C$284:$D$377,2,FALSE) -> 27 | AA32: 7.649 | AB32: Kβ | AF32: Co | AG32: =VLOOKUP(AF32,$C$284:$D$377,2,FALSE) -> 27 | AH32: 7.649 | AI32: Kβ | AM32: Co | AN32: =VLOOKUP(AM32,$C$284:$D$377,2,FALSE) -> 27 | AO32: 7.649 | AP32: Kβ | AT32: Co | AU32: =VLOOKUP(AT32,$C$284:$D$377,2,FALSE) -> 27 | AV32: 7.649 | AW32: Kβ | BA32: Co | BB32: =VLOOKUP(BA32,$C$284:$D$377,2,FALSE) -> 27 | BC32: 7.649 | BD32: Kβ | BH32: Co | BI32: =VLOOKUP(BH32,$C$284:$D$377,2,FALSE) -> 27 | BJ32: 7.649 | BK32: Kβ | BO32: Co | BP32: =VLOOKUP(BO32,$C$284:$D$377,2,FALSE) -> 27 | BQ32: 7.649 | BR32: Kβ | BV32: Co | BW32: =VLOOKUP(BV32,$C$284:$D$377,2,FALSE) -> 27 | BX32: 7.649 | BY32: Kβ | CC32: Co | CD32: =VLOOKUP(CC32,$C$284:$D$377,2,FALSE) -> 27 | CE32: 7.649 | CF32: Kβ | CJ32: Co | CK32: =VLOOKUP(CJ32,$C$284:$D$377,2,FALSE) -> 27 | CL32: 7.649 | CM32: Kβ | CQ32: Co | CR32: =VLOOKUP(CQ32,$C$284:$D$377,2,FALSE) -> 27 | CS32: 7.649 | CT32: Kβ | CX32: Co | CY32: =VLOOKUP(CX32,$C$284:$D$377,2,FALSE) -> 27 | CZ32: 7.649 | DA32: Kβ | DE32: Co | DF32: =VLOOKUP(DE32,$C$284:$D$377,2,FALSE) -> 27 | DG32: 7.649 | DH32: Kβ | DL32: Co | DM32: =VLOOKUP(DL32,$C$284:$D$377,2,FALSE) -> 27 | DN32: 7.649 | DO32: Kβ | DS32: Co | DT32: =VLOOKUP(DS32,$C$284:$D$377,2,FALSE) -> 27 | DU32: 7.649 | DV32: Kβ | DZ32: Co | EA32: =VLOOKUP(DZ32,$C$284:$D$377,2,FALSE) -> 27 | EB32: 7.649 | EC32: Kβ | EG32: Co | EH32: =VLOOKUP(EG32,$C$284:$D$377,2,FALSE) -> 27 | EI32: 7.649 | EJ32: Kβ | EN32: Co | EO32: =VLOOKUP(EN32,$C$284:$D$377,2,FALSE) -> 27 | EP32: 7.649 | EQ32: Kβ | EU32: Co | EV32: =VLOOKUP(EU32,$C$284:$D$377,2,FALSE) -> 27 | EW32: 7.649 | EX32: Kβ | FB32: Co | FC32: =VLOOKUP(FB32,$C$284:$D$377,2,FALSE) -> 27 | FD32: 7.649 | FE32: Kβ | FI32: Co | FJ32: =VLOOKUP(FI32,$C$284:$D$377,2,FALSE) -> 27 | FK32: 7.649 | FL32: Kβ | FP32: Co | FQ32: =VLOOKUP(FP32,$C$284:$D$377,2,FALSE) -> 27 | FR32: 7.649 | FS32: Kβ | FW32: Co | FX32: =VLOOKUP(FW32,$C$284:$D$377,2,FALSE) -> 27 | FY32: 7.649 | FZ32: Kβ
B33: =IF($A$3=$A$26,E33,E33*1000) -> 7472 | C33: Ni | D33: =VLOOKUP(C33,$C$284:$D$377,2,FALSE) -> 28 | E33: 7.472 | F33: Kα | J33: =M33*1000 -> 7472 | K33: Ni | L33: =VLOOKUP(K33,$C$284:$D$377,2,FALSE) -> 28 | M33: 7.472 | N33: Kα | O33: 1329 | P33: 231 | R33: Ni | S33: =VLOOKUP(R33,$C$284:$D$377,2,FALSE) -> 28 | T33: 7.472 | U33: Kα | V33: 1151 | W33: 225 | Y33: Ni | Z33: =VLOOKUP(Y33,$C$284:$D$377,2,FALSE) -> 28 | AA33: 7.472 | AB33: Kα | AC33: 1694 | AD33: 224 | AF33: Ni | AG33: =VLOOKUP(AF33,$C$284:$D$377,2,FALSE) -> 28 | AH33: 7.472 | AI33: Kα | AJ33: 802 | AK33: 229 | AM33: Ni | AN33: =VLOOKUP(AM33,$C$284:$D$377,2,FALSE) -> 28 | AO33: 7.472 | AP33: Kα | AQ33: 1739 | AR33: 225 | AT33: Ni | AU33: =VLOOKUP(AT33,$C$284:$D$377,2,FALSE) -> 28 | AV33: 7.472 | AW33: Kα | AX33: 977 | AY33: 240 | BA33: Ni | BB33: =VLOOKUP(BA33,$C$284:$D$377,2,FALSE) -> 28 | BC33: 7.472 | BD33: Kα | BE33: 1594 | BF33: 243 | BH33: Ni | BI33: =VLOOKUP(BH33,$C$284:$D$377,2,FALSE) -> 28 | BJ33: 7.472 | BK33: Kα | BL33: 2164 | BM33: 249 | BO33: Ni | BP33: =VLOOKUP(BO33,$C$284:$D$377,2,FALSE) -> 28 | BQ33: 7.472 | BR33: Kα | BS33: 2181 | BT33: 233 | BV33: Ni | BW33: =VLOOKUP(BV33,$C$284:$D$377,2,FALSE) -> 28 | BX33: 7.472 | BY33: Kα | BZ33: 2304 | CA33: 245 | CC33: Ni | CD33: =VLOOKUP(CC33,$C$284:$D$377,2,FALSE) -> 28 | CE33: 7.472 | CF33: Kα | CG33: 3042 | CH33: 240 | CJ33: Ni | CK33: =VLOOKUP(CJ33,$C$284:$D$377,2,FALSE) -> 28 | CL33: 7.472 | CM33: Kα | CQ33: Ni | CR33: =VLOOKUP(CQ33,$C$284:$D$377,2,FALSE) -> 28 | CS33: 7.472 | CT33: Kα | CX33: Ni | CY33: =VLOOKUP(CX33,$C$284:$D$377,2,FALSE) -> 28 | CZ33: 7.472 | DA33: Kα | DE33: Ni | DF33: =VLOOKUP(DE33,$C$284:$D$377,2,FALSE) -> 28 | DG33: 7.472 | DH33: Kα | DL33: Ni | DM33: =VLOOKUP(DL33,$C$284:$D$377,2,FALSE) -> 28 | DN33: 7.472 | DO33: Kα | DS33: Ni | DT33: =VLOOKUP(DS33,$C$284:$D$377,2,FALSE) -> 28 | DU33: 7.472 | DV33: Kα | DZ33: Ni | EA33: =VLOOKUP(DZ33,$C$284:$D$377,2,FALSE) -> 28 | EB33: 7.472 | EC33: Kα | EG33: Ni | EH33: =VLOOKUP(EG33,$C$284:$D$377,2,FALSE) -> 28 | EI33: 7.472 | EJ33: Kα | EN33: Ni | EO33: =VLOOKUP(EN33,$C$284:$D$377,2,FALSE) -> 28 | EP33: 7.472 | EQ33: Kα | EU33: Ni | EV33: =VLOOKUP(EU33,$C$284:$D$377,2,FALSE) -> 28 | EW33: 7.472 | EX33: Kα | FB33: Ni | FC33: =VLOOKUP(FB33,$C$284:$D$377,2,FALSE) -> 28 | FD33: 7.472 | FE33: Kα | FI33: Ni | FJ33: =VLOOKUP(FI33,$C$284:$D$377,2,FALSE) -> 28 | FK33: 7.472 | FL33: Kα | FP33: Ni | FQ33: =VLOOKUP(FP33,$C$284:$D$377,2,FALSE) -> 28 | FR33: 7.472 | FS33: Kα | FW33: Ni | FX33: =VLOOKUP(FW33,$C$284:$D$377,2,FALSE) -> 28 | FY33: 7.472 | FZ33: Kα
B34: =IF($A$3=$A$26,E34,E34*1000) -> 8264 | C34: Ni | D34: =VLOOKUP(C34,$C$284:$D$377,2,FALSE) -> 28 | E34: 8.264 | F34: Kβ | J34: =M34*1000 -> 8264 | K34: Ni | L34: =VLOOKUP(K34,$C$284:$D$377,2,FALSE) -> 28 | M34: 8.264 | N34: Kβ | R34: Ni | S34: =VLOOKUP(R34,$C$284:$D$377,2,FALSE) -> 28 | T34: 8.264 | U34: Kβ | Y34: Ni | Z34: =VLOOKUP(Y34,$C$284:$D$377,2,FALSE) -> 28 | AA34: 8.264 | AB34: Kβ | AF34: Ni | AG34: =VLOOKUP(AF34,$C$284:$D$377,2,FALSE) -> 28 | AH34: 8.264 | AI34: Kβ | AM34: Ni | AN34: =VLOOKUP(AM34,$C$284:$D$377,2,FALSE) -> 28 | AO34: 8.264 | AP34: Kβ | AT34: Ni | AU34: =VLOOKUP(AT34,$C$284:$D$377,2,FALSE) -> 28 | AV34: 8.264 | AW34: Kβ | BA34: Ni | BB34: =VLOOKUP(BA34,$C$284:$D$377,2,FALSE) -> 28 | BC34: 8.264 | BD34: Kβ | BH34: Ni | BI34: =VLOOKUP(BH34,$C$284:$D$377,2,FALSE) -> 28 | BJ34: 8.264 | BK34: Kβ | BO34: Ni | BP34: =VLOOKUP(BO34,$C$284:$D$377,2,FALSE) -> 28 | BQ34: 8.264 | BR34: Kβ | BV34: Ni | BW34: =VLOOKUP(BV34,$C$284:$D$377,2,FALSE) -> 28 | BX34: 8.264 | BY34: Kβ | CC34: Ni | CD34: =VLOOKUP(CC34,$C$284:$D$377,2,FALSE) -> 28 | CE34: 8.264 | CF34: Kβ | CJ34: Ni | CK34: =VLOOKUP(CJ34,$C$284:$D$377,2,FALSE) -> 28 | CL34: 8.264 | CM34: Kβ | CQ34: Ni | CR34: =VLOOKUP(CQ34,$C$284:$D$377,2,FALSE) -> 28 | CS34: 8.264 | CT34: Kβ | CX34: Ni | CY34: =VLOOKUP(CX34,$C$284:$D$377,2,FALSE) -> 28 | CZ34: 8.264 | DA34: Kβ | DE34: Ni | DF34: =VLOOKUP(DE34,$C$284:$D$377,2,FALSE) -> 28 | DG34: 8.264 | DH34: Kβ | DL34: Ni | DM34: =VLOOKUP(DL34,$C$284:$D$377,2,FALSE) -> 28 | DN34: 8.264 | DO34: Kβ | DS34: Ni | DT34: =VLOOKUP(DS34,$C$284:$D$377,2,FALSE) -> 28 | DU34: 8.264 | DV34: Kβ | DZ34: Ni | EA34: =VLOOKUP(DZ34,$C$284:$D$377,2,FALSE) -> 28 | EB34: 8.264 | EC34: Kβ | EG34: Ni | EH34: =VLOOKUP(EG34,$C$284:$D$377,2,FALSE) -> 28 | EI34: 8.264 | EJ34: Kβ | EN34: Ni | EO34: =VLOOKUP(EN34,$C$284:$D$377,2,FALSE) -> 28 | EP34: 8.264 | EQ34: Kβ | EU34: Ni | EV34: =VLOOKUP(EU34,$C$284:$D$377,2,FALSE) -> 28 | EW34: 8.264 | EX34: Kβ | FB34: Ni | FC34: =VLOOKUP(FB34,$C$284:$D$377,2,FALSE) -> 28 | FD34: 8.264 | FE34: Kβ | FI34: Ni | FJ34: =VLOOKUP(FI34,$C$284:$D$377,2,FALSE) -> 28 | FK34: 8.264 | FL34: Kβ | FP34: Ni | FQ34: =VLOOKUP(FP34,$C$284:$D$377,2,FALSE) -> 28 | FR34: 8.264 | FS34: Kβ | FW34: Ni | FX34: =VLOOKUP(FW34,$C$284:$D$377,2,FALSE) -> 28 | FY34: 8.264 | FZ34: Kβ
B35: =IF($A$3=$A$26,E35,E35*1000) -> 8041 | C35: Cu | D35: =VLOOKUP(C35,$C$284:$D$377,2,FALSE) -> 29 | E35: 8.041 | F35: Kα | J35: =M35*1000 -> 8041 | K35: Cu | L35: =VLOOKUP(K35,$C$284:$D$377,2,FALSE) -> 29 | M35: 8.041 | N35: Kα | O35: 520 | P35: 245 | R35: Cu | S35: =VLOOKUP(R35,$C$284:$D$377,2,FALSE) -> 29 | T35: 8.041 | U35: Kα | V35: 646 | W35: 230 | Y35: Cu | Z35: =VLOOKUP(Y35,$C$284:$D$377,2,FALSE) -> 29 | AA35: 8.041 | AB35: Kα | AF35: Cu | AG35: =VLOOKUP(AF35,$C$284:$D$377,2,FALSE) -> 29 | AH35: 8.041 | AI35: Kα | AM35: Cu | AN35: =VLOOKUP(AM35,$C$284:$D$377,2,FALSE) -> 29 | AO35: 8.041 | AP35: Kα | AT35: Cu | AU35: =VLOOKUP(AT35,$C$284:$D$377,2,FALSE) -> 29 | AV35: 8.041 | AW35: Kα | AX35: 908 | AY35: 235 | BA35: Cu | BB35: =VLOOKUP(BA35,$C$284:$D$377,2,FALSE) -> 29 | BC35: 8.041 | BD35: Kα | BE35: 711 | BF35: 251 | BH35: Cu | BI35: =VLOOKUP(BH35,$C$284:$D$377,2,FALSE) -> 29 | BJ35: 8.041 | BK35: Kα | BL35: 803 | BM35: 257 | BO35: Cu | BP35: =VLOOKUP(BO35,$C$284:$D$377,2,FALSE) -> 29 | BQ35: 8.041 | BR35: Kα | BS35: 1803 | BT35: 239 | BV35: Cu | BW35: =VLOOKUP(BV35,$C$284:$D$377,2,FALSE) -> 29 | BX35: 8.041 | BY35: Kα | BZ35: 738 | CA35: 250 | CC35: Cu | CD35: =VLOOKUP(CC35,$C$284:$D$377,2,FALSE) -> 29 | CE35: 8.041 | CF35: Kα | CG35: 668 | CH35: 242 | CJ35: Cu | CK35: =VLOOKUP(CJ35,$C$284:$D$377,2,FALSE) -> 29 | CL35: 8.041 | CM35: Kα | CQ35: Cu | CR35: =VLOOKUP(CQ35,$C$284:$D$377,2,FALSE) -> 29 | CS35: 8.041 | CT35: Kα | CX35: Cu | CY35: =VLOOKUP(CX35,$C$284:$D$377,2,FALSE) -> 29 | CZ35: 8.041 | DA35: Kα | DE35: Cu | DF35: =VLOOKUP(DE35,$C$284:$D$377,2,FALSE) -> 29 | DG35: 8.041 | DH35: Kα | DL35: Cu | DM35: =VLOOKUP(DL35,$C$284:$D$377,2,FALSE) -> 29 | DN35: 8.041 | DO35: Kα | DS35: Cu | DT35: =VLOOKUP(DS35,$C$284:$D$377,2,FALSE) -> 29 | DU35: 8.041 | DV35: Kα | DZ35: Cu | EA35: =VLOOKUP(DZ35,$C$284:$D$377,2,FALSE) -> 29 | EB35: 8.041 | EC35: Kα | EG35: Cu | EH35: =VLOOKUP(EG35,$C$284:$D$377,2,FALSE) -> 29 | EI35: 8.041 | EJ35: Kα | EN35: Cu | EO35: =VLOOKUP(EN35,$C$284:$D$377,2,FALSE) -> 29 | EP35: 8.041 | EQ35: Kα | EU35: Cu | EV35: =VLOOKUP(EU35,$C$284:$D$377,2,FALSE) -> 29 | EW35: 8.041 | EX35: Kα | FB35: Cu | FC35: =VLOOKUP(FB35,$C$284:$D$377,2,FALSE) -> 29 | FD35: 8.041 | FE35: Kα | FI35: Cu | FJ35: =VLOOKUP(FI35,$C$284:$D$377,2,FALSE) -> 29 | FK35: 8.041 | FL35: Kα | FP35: Cu | FQ35: =VLOOKUP(FP35,$C$284:$D$377,2,FALSE) -> 29 | FR35: 8.041 | FS35: Kα | FW35: Cu | FX35: =VLOOKUP(FW35,$C$284:$D$377,2,FALSE) -> 29 | FY35: 8.041 | FZ35: Kα
B36: =IF($A$3=$A$26,E36,E36*1000) -> 8904 | C36: Cu | D36: =VLOOKUP(C36,$C$284:$D$377,2,FALSE) -> 29 | E36: 8.904 | F36: Kβ | J36: =M36*1000 -> 8904 | K36: Cu | L36: =VLOOKUP(K36,$C$284:$D$377,2,FALSE) -> 29 | M36: 8.904 | N36: Kβ | R36: Cu | S36: =VLOOKUP(R36,$C$284:$D$377,2,FALSE) -> 29 | T36: 8.904 | U36: Kβ | Y36: Cu | Z36: =VLOOKUP(Y36,$C$284:$D$377,2,FALSE) -> 29 | AA36: 8.904 | AB36: Kβ | AF36: Cu | AG36: =VLOOKUP(AF36,$C$284:$D$377,2,FALSE) -> 29 | AH36: 8.904 | AI36: Kβ | AM36: Cu | AN36: =VLOOKUP(AM36,$C$284:$D$377,2,FALSE) -> 29 | AO36: 8.904 | AP36: Kβ | AT36: Cu | AU36: =VLOOKUP(AT36,$C$284:$D$377,2,FALSE) -> 29 | AV36: 8.904 | AW36: Kβ | BA36: Cu | BB36: =VLOOKUP(BA36,$C$284:$D$377,2,FALSE) -> 29 | BC36: 8.904 | BD36: Kβ | BH36: Cu | BI36: =VLOOKUP(BH36,$C$284:$D$377,2,FALSE) -> 29 | BJ36: 8.904 | BK36: Kβ | BO36: Cu | BP36: =VLOOKUP(BO36,$C$284:$D$377,2,FALSE) -> 29 | BQ36: 8.904 | BR36: Kβ | BV36: Cu | BW36: =VLOOKUP(BV36,$C$284:$D$377,2,FALSE) -> 29 | BX36: 8.904 | BY36: Kβ | CC36: Cu | CD36: =VLOOKUP(CC36,$C$284:$D$377,2,FALSE) -> 29 | CE36: 8.904 | CF36: Kβ | CJ36: Cu | CK36: =VLOOKUP(CJ36,$C$284:$D$377,2,FALSE) -> 29 | CL36: 8.904 | CM36: Kβ | CQ36: Cu | CR36: =VLOOKUP(CQ36,$C$284:$D$377,2,FALSE) -> 29 | CS36: 8.904 | CT36: Kβ | CX36: Cu | CY36: =VLOOKUP(CX36,$C$284:$D$377,2,FALSE) -> 29 | CZ36: 8.904 | DA36: Kβ | DE36: Cu | DF36: =VLOOKUP(DE36,$C$284:$D$377,2,FALSE) -> 29 | DG36: 8.904 | DH36: Kβ | DL36: Cu | DM36: =VLOOKUP(DL36,$C$284:$D$377,2,FALSE) -> 29 | DN36: 8.904 | DO36: Kβ | DS36: Cu | DT36: =VLOOKUP(DS36,$C$284:$D$377,2,FALSE) -> 29 | DU36: 8.904 | DV36: Kβ | DZ36: Cu | EA36: =VLOOKUP(DZ36,$C$284:$D$377,2,FALSE) -> 29 | EB36: 8.904 | EC36: Kβ | EG36: Cu | EH36: =VLOOKUP(EG36,$C$284:$D$377,2,FALSE) -> 29 | EI36: 8.904 | EJ36: Kβ | EN36: Cu | EO36: =VLOOKUP(EN36,$C$284:$D$377,2,FALSE) -> 29 | EP36: 8.904 | EQ36: Kβ | EU36: Cu | EV36: =VLOOKUP(EU36,$C$284:$D$377,2,FALSE) -> 29 | EW36: 8.904 | EX36: Kβ | FB36: Cu | FC36: =VLOOKUP(FB36,$C$284:$D$377,2,FALSE) -> 29 | FD36: 8.904 | FE36: Kβ | FI36: Cu | FJ36: =VLOOKUP(FI36,$C$284:$D$377,2,FALSE) -> 29 | FK36: 8.904 | FL36: Kβ | FP36: Cu | FQ36: =VLOOKUP(FP36,$C$284:$D$377,2,FALSE) -> 29 | FR36: 8.904 | FS36: Kβ | FW36: Cu | FX36: =VLOOKUP(FW36,$C$284:$D$377,2,FALSE) -> 29 | FY36: 8.904 | FZ36: Kβ
B37: =IF($A$3=$A$26,E37,E37*1000) -> 1009 | C37: Zn | D37: =VLOOKUP(C37,$C$284:$D$377,2,FALSE) -> 30 | E37: 1.009 | F37: Lα | J37: =M37*1000 -> 1009 | K37: Zn | L37: =VLOOKUP(K37,$C$284:$D$377,2,FALSE) -> 30 | M37: 1.009 | N37: Lα | R37: Zn | S37: =VLOOKUP(R37,$C$284:$D$377,2,FALSE) -> 30 | T37: 1.009 | U37: Lα | Y37: Zn | Z37: =VLOOKUP(Y37,$C$284:$D$377,2,FALSE) -> 30 | AA37: 1.009 | AB37: Lα | AF37: Zn | AG37: =VLOOKUP(AF37,$C$284:$D$377,2,FALSE) -> 30 | AH37: 1.009 | AI37: Lα | AM37: Zn | AN37: =VLOOKUP(AM37,$C$284:$D$377,2,FALSE) -> 30 | AO37: 1.009 | AP37: Lα | AT37: Zn | AU37: =VLOOKUP(AT37,$C$284:$D$377,2,FALSE) -> 30 | AV37: 1.009 | AW37: Lα | BA37: Zn | BB37: =VLOOKUP(BA37,$C$284:$D$377,2,FALSE) -> 30 | BC37: 1.009 | BD37: Lα | BH37: Zn | BI37: =VLOOKUP(BH37,$C$284:$D$377,2,FALSE) -> 30 | BJ37: 1.009 | BK37: Lα | BO37: Zn | BP37: =VLOOKUP(BO37,$C$284:$D$377,2,FALSE) -> 30 | BQ37: 1.009 | BR37: Lα | BV37: Zn | BW37: =VLOOKUP(BV37,$C$284:$D$377,2,FALSE) -> 30 | BX37: 1.009 | BY37: Lα | CC37: Zn | CD37: =VLOOKUP(CC37,$C$284:$D$377,2,FALSE) -> 30 | CE37: 1.009 | CF37: Lα | CJ37: Zn | CK37: =VLOOKUP(CJ37,$C$284:$D$377,2,FALSE) -> 30 | CL37: 1.009 | CM37: Lα | CQ37: Zn | CR37: =VLOOKUP(CQ37,$C$284:$D$377,2,FALSE) -> 30 | CS37: 1.009 | CT37: Lα | CX37: Zn | CY37: =VLOOKUP(CX37,$C$284:$D$377,2,FALSE) -> 30 | CZ37: 1.009 | DA37: Lα | DE37: Zn | DF37: =VLOOKUP(DE37,$C$284:$D$377,2,FALSE) -> 30 | DG37: 1.009 | DH37: Lα | DL37: Zn | DM37: =VLOOKUP(DL37,$C$284:$D$377,2,FALSE) -> 30 | DN37: 1.009 | DO37: Lα | DS37: Zn | DT37: =VLOOKUP(DS37,$C$284:$D$377,2,FALSE) -> 30 | DU37: 1.009 | DV37: Lα | DZ37: Zn | EA37: =VLOOKUP(DZ37,$C$284:$D$377,2,FALSE) -> 30 | EB37: 1.009 | EC37: Lα | EG37: Zn | EH37: =VLOOKUP(EG37,$C$284:$D$377,2,FALSE) -> 30 | EI37: 1.009 | EJ37: Lα | EN37: Zn | EO37: =VLOOKUP(EN37,$C$284:$D$377,2,FALSE) -> 30 | EP37: 1.009 | EQ37: Lα | EU37: Zn | EV37: =VLOOKUP(EU37,$C$284:$D$377,2,FALSE) -> 30 | EW37: 1.009 | EX37: Lα | FB37: Zn | FC37: =VLOOKUP(FB37,$C$284:$D$377,2,FALSE) -> 30 | FD37: 1.009 | FE37: Lα | FI37: Zn | FJ37: =VLOOKUP(FI37,$C$284:$D$377,2,FALSE) -> 30 | FK37: 1.009 | FL37: Lα | FP37: Zn | FQ37: =VLOOKUP(FP37,$C$284:$D$377,2,FALSE) -> 30 | FR37: 1.009 | FS37: Lα | FW37: Zn | FX37: =VLOOKUP(FW37,$C$284:$D$377,2,FALSE) -> 30 | FY37: 1.009 | FZ37: Lα
B38: =IF($A$3=$A$26,E38,E38*1000) -> 1032 | C38: Zn | D38: =VLOOKUP(C38,$C$284:$D$377,2,FALSE) -> 30 | E38: 1.032 | F38: Lβ | J38: =M38*1000 -> 1032 | K38: Zn | L38: =VLOOKUP(K38,$C$284:$D$377,2,FALSE) -> 30 | M38: 1.032 | N38: Lβ | R38: Zn | S38: =VLOOKUP(R38,$C$284:$D$377,2,FALSE) -> 30 | T38: 1.032 | U38: Lβ | Y38: Zn | Z38: =VLOOKUP(Y38,$C$284:$D$377,2,FALSE) -> 30 | AA38: 1.032 | AB38: Lβ | AF38: Zn | AG38: =VLOOKUP(AF38,$C$284:$D$377,2,FALSE) -> 30 | AH38: 1.032 | AI38: Lβ | AM38: Zn | AN38: =VLOOKUP(AM38,$C$284:$D$377,2,FALSE) -> 30 | AO38: 1.032 | AP38: Lβ | AT38: Zn | AU38: =VLOOKUP(AT38,$C$284:$D$377,2,FALSE) -> 30 | AV38: 1.032 | AW38: Lβ | BA38: Zn | BB38: =VLOOKUP(BA38,$C$284:$D$377,2,FALSE) -> 30 | BC38: 1.032 | BD38: Lβ | BH38: Zn | BI38: =VLOOKUP(BH38,$C$284:$D$377,2,FALSE) -> 30 | BJ38: 1.032 | BK38: Lβ | BO38: Zn | BP38: =VLOOKUP(BO38,$C$284:$D$377,2,FALSE) -> 30 | BQ38: 1.032 | BR38: Lβ | BV38: Zn | BW38: =VLOOKUP(BV38,$C$284:$D$377,2,FALSE) -> 30 | BX38: 1.032 | BY38: Lβ | CC38: Zn | CD38: =VLOOKUP(CC38,$C$284:$D$377,2,FALSE) -> 30 | CE38: 1.032 | CF38: Lβ | CJ38: Zn | CK38: =VLOOKUP(CJ38,$C$284:$D$377,2,FALSE) -> 30 | CL38: 1.032 | CM38: Lβ | CQ38: Zn | CR38: =VLOOKUP(CQ38,$C$284:$D$377,2,FALSE) -> 30 | CS38: 1.032 | CT38: Lβ | CX38: Zn | CY38: =VLOOKUP(CX38,$C$284:$D$377,2,FALSE) -> 30 | CZ38: 1.032 | DA38: Lβ | DE38: Zn | DF38: =VLOOKUP(DE38,$C$284:$D$377,2,FALSE) -> 30 | DG38: 1.032 | DH38: Lβ | DL38: Zn | DM38: =VLOOKUP(DL38,$C$284:$D$377,2,FALSE) -> 30 | DN38: 1.032 | DO38: Lβ | DS38: Zn | DT38: =VLOOKUP(DS38,$C$284:$D$377,2,FALSE) -> 30 | DU38: 1.032 | DV38: Lβ | DZ38: Zn | EA38: =VLOOKUP(DZ38,$C$284:$D$377,2,FALSE) -> 30 | EB38: 1.032 | EC38: Lβ | EG38: Zn | EH38: =VLOOKUP(EG38,$C$284:$D$377,2,FALSE) -> 30 | EI38: 1.032 | EJ38: Lβ | EN38: Zn | EO38: =VLOOKUP(EN38,$C$284:$D$377,2,FALSE) -> 30 | EP38: 1.032 | EQ38: Lβ | EU38: Zn | EV38: =VLOOKUP(EU38,$C$284:$D$377,2,FALSE) -> 30 | EW38: 1.032 | EX38: Lβ | FB38: Zn | FC38: =VLOOKUP(FB38,$C$284:$D$377,2,FALSE) -> 30 | FD38: 1.032 | FE38: Lβ | FI38: Zn | FJ38: =VLOOKUP(FI38,$C$284:$D$377,2,FALSE) -> 30 | FK38: 1.032 | FL38: Lβ | FP38: Zn | FQ38: =VLOOKUP(FP38,$C$284:$D$377,2,FALSE) -> 30 | FR38: 1.032 | FS38: Lβ | FW38: Zn | FX38: =VLOOKUP(FW38,$C$284:$D$377,2,FALSE) -> 30 | FY38: 1.032 | FZ38: Lβ
B39: =IF($A$3=$A$26,E39,E39*1000) -> 8631 | C39: Zn | D39: =VLOOKUP(C39,$C$284:$D$377,2,FALSE) -> 30 | E39: 8.631 | F39: Kα | J39: =M39*1000 -> 8631 | K39: Zn | L39: =VLOOKUP(K39,$C$284:$D$377,2,FALSE) -> 30 | M39: 8.631 | N39: Kα | O39: 1363 | P39: 248 | R39: Zn | S39: =VLOOKUP(R39,$C$284:$D$377,2,FALSE) -> 30 | T39: 8.631 | U39: Kα | V39: 1093 | W39: 226 | Y39: Zn | Z39: =VLOOKUP(Y39,$C$284:$D$377,2,FALSE) -> 30 | AA39: 8.631 | AB39: Kα | AC39: 2596 | AD39: 226 | AF39: Zn | AG39: =VLOOKUP(AF39,$C$284:$D$377,2,FALSE) -> 30 | AH39: 8.631 | AI39: Kα | AJ39: 960 | AK39: 235 | AM39: Zn | AN39: =VLOOKUP(AM39,$C$284:$D$377,2,FALSE) -> 30 | AO39: 8.631 | AP39: Kα | AQ39: 867 | AR39: 225 | AT39: Zn | AU39: =VLOOKUP(AT39,$C$284:$D$377,2,FALSE) -> 30 | AV39: 8.631 | AW39: Kα | AX39: 984 | AY39: 243 | BA39: Zn | BB39: =VLOOKUP(BA39,$C$284:$D$377,2,FALSE) -> 30 | BC39: 8.631 | BD39: Kα | BE39: 1543 | BF39: 248 | BH39: Zn | BI39: =VLOOKUP(BH39,$C$284:$D$377,2,FALSE) -> 30 | BJ39: 8.631 | BK39: Kα | BL39: 1379 | BM39: 257 | BO39: Zn | BP39: =VLOOKUP(BO39,$C$284:$D$377,2,FALSE) -> 30 | BQ39: 8.631 | BR39: Kα | BS39: 1511 | BT39: 239 | BV39: Zn | BW39: =VLOOKUP(BV39,$C$284:$D$377,2,FALSE) -> 30 | BX39: 8.631 | BY39: Kα | BZ39: 1119 | CA39: 247 | CC39: Zn | CD39: =VLOOKUP(CC39,$C$284:$D$377,2,FALSE) -> 30 | CE39: 8.631 | CF39: Kα | CG39: 1510 | CH39: 244 | CJ39: Zn | CK39: =VLOOKUP(CJ39,$C$284:$D$377,2,FALSE) -> 30 | CL39: 8.631 | CM39: Kα | CQ39: Zn | CR39: =VLOOKUP(CQ39,$C$284:$D$377,2,FALSE) -> 30 | CS39: 8.631 | CT39: Kα | CX39: Zn | CY39: =VLOOKUP(CX39,$C$284:$D$377,2,FALSE) -> 30 | CZ39: 8.631 | DA39: Kα | DE39: Zn | DF39: =VLOOKUP(DE39,$C$284:$D$377,2,FALSE) -> 30 | DG39: 8.631 | DH39: Kα | DL39: Zn | DM39: =VLOOKUP(DL39,$C$284:$D$377,2,FALSE) -> 30 | DN39: 8.631 | DO39: Kα | DS39: Zn | DT39: =VLOOKUP(DS39,$C$284:$D$377,2,FALSE) -> 30 | DU39: 8.631 | DV39: Kα | DZ39: Zn | EA39: =VLOOKUP(DZ39,$C$284:$D$377,2,FALSE) -> 30 | EB39: 8.631 | EC39: Kα | EG39: Zn | EH39: =VLOOKUP(EG39,$C$284:$D$377,2,FALSE) -> 30 | EI39: 8.631 | EJ39: Kα | EN39: Zn | EO39: =VLOOKUP(EN39,$C$284:$D$377,2,FALSE) -> 30 | EP39: 8.631 | EQ39: Kα | EU39: Zn | EV39: =VLOOKUP(EU39,$C$284:$D$377,2,FALSE) -> 30 | EW39: 8.631 | EX39: Kα | FB39: Zn | FC39: =VLOOKUP(FB39,$C$284:$D$377,2,FALSE) -> 30 | FD39: 8.631 | FE39: Kα | FI39: Zn | FJ39: =VLOOKUP(FI39,$C$284:$D$377,2,FALSE) -> 30 | FK39: 8.631 | FL39: Kα | FP39: Zn | FQ39: =VLOOKUP(FP39,$C$284:$D$377,2,FALSE) -> 30 | FR39: 8.631 | FS39: Kα | FW39: Zn | FX39: =VLOOKUP(FW39,$C$284:$D$377,2,FALSE) -> 30 | FY39: 8.631 | FZ39: Kα
B40: =IF($A$3=$A$26,E40,E40*1000) -> 9571 | C40: Zn | D40: =VLOOKUP(C40,$C$284:$D$377,2,FALSE) -> 30 | E40: 9.571 | F40: Kβ | J40: =M40*1000 -> 9571 | K40: Zn | L40: =VLOOKUP(K40,$C$284:$D$377,2,FALSE) -> 30 | M40: 9.571 | N40: Kβ | R40: Zn | S40: =VLOOKUP(R40,$C$284:$D$377,2,FALSE) -> 30 | T40: 9.571 | U40: Kβ | Y40: Zn | Z40: =VLOOKUP(Y40,$C$284:$D$377,2,FALSE) -> 30 | AA40: 9.571 | AB40: Kβ | AF40: Zn | AG40: =VLOOKUP(AF40,$C$284:$D$377,2,FALSE) -> 30 | AH40: 9.571 | AI40: Kβ | AM40: Zn | AN40: =VLOOKUP(AM40,$C$284:$D$377,2,FALSE) -> 30 | AO40: 9.571 | AP40: Kβ | AT40: Zn | AU40: =VLOOKUP(AT40,$C$284:$D$377,2,FALSE) -> 30 | AV40: 9.571 | AW40: Kβ | BA40: Zn | BB40: =VLOOKUP(BA40,$C$284:$D$377,2,FALSE) -> 30 | BC40: 9.571 | BD40: Kβ | BH40: Zn | BI40: =VLOOKUP(BH40,$C$284:$D$377,2,FALSE) -> 30 | BJ40: 9.571 | BK40: Kβ | BO40: Zn | BP40: =VLOOKUP(BO40,$C$284:$D$377,2,FALSE) -> 30 | BQ40: 9.571 | BR40: Kβ | BV40: Zn | BW40: =VLOOKUP(BV40,$C$284:$D$377,2,FALSE) -> 30 | BX40: 9.571 | BY40: Kβ | CC40: Zn | CD40: =VLOOKUP(CC40,$C$284:$D$377,2,FALSE) -> 30 | CE40: 9.571 | CF40: Kβ | CJ40: Zn | CK40: =VLOOKUP(CJ40,$C$284:$D$377,2,FALSE) -> 30 | CL40: 9.571 | CM40: Kβ | CQ40: Zn | CR40: =VLOOKUP(CQ40,$C$284:$D$377,2,FALSE) -> 30 | CS40: 9.571 | CT40: Kβ | CX40: Zn | CY40: =VLOOKUP(CX40,$C$284:$D$377,2,FALSE) -> 30 | CZ40: 9.571 | DA40: Kβ | DE40: Zn | DF40: =VLOOKUP(DE40,$C$284:$D$377,2,FALSE) -> 30 | DG40: 9.571 | DH40: Kβ | DL40: Zn | DM40: =VLOOKUP(DL40,$C$284:$D$377,2,FALSE) -> 30 | DN40: 9.571 | DO40: Kβ | DS40: Zn | DT40: =VLOOKUP(DS40,$C$284:$D$377,2,FALSE) -> 30 | DU40: 9.571 | DV40: Kβ | DZ40: Zn | EA40: =VLOOKUP(DZ40,$C$284:$D$377,2,FALSE) -> 30 | EB40: 9.571 | EC40: Kβ | EG40: Zn | EH40: =VLOOKUP(EG40,$C$284:$D$377,2,FALSE) -> 30 | EI40: 9.571 | EJ40: Kβ | EN40: Zn | EO40: =VLOOKUP(EN40,$C$284:$D$377,2,FALSE) -> 30 | EP40: 9.571 | EQ40: Kβ | EU40: Zn | EV40: =VLOOKUP(EU40,$C$284:$D$377,2,FALSE) -> 30 | EW40: 9.571 | EX40: Kβ | FB40: Zn | FC40: =VLOOKUP(FB40,$C$284:$D$377,2,FALSE) -> 30 | FD40: 9.571 | FE40: Kβ | FI40: Zn | FJ40: =VLOOKUP(FI40,$C$284:$D$377,2,FALSE) -> 30 | FK40: 9.571 | FL40: Kβ | FP40: Zn | FQ40: =VLOOKUP(FP40,$C$284:$D$377,2,FALSE) -> 30 | FR40: 9.571 | FS40: Kβ | FW40: Zn | FX40: =VLOOKUP(FW40,$C$284:$D$377,2,FALSE) -> 30 | FY40: 9.571 | FZ40: Kβ
B41: =IF($A$3=$A$26,E41,E41*1000) -> 1096 | C41: Ga | D41: =VLOOKUP(C41,$C$284:$D$377,2,FALSE) -> 31 | E41: 1.096 | F41: Lα | J41: =M41*1000 -> 1096 | K41: Ga | L41: =VLOOKUP(K41,$C$284:$D$377,2,FALSE) -> 31 | M41: 1.096 | N41: Lα | R41: Ga | S41: =VLOOKUP(R41,$C$284:$D$377,2,FALSE) -> 31 | T41: 1.096 | U41: Lα | Y41: Ga | Z41: =VLOOKUP(Y41,$C$284:$D$377,2,FALSE) -> 31 | AA41: 1.096 | AB41: Lα | AF41: Ga | AG41: =VLOOKUP(AF41,$C$284:$D$377,2,FALSE) -> 31 | AH41: 1.096 | AI41: Lα | AM41: Ga | AN41: =VLOOKUP(AM41,$C$284:$D$377,2,FALSE) -> 31 | AO41: 1.096 | AP41: Lα | AT41: Ga | AU41: =VLOOKUP(AT41,$C$284:$D$377,2,FALSE) -> 31 | AV41: 1.096 | AW41: Lα | BA41: Ga | BB41: =VLOOKUP(BA41,$C$284:$D$377,2,FALSE) -> 31 | BC41: 1.096 | BD41: Lα | BH41: Ga | BI41: =VLOOKUP(BH41,$C$284:$D$377,2,FALSE) -> 31 | BJ41: 1.096 | BK41: Lα | BO41: Ga | BP41: =VLOOKUP(BO41,$C$284:$D$377,2,FALSE) -> 31 | BQ41: 1.096 | BR41: Lα | BV41: Ga | BW41: =VLOOKUP(BV41,$C$284:$D$377,2,FALSE) -> 31 | BX41: 1.096 | BY41: Lα | CC41: Ga | CD41: =VLOOKUP(CC41,$C$284:$D$377,2,FALSE) -> 31 | CE41: 1.096 | CF41: Lα | CJ41: Ga | CK41: =VLOOKUP(CJ41,$C$284:$D$377,2,FALSE) -> 31 | CL41: 1.096 | CM41: Lα | CQ41: Ga | CR41: =VLOOKUP(CQ41,$C$284:$D$377,2,FALSE) -> 31 | CS41: 1.096 | CT41: Lα | CX41: Ga | CY41: =VLOOKUP(CX41,$C$284:$D$377,2,FALSE) -> 31 | CZ41: 1.096 | DA41: Lα | DE41: Ga | DF41: =VLOOKUP(DE41,$C$284:$D$377,2,FALSE) -> 31 | DG41: 1.096 | DH41: Lα | DL41: Ga | DM41: =VLOOKUP(DL41,$C$284:$D$377,2,FALSE) -> 31 | DN41: 1.096 | DO41: Lα | DS41: Ga | DT41: =VLOOKUP(DS41,$C$284:$D$377,2,FALSE) -> 31 | DU41: 1.096 | DV41: Lα | DZ41: Ga | EA41: =VLOOKUP(DZ41,$C$284:$D$377,2,FALSE) -> 31 | EB41: 1.096 | EC41: Lα | EG41: Ga | EH41: =VLOOKUP(EG41,$C$284:$D$377,2,FALSE) -> 31 | EI41: 1.096 | EJ41: Lα | EN41: Ga | EO41: =VLOOKUP(EN41,$C$284:$D$377,2,FALSE) -> 31 | EP41: 1.096 | EQ41: Lα | EU41: Ga | EV41: =VLOOKUP(EU41,$C$284:$D$377,2,FALSE) -> 31 | EW41: 1.096 | EX41: Lα | FB41: Ga | FC41: =VLOOKUP(FB41,$C$284:$D$377,2,FALSE) -> 31 | FD41: 1.096 | FE41: Lα | FI41: Ga | FJ41: =VLOOKUP(FI41,$C$284:$D$377,2,FALSE) -> 31 | FK41: 1.096 | FL41: Lα | FP41: Ga | FQ41: =VLOOKUP(FP41,$C$284:$D$377,2,FALSE) -> 31 | FR41: 1.096 | FS41: Lα | FW41: Ga | FX41: =VLOOKUP(FW41,$C$284:$D$377,2,FALSE) -> 31 | FY41: 1.096 | FZ41: Lα
B42: =IF($A$3=$A$26,E42,E42*1000) -> 1122 | C42: Ga | D42: =VLOOKUP(C42,$C$284:$D$377,2,FALSE) -> 31 | E42: 1.122 | F42: Lβ | J42: =M42*1000 -> 1122 | K42: Ga | L42: =VLOOKUP(K42,$C$284:$D$377,2,FALSE) -> 31 | M42: 1.122 | N42: Lβ | R42: Ga | S42: =VLOOKUP(R42,$C$284:$D$377,2,FALSE) -> 31 | T42: 1.122 | U42: Lβ | Y42: Ga | Z42: =VLOOKUP(Y42,$C$284:$D$377,2,FALSE) -> 31 | AA42: 1.122 | AB42: Lβ | AF42: Ga | AG42: =VLOOKUP(AF42,$C$284:$D$377,2,FALSE) -> 31 | AH42: 1.122 | AI42: Lβ | AM42: Ga | AN42: =VLOOKUP(AM42,$C$284:$D$377,2,FALSE) -> 31 | AO42: 1.122 | AP42: Lβ | AT42: Ga | AU42: =VLOOKUP(AT42,$C$284:$D$377,2,FALSE) -> 31 | AV42: 1.122 | AW42: Lβ | BA42: Ga | BB42: =VLOOKUP(BA42,$C$284:$D$377,2,FALSE) -> 31 | BC42: 1.122 | BD42: Lβ | BH42: Ga | BI42: =VLOOKUP(BH42,$C$284:$D$377,2,FALSE) -> 31 | BJ42: 1.122 | BK42: Lβ | BO42: Ga | BP42: =VLOOKUP(BO42,$C$284:$D$377,2,FALSE) -> 31 | BQ42: 1.122 | BR42: Lβ | BV42: Ga | BW42: =VLOOKUP(BV42,$C$284:$D$377,2,FALSE) -> 31 | BX42: 1.122 | BY42: Lβ | CC42: Ga | CD42: =VLOOKUP(CC42,$C$284:$D$377,2,FALSE) -> 31 | CE42: 1.122 | CF42: Lβ | CJ42: Ga | CK42: =VLOOKUP(CJ42,$C$284:$D$377,2,FALSE) -> 31 | CL42: 1.122 | CM42: Lβ | CQ42: Ga | CR42: =VLOOKUP(CQ42,$C$284:$D$377,2,FALSE) -> 31 | CS42: 1.122 | CT42: Lβ | CX42: Ga | CY42: =VLOOKUP(CX42,$C$284:$D$377,2,FALSE) -> 31 | CZ42: 1.122 | DA42: Lβ | DE42: Ga | DF42: =VLOOKUP(DE42,$C$284:$D$377,2,FALSE) -> 31 | DG42: 1.122 | DH42: Lβ | DL42: Ga | DM42: =VLOOKUP(DL42,$C$284:$D$377,2,FALSE) -> 31 | DN42: 1.122 | DO42: Lβ | DS42: Ga | DT42: =VLOOKUP(DS42,$C$284:$D$377,2,FALSE) -> 31 | DU42: 1.122 | DV42: Lβ | DZ42: Ga | EA42: =VLOOKUP(DZ42,$C$284:$D$377,2,FALSE) -> 31 | EB42: 1.122 | EC42: Lβ | EG42: Ga | EH42: =VLOOKUP(EG42,$C$284:$D$377,2,FALSE) -> 31 | EI42: 1.122 | EJ42: Lβ | EN42: Ga | EO42: =VLOOKUP(EN42,$C$284:$D$377,2,FALSE) -> 31 | EP42: 1.122 | EQ42: Lβ | EU42: Ga | EV42: =VLOOKUP(EU42,$C$284:$D$377,2,FALSE) -> 31 | EW42: 1.122 | EX42: Lβ | FB42: Ga | FC42: =VLOOKUP(FB42,$C$284:$D$377,2,FALSE) -> 31 | FD42: 1.122 | FE42: Lβ | FI42: Ga | FJ42: =VLOOKUP(FI42,$C$284:$D$377,2,FALSE) -> 31 | FK42: 1.122 | FL42: Lβ | FP42: Ga | FQ42: =VLOOKUP(FP42,$C$284:$D$377,2,FALSE) -> 31 | FR42: 1.122 | FS42: Lβ | FW42: Ga | FX42: =VLOOKUP(FW42,$C$284:$D$377,2,FALSE) -> 31 | FY42: 1.122 | FZ42: Lβ
B43: =IF($A$3=$A$26,E43,E43*1000) -> 9243 | C43: Ga | D43: =VLOOKUP(C43,$C$284:$D$377,2,FALSE) -> 31 | E43: 9.243 | F43: Kα | J43: =M43*1000 -> 9251 | K43: Ga | L43: =VLOOKUP(K43,$C$284:$D$377,2,FALSE) -> 31 | M43: 9.251 | N43: Kα | R43: Ga | S43: =VLOOKUP(R43,$C$284:$D$377,2,FALSE) -> 31 | T43: 9.251 | U43: Kα | Y43: Ga | Z43: =VLOOKUP(Y43,$C$284:$D$377,2,FALSE) -> 31 | AA43: 9.251 | AB43: Kα | AF43: Ga | AG43: =VLOOKUP(AF43,$C$284:$D$377,2,FALSE) -> 31 | AH43: 9.251 | AI43: Kα | AM43: Ga | AN43: =VLOOKUP(AM43,$C$284:$D$377,2,FALSE) -> 31 | AO43: 9.251 | AP43: Kα | AT43: Ga | AU43: =VLOOKUP(AT43,$C$284:$D$377,2,FALSE) -> 31 | AV43: 9.251 | AW43: Kα | BA43: Ga | BB43: =VLOOKUP(BA43,$C$284:$D$377,2,FALSE) -> 31 | BC43: 9.251 | BD43: Kα | BH43: Ga | BI43: =VLOOKUP(BH43,$C$284:$D$377,2,FALSE) -> 31 | BJ43: 9.251 | BK43: Kα | BO43: Ga | BP43: =VLOOKUP(BO43,$C$284:$D$377,2,FALSE) -> 31 | BQ43: 9.251 | BR43: Kα | BV43: Ga | BW43: =VLOOKUP(BV43,$C$284:$D$377,2,FALSE) -> 31 | BX43: 9.251 | BY43: Kα | CC43: Ga | CD43: =VLOOKUP(CC43,$C$284:$D$377,2,FALSE) -> 31 | CE43: 9.251 | CF43: Kα | CJ43: Ga | CK43: =VLOOKUP(CJ43,$C$284:$D$377,2,FALSE) -> 31 | CL43: 9.251 | CM43: Kα | CQ43: Ga | CR43: =VLOOKUP(CQ43,$C$284:$D$377,2,FALSE) -> 31 | CS43: 9.251 | CT43: Kα | CX43: Ga | CY43: =VLOOKUP(CX43,$C$284:$D$377,2,FALSE) -> 31 | CZ43: 9.251 | DA43: Kα | DE43: Ga | DF43: =VLOOKUP(DE43,$C$284:$D$377,2,FALSE) -> 31 | DG43: 9.251 | DH43: Kα | DL43: Ga | DM43: =VLOOKUP(DL43,$C$284:$D$377,2,FALSE) -> 31 | DN43: 9.251 | DO43: Kα | DS43: Ga | DT43: =VLOOKUP(DS43,$C$284:$D$377,2,FALSE) -> 31 | DU43: 9.251 | DV43: Kα | DZ43: Ga | EA43: =VLOOKUP(DZ43,$C$284:$D$377,2,FALSE) -> 31 | EB43: 9.251 | EC43: Kα | EG43: Ga | EH43: =VLOOKUP(EG43,$C$284:$D$377,2,FALSE) -> 31 | EI43: 9.251 | EJ43: Kα | EN43: Ga | EO43: =VLOOKUP(EN43,$C$284:$D$377,2,FALSE) -> 31 | EP43: 9.251 | EQ43: Kα | EU43: Ga | EV43: =VLOOKUP(EU43,$C$284:$D$377,2,FALSE) -> 31 | EW43: 9.251 | EX43: Kα | FB43: Ga | FC43: =VLOOKUP(FB43,$C$284:$D$377,2,FALSE) -> 31 | FD43: 9.251 | FE43: Kα | FI43: Ga | FJ43: =VLOOKUP(FI43,$C$284:$D$377,2,FALSE) -> 31 | FK43: 9.251 | FL43: Kα | FP43: Ga | FQ43: =VLOOKUP(FP43,$C$284:$D$377,2,FALSE) -> 31 | FR43: 9.251 | FS43: Kα | FW43: Ga | FX43: =VLOOKUP(FW43,$C$284:$D$377,2,FALSE) -> 31 | FY43: 9.251 | FZ43: Kα
B44: =IF($A$3=$A$26,E44,E44*1000) -> 10263 | C44: Ga | D44: =VLOOKUP(C44,$C$284:$D$377,2,FALSE) -> 31 | E44: 10.263 | F44: Kβ | J44: =M44*1000 -> 10263 | K44: Ga | L44: =VLOOKUP(K44,$C$284:$D$377,2,FALSE) -> 31 | M44: 10.263 | N44: Kβ | R44: Ga | S44: =VLOOKUP(R44,$C$284:$D$377,2,FALSE) -> 31 | T44: 10.263 | U44: Kβ | Y44: Ga | Z44: =VLOOKUP(Y44,$C$284:$D$377,2,FALSE) -> 31 | AA44: 10.263 | AB44: Kβ | AF44: Ga | AG44: =VLOOKUP(AF44,$C$284:$D$377,2,FALSE) -> 31 | AH44: 10.263 | AI44: Kβ | AM44: Ga | AN44: =VLOOKUP(AM44,$C$284:$D$377,2,FALSE) -> 31 | AO44: 10.263 | AP44: Kβ | AT44: Ga | AU44: =VLOOKUP(AT44,$C$284:$D$377,2,FALSE) -> 31 | AV44: 10.263 | AW44: Kβ | BA44: Ga | BB44: =VLOOKUP(BA44,$C$284:$D$377,2,FALSE) -> 31 | BC44: 10.263 | BD44: Kβ | BH44: Ga | BI44: =VLOOKUP(BH44,$C$284:$D$377,2,FALSE) -> 31 | BJ44: 10.263 | BK44: Kβ | BO44: Ga | BP44: =VLOOKUP(BO44,$C$284:$D$377,2,FALSE) -> 31 | BQ44: 10.263 | BR44: Kβ | BV44: Ga | BW44: =VLOOKUP(BV44,$C$284:$D$377,2,FALSE) -> 31 | BX44: 10.263 | BY44: Kβ | CC44: Ga | CD44: =VLOOKUP(CC44,$C$284:$D$377,2,FALSE) -> 31 | CE44: 10.263 | CF44: Kβ | CJ44: Ga | CK44: =VLOOKUP(CJ44,$C$284:$D$377,2,FALSE) -> 31 | CL44: 10.263 | CM44: Kβ | CQ44: Ga | CR44: =VLOOKUP(CQ44,$C$284:$D$377,2,FALSE) -> 31 | CS44: 10.263 | CT44: Kβ | CX44: Ga | CY44: =VLOOKUP(CX44,$C$284:$D$377,2,FALSE) -> 31 | CZ44: 10.263 | DA44: Kβ | DE44: Ga | DF44: =VLOOKUP(DE44,$C$284:$D$377,2,FALSE) -> 31 | DG44: 10.263 | DH44: Kβ | DL44: Ga | DM44: =VLOOKUP(DL44,$C$284:$D$377,2,FALSE) -> 31 | DN44: 10.263 | DO44: Kβ | DS44: Ga | DT44: =VLOOKUP(DS44,$C$284:$D$377,2,FALSE) -> 31 | DU44: 10.263 | DV44: Kβ | DZ44: Ga | EA44: =VLOOKUP(DZ44,$C$284:$D$377,2,FALSE) -> 31 | EB44: 10.263 | EC44: Kβ | EG44: Ga | EH44: =VLOOKUP(EG44,$C$284:$D$377,2,FALSE) -> 31 | EI44: 10.263 | EJ44: Kβ | EN44: Ga | EO44: =VLOOKUP(EN44,$C$284:$D$377,2,FALSE) -> 31 | EP44: 10.263 | EQ44: Kβ | EU44: Ga | EV44: =VLOOKUP(EU44,$C$284:$D$377,2,FALSE) -> 31 | EW44: 10.263 | EX44: Kβ | FB44: Ga | FC44: =VLOOKUP(FB44,$C$284:$D$377,2,FALSE) -> 31 | FD44: 10.263 | FE44: Kβ | FI44: Ga | FJ44: =VLOOKUP(FI44,$C$284:$D$377,2,FALSE) -> 31 | FK44: 10.263 | FL44: Kβ | FP44: Ga | FQ44: =VLOOKUP(FP44,$C$284:$D$377,2,FALSE) -> 31 | FR44: 10.263 | FS44: Kβ | FW44: Ga | FX44: =VLOOKUP(FW44,$C$284:$D$377,2,FALSE) -> 31 | FY44: 10.263 | FZ44: Kβ
B45: =IF($A$3=$A$26,E45,E45*1000) -> 1186 | C45: Ge | D45: =VLOOKUP(C45,$C$284:$D$377,2,FALSE) -> 32 | E45: 1.186 | F45: Lα | J45: =M45*1000 -> 1186 | K45: Ge | L45: =VLOOKUP(K45,$C$284:$D$377,2,FALSE) -> 32 | M45: 1.186 | N45: Lα | R45: Ge | S45: =VLOOKUP(R45,$C$284:$D$377,2,FALSE) -> 32 | T45: 1.186 | U45: Lα | Y45: Ge | Z45: =VLOOKUP(Y45,$C$284:$D$377,2,FALSE) -> 32 | AA45: 1.186 | AB45: Lα | AF45: Ge | AG45: =VLOOKUP(AF45,$C$284:$D$377,2,FALSE) -> 32 | AH45: 1.186 | AI45: Lα | AM45: Ge | AN45: =VLOOKUP(AM45,$C$284:$D$377,2,FALSE) -> 32 | AO45: 1.186 | AP45: Lα | AT45: Ge | AU45: =VLOOKUP(AT45,$C$284:$D$377,2,FALSE) -> 32 | AV45: 1.186 | AW45: Lα | BA45: Ge | BB45: =VLOOKUP(BA45,$C$284:$D$377,2,FALSE) -> 32 | BC45: 1.186 | BD45: Lα | BH45: Ge | BI45: =VLOOKUP(BH45,$C$284:$D$377,2,FALSE) -> 32 | BJ45: 1.186 | BK45: Lα | BO45: Ge | BP45: =VLOOKUP(BO45,$C$284:$D$377,2,FALSE) -> 32 | BQ45: 1.186 | BR45: Lα | BV45: Ge | BW45: =VLOOKUP(BV45,$C$284:$D$377,2,FALSE) -> 32 | BX45: 1.186 | BY45: Lα | CC45: Ge | CD45: =VLOOKUP(CC45,$C$284:$D$377,2,FALSE) -> 32 | CE45: 1.186 | CF45: Lα | CJ45: Ge | CK45: =VLOOKUP(CJ45,$C$284:$D$377,2,FALSE) -> 32 | CL45: 1.186 | CM45: Lα | CQ45: Ge | CR45: =VLOOKUP(CQ45,$C$284:$D$377,2,FALSE) -> 32 | CS45: 1.186 | CT45: Lα | CX45: Ge | CY45: =VLOOKUP(CX45,$C$284:$D$377,2,FALSE) -> 32 | CZ45: 1.186 | DA45: Lα | DE45: Ge | DF45: =VLOOKUP(DE45,$C$284:$D$377,2,FALSE) -> 32 | DG45: 1.186 | DH45: Lα | DL45: Ge | DM45: =VLOOKUP(DL45,$C$284:$D$377,2,FALSE) -> 32 | DN45: 1.186 | DO45: Lα | DS45: Ge | DT45: =VLOOKUP(DS45,$C$284:$D$377,2,FALSE) -> 32 | DU45: 1.186 | DV45: Lα | DZ45: Ge | EA45: =VLOOKUP(DZ45,$C$284:$D$377,2,FALSE) -> 32 | EB45: 1.186 | EC45: Lα | EG45: Ge | EH45: =VLOOKUP(EG45,$C$284:$D$377,2,FALSE) -> 32 | EI45: 1.186 | EJ45: Lα | EN45: Ge | EO45: =VLOOKUP(EN45,$C$284:$D$377,2,FALSE) -> 32 | EP45: 1.186 | EQ45: Lα | EU45: Ge | EV45: =VLOOKUP(EU45,$C$284:$D$377,2,FALSE) -> 32 | EW45: 1.186 | EX45: Lα | FB45: Ge | FC45: =VLOOKUP(FB45,$C$284:$D$377,2,FALSE) -> 32 | FD45: 1.186 | FE45: Lα | FI45: Ge | FJ45: =VLOOKUP(FI45,$C$284:$D$377,2,FALSE) -> 32 | FK45: 1.186 | FL45: Lα | FP45: Ge | FQ45: =VLOOKUP(FP45,$C$284:$D$377,2,FALSE) -> 32 | FR45: 1.186 | FS45: Lα | FW45: Ge | FX45: =VLOOKUP(FW45,$C$284:$D$377,2,FALSE) -> 32 | FY45: 1.186 | FZ45: Lα
B46: =IF($A$3=$A$26,E46,E46*1000) -> 1216 | C46: Ge | D46: =VLOOKUP(C46,$C$284:$D$377,2,FALSE) -> 32 | E46: 1.216 | F46: Lβ | J46: =M46*1000 -> 1216 | K46: Ge | L46: =VLOOKUP(K46,$C$284:$D$377,2,FALSE) -> 32 | M46: 1.216 | N46: Lβ | R46: Ge | S46: =VLOOKUP(R46,$C$284:$D$377,2,FALSE) -> 32 | T46: 1.216 | U46: Lβ | Y46: Ge | Z46: =VLOOKUP(Y46,$C$284:$D$377,2,FALSE) -> 32 | AA46: 1.216 | AB46: Lβ | AF46: Ge | AG46: =VLOOKUP(AF46,$C$284:$D$377,2,FALSE) -> 32 | AH46: 1.216 | AI46: Lβ | AM46: Ge | AN46: =VLOOKUP(AM46,$C$284:$D$377,2,FALSE) -> 32 | AO46: 1.216 | AP46: Lβ | AT46: Ge | AU46: =VLOOKUP(AT46,$C$284:$D$377,2,FALSE) -> 32 | AV46: 1.216 | AW46: Lβ | BA46: Ge | BB46: =VLOOKUP(BA46,$C$284:$D$377,2,FALSE) -> 32 | BC46: 1.216 | BD46: Lβ | BH46: Ge | BI46: =VLOOKUP(BH46,$C$284:$D$377,2,FALSE) -> 32 | BJ46: 1.216 | BK46: Lβ | BO46: Ge | BP46: =VLOOKUP(BO46,$C$284:$D$377,2,FALSE) -> 32 | BQ46: 1.216 | BR46: Lβ | BV46: Ge | BW46: =VLOOKUP(BV46,$C$284:$D$377,2,FALSE) -> 32 | BX46: 1.216 | BY46: Lβ | CC46: Ge | CD46: =VLOOKUP(CC46,$C$284:$D$377,2,FALSE) -> 32 | CE46: 1.216 | CF46: Lβ | CJ46: Ge | CK46: =VLOOKUP(CJ46,$C$284:$D$377,2,FALSE) -> 32 | CL46: 1.216 | CM46: Lβ | CQ46: Ge | CR46: =VLOOKUP(CQ46,$C$284:$D$377,2,FALSE) -> 32 | CS46: 1.216 | CT46: Lβ | CX46: Ge | CY46: =VLOOKUP(CX46,$C$284:$D$377,2,FALSE) -> 32 | CZ46: 1.216 | DA46: Lβ | DE46: Ge | DF46: =VLOOKUP(DE46,$C$284:$D$377,2,FALSE) -> 32 | DG46: 1.216 | DH46: Lβ | DL46: Ge | DM46: =VLOOKUP(DL46,$C$284:$D$377,2,FALSE) -> 32 | DN46: 1.216 | DO46: Lβ | DS46: Ge | DT46: =VLOOKUP(DS46,$C$284:$D$377,2,FALSE) -> 32 | DU46: 1.216 | DV46: Lβ | DZ46: Ge | EA46: =VLOOKUP(DZ46,$C$284:$D$377,2,FALSE) -> 32 | EB46: 1.216 | EC46: Lβ | EG46: Ge | EH46: =VLOOKUP(EG46,$C$284:$D$377,2,FALSE) -> 32 | EI46: 1.216 | EJ46: Lβ | EN46: Ge | EO46: =VLOOKUP(EN46,$C$284:$D$377,2,FALSE) -> 32 | EP46: 1.216 | EQ46: Lβ | EU46: Ge | EV46: =VLOOKUP(EU46,$C$284:$D$377,2,FALSE) -> 32 | EW46: 1.216 | EX46: Lβ | FB46: Ge | FC46: =VLOOKUP(FB46,$C$284:$D$377,2,FALSE) -> 32 | FD46: 1.216 | FE46: Lβ | FI46: Ge | FJ46: =VLOOKUP(FI46,$C$284:$D$377,2,FALSE) -> 32 | FK46: 1.216 | FL46: Lβ | FP46: Ge | FQ46: =VLOOKUP(FP46,$C$284:$D$377,2,FALSE) -> 32 | FR46: 1.216 | FS46: Lβ | FW46: Ge | FX46: =VLOOKUP(FW46,$C$284:$D$377,2,FALSE) -> 32 | FY46: 1.216 | FZ46: Lβ
B47: =IF($A$3=$A$26,E47,E47*1000) -> 9875 | C47: Ge | D47: =VLOOKUP(C47,$C$284:$D$377,2,FALSE) -> 32 | E47: 9.875 | F47: Kα | J47: =M47*1000 -> 9885 | K47: Ge | L47: =VLOOKUP(K47,$C$284:$D$377,2,FALSE) -> 32 | M47: 9.885 | N47: Kα | R47: Ge | S47: =VLOOKUP(R47,$C$284:$D$377,2,FALSE) -> 32 | T47: 9.885 | U47: Kα | Y47: Ge | Z47: =VLOOKUP(Y47,$C$284:$D$377,2,FALSE) -> 32 | AA47: 9.885 | AB47: Kα | AF47: Ge | AG47: =VLOOKUP(AF47,$C$284:$D$377,2,FALSE) -> 32 | AH47: 9.885 | AI47: Kα | AM47: Ge | AN47: =VLOOKUP(AM47,$C$284:$D$377,2,FALSE) -> 32 | AO47: 9.885 | AP47: Kα | AT47: Ge | AU47: =VLOOKUP(AT47,$C$284:$D$377,2,FALSE) -> 32 | AV47: 9.885 | AW47: Kα | BA47: Ge | BB47: =VLOOKUP(BA47,$C$284:$D$377,2,FALSE) -> 32 | BC47: 9.885 | BD47: Kα | BH47: Ge | BI47: =VLOOKUP(BH47,$C$284:$D$377,2,FALSE) -> 32 | BJ47: 9.885 | BK47: Kα | BO47: Ge | BP47: =VLOOKUP(BO47,$C$284:$D$377,2,FALSE) -> 32 | BQ47: 9.885 | BR47: Kα | BV47: Ge | BW47: =VLOOKUP(BV47,$C$284:$D$377,2,FALSE) -> 32 | BX47: 9.885 | BY47: Kα | CC47: Ge | CD47: =VLOOKUP(CC47,$C$284:$D$377,2,FALSE) -> 32 | CE47: 9.885 | CF47: Kα | CJ47: Ge | CK47: =VLOOKUP(CJ47,$C$284:$D$377,2,FALSE) -> 32 | CL47: 9.885 | CM47: Kα | CQ47: Ge | CR47: =VLOOKUP(CQ47,$C$284:$D$377,2,FALSE) -> 32 | CS47: 9.885 | CT47: Kα | CX47: Ge | CY47: =VLOOKUP(CX47,$C$284:$D$377,2,FALSE) -> 32 | CZ47: 9.885 | DA47: Kα | DE47: Ge | DF47: =VLOOKUP(DE47,$C$284:$D$377,2,FALSE) -> 32 | DG47: 9.885 | DH47: Kα | DL47: Ge | DM47: =VLOOKUP(DL47,$C$284:$D$377,2,FALSE) -> 32 | DN47: 9.885 | DO47: Kα | DS47: Ge | DT47: =VLOOKUP(DS47,$C$284:$D$377,2,FALSE) -> 32 | DU47: 9.885 | DV47: Kα | DZ47: Ge | EA47: =VLOOKUP(DZ47,$C$284:$D$377,2,FALSE) -> 32 | EB47: 9.885 | EC47: Kα | EG47: Ge | EH47: =VLOOKUP(EG47,$C$284:$D$377,2,FALSE) -> 32 | EI47: 9.885 | EJ47: Kα | EN47: Ge | EO47: =VLOOKUP(EN47,$C$284:$D$377,2,FALSE) -> 32 | EP47: 9.885 | EQ47: Kα | EU47: Ge | EV47: =VLOOKUP(EU47,$C$284:$D$377,2,FALSE) -> 32 | EW47: 9.885 | EX47: Kα | FB47: Ge | FC47: =VLOOKUP(FB47,$C$284:$D$377,2,FALSE) -> 32 | FD47: 9.885 | FE47: Kα | FI47: Ge | FJ47: =VLOOKUP(FI47,$C$284:$D$377,2,FALSE) -> 32 | FK47: 9.885 | FL47: Kα | FP47: Ge | FQ47: =VLOOKUP(FP47,$C$284:$D$377,2,FALSE) -> 32 | FR47: 9.885 | FS47: Kα | FW47: Ge | FX47: =VLOOKUP(FW47,$C$284:$D$377,2,FALSE) -> 32 | FY47: 9.885 | FZ47: Kα
B48: =IF($A$3=$A$26,E48,E48*1000) -> 10981 | C48: Ge | D48: =VLOOKUP(C48,$C$284:$D$377,2,FALSE) -> 32 | E48: 10.981 | F48: Kβ | J48: =M48*1000 -> 10981 | K48: Ge | L48: =VLOOKUP(K48,$C$284:$D$377,2,FALSE) -> 32 | M48: 10.981 | N48: Kβ | R48: Ge | S48: =VLOOKUP(R48,$C$284:$D$377,2,FALSE) -> 32 | T48: 10.981 | U48: Kβ | Y48: Ge | Z48: =VLOOKUP(Y48,$C$284:$D$377,2,FALSE) -> 32 | AA48: 10.981 | AB48: Kβ | AF48: Ge | AG48: =VLOOKUP(AF48,$C$284:$D$377,2,FALSE) -> 32 | AH48: 10.981 | AI48: Kβ | AM48: Ge | AN48: =VLOOKUP(AM48,$C$284:$D$377,2,FALSE) -> 32 | AO48: 10.981 | AP48: Kβ | AT48: Ge | AU48: =VLOOKUP(AT48,$C$284:$D$377,2,FALSE) -> 32 | AV48: 10.981 | AW48: Kβ | BA48: Ge | BB48: =VLOOKUP(BA48,$C$284:$D$377,2,FALSE) -> 32 | BC48: 10.981 | BD48: Kβ | BH48: Ge | BI48: =VLOOKUP(BH48,$C$284:$D$377,2,FALSE) -> 32 | BJ48: 10.981 | BK48: Kβ | BO48: Ge | BP48: =VLOOKUP(BO48,$C$284:$D$377,2,FALSE) -> 32 | BQ48: 10.981 | BR48: Kβ | BV48: Ge | BW48: =VLOOKUP(BV48,$C$284:$D$377,2,FALSE) -> 32 | BX48: 10.981 | BY48: Kβ | CC48: Ge | CD48: =VLOOKUP(CC48,$C$284:$D$377,2,FALSE) -> 32 | CE48: 10.981 | CF48: Kβ | CJ48: Ge | CK48: =VLOOKUP(CJ48,$C$284:$D$377,2,FALSE) -> 32 | CL48: 10.981 | CM48: Kβ | CQ48: Ge | CR48: =VLOOKUP(CQ48,$C$284:$D$377,2,FALSE) -> 32 | CS48: 10.981 | CT48: Kβ | CX48: Ge | CY48: =VLOOKUP(CX48,$C$284:$D$377,2,FALSE) -> 32 | CZ48: 10.981 | DA48: Kβ | DE48: Ge | DF48: =VLOOKUP(DE48,$C$284:$D$377,2,FALSE) -> 32 | DG48: 10.981 | DH48: Kβ | DL48: Ge | DM48: =VLOOKUP(DL48,$C$284:$D$377,2,FALSE) -> 32 | DN48: 10.981 | DO48: Kβ | DS48: Ge | DT48: =VLOOKUP(DS48,$C$284:$D$377,2,FALSE) -> 32 | DU48: 10.981 | DV48: Kβ | DZ48: Ge | EA48: =VLOOKUP(DZ48,$C$284:$D$377,2,FALSE) -> 32 | EB48: 10.981 | EC48: Kβ | EG48: Ge | EH48: =VLOOKUP(EG48,$C$284:$D$377,2,FALSE) -> 32 | EI48: 10.981 | EJ48: Kβ | EN48: Ge | EO48: =VLOOKUP(EN48,$C$284:$D$377,2,FALSE) -> 32 | EP48: 10.981 | EQ48: Kβ | EU48: Ge | EV48: =VLOOKUP(EU48,$C$284:$D$377,2,FALSE) -> 32 | EW48: 10.981 | EX48: Kβ | FB48: Ge | FC48: =VLOOKUP(FB48,$C$284:$D$377,2,FALSE) -> 32 | FD48: 10.981 | FE48: Kβ | FI48: Ge | FJ48: =VLOOKUP(FI48,$C$284:$D$377,2,FALSE) -> 32 | FK48: 10.981 | FL48: Kβ | FP48: Ge | FQ48: =VLOOKUP(FP48,$C$284:$D$377,2,FALSE) -> 32 | FR48: 10.981 | FS48: Kβ | FW48: Ge | FX48: =VLOOKUP(FW48,$C$284:$D$377,2,FALSE) -> 32 | FY48: 10.981 | FZ48: Kβ
B49: =IF($A$3=$A$26,E49,E49*1000) -> 1282 | C49: As | D49: =VLOOKUP(C49,$C$284:$D$377,2,FALSE) -> 33 | E49: 1.282 | F49: Lα | J49: =M49*1000 -> 1282 | K49: As | L49: =VLOOKUP(K49,$C$284:$D$377,2,FALSE) -> 33 | M49: 1.282 | N49: Lα | R49: As | S49: =VLOOKUP(R49,$C$284:$D$377,2,FALSE) -> 33 | T49: 1.282 | U49: Lα | Y49: As | Z49: =VLOOKUP(Y49,$C$284:$D$377,2,FALSE) -> 33 | AA49: 1.282 | AB49: Lα | AF49: As | AG49: =VLOOKUP(AF49,$C$284:$D$377,2,FALSE) -> 33 | AH49: 1.282 | AI49: Lα | AM49: As | AN49: =VLOOKUP(AM49,$C$284:$D$377,2,FALSE) -> 33 | AO49: 1.282 | AP49: Lα | AT49: As | AU49: =VLOOKUP(AT49,$C$284:$D$377,2,FALSE) -> 33 | AV49: 1.282 | AW49: Lα | BA49: As | BB49: =VLOOKUP(BA49,$C$284:$D$377,2,FALSE) -> 33 | BC49: 1.282 | BD49: Lα | BH49: As | BI49: =VLOOKUP(BH49,$C$284:$D$377,2,FALSE) -> 33 | BJ49: 1.282 | BK49: Lα | BO49: As | BP49: =VLOOKUP(BO49,$C$284:$D$377,2,FALSE) -> 33 | BQ49: 1.282 | BR49: Lα | BV49: As | BW49: =VLOOKUP(BV49,$C$284:$D$377,2,FALSE) -> 33 | BX49: 1.282 | BY49: Lα | CC49: As | CD49: =VLOOKUP(CC49,$C$284:$D$377,2,FALSE) -> 33 | CE49: 1.282 | CF49: Lα | CJ49: As | CK49: =VLOOKUP(CJ49,$C$284:$D$377,2,FALSE) -> 33 | CL49: 1.282 | CM49: Lα | CQ49: As | CR49: =VLOOKUP(CQ49,$C$284:$D$377,2,FALSE) -> 33 | CS49: 1.282 | CT49: Lα | CX49: As | CY49: =VLOOKUP(CX49,$C$284:$D$377,2,FALSE) -> 33 | CZ49: 1.282 | DA49: Lα | DE49: As | DF49: =VLOOKUP(DE49,$C$284:$D$377,2,FALSE) -> 33 | DG49: 1.282 | DH49: Lα | DL49: As | DM49: =VLOOKUP(DL49,$C$284:$D$377,2,FALSE) -> 33 | DN49: 1.282 | DO49: Lα | DS49: As | DT49: =VLOOKUP(DS49,$C$284:$D$377,2,FALSE) -> 33 | DU49: 1.282 | DV49: Lα | DZ49: As | EA49: =VLOOKUP(DZ49,$C$284:$D$377,2,FALSE) -> 33 | EB49: 1.282 | EC49: Lα | EG49: As | EH49: =VLOOKUP(EG49,$C$284:$D$377,2,FALSE) -> 33 | EI49: 1.282 | EJ49: Lα | EN49: As | EO49: =VLOOKUP(EN49,$C$284:$D$377,2,FALSE) -> 33 | EP49: 1.282 | EQ49: Lα | EU49: As | EV49: =VLOOKUP(EU49,$C$284:$D$377,2,FALSE) -> 33 | EW49: 1.282 | EX49: Lα | FB49: As | FC49: =VLOOKUP(FB49,$C$284:$D$377,2,FALSE) -> 33 | FD49: 1.282 | FE49: Lα | FI49: As | FJ49: =VLOOKUP(FI49,$C$284:$D$377,2,FALSE) -> 33 | FK49: 1.282 | FL49: Lα | FP49: As | FQ49: =VLOOKUP(FP49,$C$284:$D$377,2,FALSE) -> 33 | FR49: 1.282 | FS49: Lα | FW49: As | FX49: =VLOOKUP(FW49,$C$284:$D$377,2,FALSE) -> 33 | FY49: 1.282 | FZ49: Lα
B50: =IF($A$3=$A$26,E50,E50*1000) -> 1317 | C50: As | D50: =VLOOKUP(C50,$C$284:$D$377,2,FALSE) -> 33 | E50: 1.317 | F50: Lβ | J50: =M50*1000 -> 1317 | K50: As | L50: =VLOOKUP(K50,$C$284:$D$377,2,FALSE) -> 33 | M50: 1.317 | N50: Lβ | R50: As | S50: =VLOOKUP(R50,$C$284:$D$377,2,FALSE) -> 33 | T50: 1.317 | U50: Lβ | Y50: As | Z50: =VLOOKUP(Y50,$C$284:$D$377,2,FALSE) -> 33 | AA50: 1.317 | AB50: Lβ | AF50: As | AG50: =VLOOKUP(AF50,$C$284:$D$377,2,FALSE) -> 33 | AH50: 1.317 | AI50: Lβ | AM50: As | AN50: =VLOOKUP(AM50,$C$284:$D$377,2,FALSE) -> 33 | AO50: 1.317 | AP50: Lβ | AT50: As | AU50: =VLOOKUP(AT50,$C$284:$D$377,2,FALSE) -> 33 | AV50: 1.317 | AW50: Lβ | BA50: As | BB50: =VLOOKUP(BA50,$C$284:$D$377,2,FALSE) -> 33 | BC50: 1.317 | BD50: Lβ | BH50: As | BI50: =VLOOKUP(BH50,$C$284:$D$377,2,FALSE) -> 33 | BJ50: 1.317 | BK50: Lβ | BO50: As | BP50: =VLOOKUP(BO50,$C$284:$D$377,2,FALSE) -> 33 | BQ50: 1.317 | BR50: Lβ | BV50: As | BW50: =VLOOKUP(BV50,$C$284:$D$377,2,FALSE) -> 33 | BX50: 1.317 | BY50: Lβ | CC50: As | CD50: =VLOOKUP(CC50,$C$284:$D$377,2,FALSE) -> 33 | CE50: 1.317 | CF50: Lβ | CJ50: As | CK50: =VLOOKUP(CJ50,$C$284:$D$377,2,FALSE) -> 33 | CL50: 1.317 | CM50: Lβ | CQ50: As | CR50: =VLOOKUP(CQ50,$C$284:$D$377,2,FALSE) -> 33 | CS50: 1.317 | CT50: Lβ | CX50: As | CY50: =VLOOKUP(CX50,$C$284:$D$377,2,FALSE) -> 33 | CZ50: 1.317 | DA50: Lβ | DE50: As | DF50: =VLOOKUP(DE50,$C$284:$D$377,2,FALSE) -> 33 | DG50: 1.317 | DH50: Lβ | DL50: As | DM50: =VLOOKUP(DL50,$C$284:$D$377,2,FALSE) -> 33 | DN50: 1.317 | DO50: Lβ | DS50: As | DT50: =VLOOKUP(DS50,$C$284:$D$377,2,FALSE) -> 33 | DU50: 1.317 | DV50: Lβ | DZ50: As | EA50: =VLOOKUP(DZ50,$C$284:$D$377,2,FALSE) -> 33 | EB50: 1.317 | EC50: Lβ | EG50: As | EH50: =VLOOKUP(EG50,$C$284:$D$377,2,FALSE) -> 33 | EI50: 1.317 | EJ50: Lβ | EN50: As | EO50: =VLOOKUP(EN50,$C$284:$D$377,2,FALSE) -> 33 | EP50: 1.317 | EQ50: Lβ | EU50: As | EV50: =VLOOKUP(EU50,$C$284:$D$377,2,FALSE) -> 33 | EW50: 1.317 | EX50: Lβ | FB50: As | FC50: =VLOOKUP(FB50,$C$284:$D$377,2,FALSE) -> 33 | FD50: 1.317 | FE50: Lβ | FI50: As | FJ50: =VLOOKUP(FI50,$C$284:$D$377,2,FALSE) -> 33 | FK50: 1.317 | FL50: Lβ | FP50: As | FQ50: =VLOOKUP(FP50,$C$284:$D$377,2,FALSE) -> 33 | FR50: 1.317 | FS50: Lβ | FW50: As | FX50: =VLOOKUP(FW50,$C$284:$D$377,2,FALSE) -> 33 | FY50: 1.317 | FZ50: Lβ
B51: =IF($A$3=$A$26,E51,E51*1000) -> 10532 | C51: As | D51: =VLOOKUP(C51,$C$284:$D$377,2,FALSE) -> 33 | E51: 10.532 | F51: Kα | J51: =M51*1000 -> 10543 | K51: As | L51: =VLOOKUP(K51,$C$284:$D$377,2,FALSE) -> 33 | M51: 10.543 | N51: Kα | R51: As | S51: =VLOOKUP(R51,$C$284:$D$377,2,FALSE) -> 33 | T51: 10.543 | U51: Kα | Y51: As | Z51: =VLOOKUP(Y51,$C$284:$D$377,2,FALSE) -> 33 | AA51: 10.543 | AB51: Kα | AF51: As | AG51: =VLOOKUP(AF51,$C$284:$D$377,2,FALSE) -> 33 | AH51: 10.543 | AI51: Kα | AM51: As | AN51: =VLOOKUP(AM51,$C$284:$D$377,2,FALSE) -> 33 | AO51: 10.543 | AP51: Kα | AT51: As | AU51: =VLOOKUP(AT51,$C$284:$D$377,2,FALSE) -> 33 | AV51: 10.543 | AW51: Kα | BA51: As | BB51: =VLOOKUP(BA51,$C$284:$D$377,2,FALSE) -> 33 | BC51: 10.543 | BD51: Kα | BE51: 1815 | BF51: 244 | BH51: As | BI51: =VLOOKUP(BH51,$C$284:$D$377,2,FALSE) -> 33 | BJ51: 10.543 | BK51: Kα | BO51: As | BP51: =VLOOKUP(BO51,$C$284:$D$377,2,FALSE) -> 33 | BQ51: 10.543 | BR51: Kα | BV51: As | BW51: =VLOOKUP(BV51,$C$284:$D$377,2,FALSE) -> 33 | BX51: 10.543 | BY51: Kα | CC51: As | CD51: =VLOOKUP(CC51,$C$284:$D$377,2,FALSE) -> 33 | CE51: 10.543 | CF51: Kα | CJ51: As | CK51: =VLOOKUP(CJ51,$C$284:$D$377,2,FALSE) -> 33 | CL51: 10.543 | CM51: Kα | CQ51: As | CR51: =VLOOKUP(CQ51,$C$284:$D$377,2,FALSE) -> 33 | CS51: 10.543 | CT51: Kα | CX51: As | CY51: =VLOOKUP(CX51,$C$284:$D$377,2,FALSE) -> 33 | CZ51: 10.543 | DA51: Kα | DE51: As | DF51: =VLOOKUP(DE51,$C$284:$D$377,2,FALSE) -> 33 | DG51: 10.543 | DH51: Kα | DL51: As | DM51: =VLOOKUP(DL51,$C$284:$D$377,2,FALSE) -> 33 | DN51: 10.543 | DO51: Kα | DS51: As | DT51: =VLOOKUP(DS51,$C$284:$D$377,2,FALSE) -> 33 | DU51: 10.543 | DV51: Kα | DZ51: As | EA51: =VLOOKUP(DZ51,$C$284:$D$377,2,FALSE) -> 33 | EB51: 10.543 | EC51: Kα | EG51: As | EH51: =VLOOKUP(EG51,$C$284:$D$377,2,FALSE) -> 33 | EI51: 10.543 | EJ51: Kα | EN51: As | EO51: =VLOOKUP(EN51,$C$284:$D$377,2,FALSE) -> 33 | EP51: 10.543 | EQ51: Kα | EU51: As | EV51: =VLOOKUP(EU51,$C$284:$D$377,2,FALSE) -> 33 | EW51: 10.543 | EX51: Kα | FB51: As | FC51: =VLOOKUP(FB51,$C$284:$D$377,2,FALSE) -> 33 | FD51: 10.543 | FE51: Kα | FI51: As | FJ51: =VLOOKUP(FI51,$C$284:$D$377,2,FALSE) -> 33 | FK51: 10.543 | FL51: Kα | FP51: As | FQ51: =VLOOKUP(FP51,$C$284:$D$377,2,FALSE) -> 33 | FR51: 10.543 | FS51: Kα | FW51: As | FX51: =VLOOKUP(FW51,$C$284:$D$377,2,FALSE) -> 33 | FY51: 10.543 | FZ51: Kα
B52: =IF($A$3=$A$26,E52,E52*1000) -> 11725 | C52: As | D52: =VLOOKUP(C52,$C$284:$D$377,2,FALSE) -> 33 | E52: 11.725 | F52: Kβ | J52: =M52*1000 -> 11725 | K52: As | L52: =VLOOKUP(K52,$C$284:$D$377,2,FALSE) -> 33 | M52: 11.725 | N52: Kβ | R52: As | S52: =VLOOKUP(R52,$C$284:$D$377,2,FALSE) -> 33 | T52: 11.725 | U52: Kβ | Y52: As | Z52: =VLOOKUP(Y52,$C$284:$D$377,2,FALSE) -> 33 | AA52: 11.725 | AB52: Kβ | AF52: As | AG52: =VLOOKUP(AF52,$C$284:$D$377,2,FALSE) -> 33 | AH52: 11.725 | AI52: Kβ | AM52: As | AN52: =VLOOKUP(AM52,$C$284:$D$377,2,FALSE) -> 33 | AO52: 11.725 | AP52: Kβ | AT52: As | AU52: =VLOOKUP(AT52,$C$284:$D$377,2,FALSE) -> 33 | AV52: 11.725 | AW52: Kβ | BA52: As | BB52: =VLOOKUP(BA52,$C$284:$D$377,2,FALSE) -> 33 | BC52: 11.725 | BD52: Kβ | BH52: As | BI52: =VLOOKUP(BH52,$C$284:$D$377,2,FALSE) -> 33 | BJ52: 11.725 | BK52: Kβ | BO52: As | BP52: =VLOOKUP(BO52,$C$284:$D$377,2,FALSE) -> 33 | BQ52: 11.725 | BR52: Kβ | BV52: As | BW52: =VLOOKUP(BV52,$C$284:$D$377,2,FALSE) -> 33 | BX52: 11.725 | BY52: Kβ | CC52: As | CD52: =VLOOKUP(CC52,$C$284:$D$377,2,FALSE) -> 33 | CE52: 11.725 | CF52: Kβ | CJ52: As | CK52: =VLOOKUP(CJ52,$C$284:$D$377,2,FALSE) -> 33 | CL52: 11.725 | CM52: Kβ | CQ52: As | CR52: =VLOOKUP(CQ52,$C$284:$D$377,2,FALSE) -> 33 | CS52: 11.725 | CT52: Kβ | CX52: As | CY52: =VLOOKUP(CX52,$C$284:$D$377,2,FALSE) -> 33 | CZ52: 11.725 | DA52: Kβ | DE52: As | DF52: =VLOOKUP(DE52,$C$284:$D$377,2,FALSE) -> 33 | DG52: 11.725 | DH52: Kβ | DL52: As | DM52: =VLOOKUP(DL52,$C$284:$D$377,2,FALSE) -> 33 | DN52: 11.725 | DO52: Kβ | DS52: As | DT52: =VLOOKUP(DS52,$C$284:$D$377,2,FALSE) -> 33 | DU52: 11.725 | DV52: Kβ | DZ52: As | EA52: =VLOOKUP(DZ52,$C$284:$D$377,2,FALSE) -> 33 | EB52: 11.725 | EC52: Kβ | EG52: As | EH52: =VLOOKUP(EG52,$C$284:$D$377,2,FALSE) -> 33 | EI52: 11.725 | EJ52: Kβ | EN52: As | EO52: =VLOOKUP(EN52,$C$284:$D$377,2,FALSE) -> 33 | EP52: 11.725 | EQ52: Kβ | EU52: As | EV52: =VLOOKUP(EU52,$C$284:$D$377,2,FALSE) -> 33 | EW52: 11.725 | EX52: Kβ | FB52: As | FC52: =VLOOKUP(FB52,$C$284:$D$377,2,FALSE) -> 33 | FD52: 11.725 | FE52: Kβ | FI52: As | FJ52: =VLOOKUP(FI52,$C$284:$D$377,2,FALSE) -> 33 | FK52: 11.725 | FL52: Kβ | FP52: As | FQ52: =VLOOKUP(FP52,$C$284:$D$377,2,FALSE) -> 33 | FR52: 11.725 | FS52: Kβ | FW52: As | FX52: =VLOOKUP(FW52,$C$284:$D$377,2,FALSE) -> 33 | FY52: 11.725 | FZ52: Kβ
B53: =IF($A$3=$A$26,E53,E53*1000) -> 1419 | C53: Se | D53: =VLOOKUP(C53,$C$284:$D$377,2,FALSE) -> 34 | E53: 1.419 | F53: Lα | J53: =M53*1000 -> 1419 | K53: Se | L53: =VLOOKUP(K53,$C$284:$D$377,2,FALSE) -> 34 | M53: 1.419 | N53: Lα | R53: Se | S53: =VLOOKUP(R53,$C$284:$D$377,2,FALSE) -> 34 | T53: 1.419 | U53: Lα | Y53: Se | Z53: =VLOOKUP(Y53,$C$284:$D$377,2,FALSE) -> 34 | AA53: 1.419 | AB53: Lα | AF53: Se | AG53: =VLOOKUP(AF53,$C$284:$D$377,2,FALSE) -> 34 | AH53: 1.419 | AI53: Lα | AM53: Se | AN53: =VLOOKUP(AM53,$C$284:$D$377,2,FALSE) -> 34 | AO53: 1.419 | AP53: Lα | AT53: Se | AU53: =VLOOKUP(AT53,$C$284:$D$377,2,FALSE) -> 34 | AV53: 1.419 | AW53: Lα | BA53: Se | BB53: =VLOOKUP(BA53,$C$284:$D$377,2,FALSE) -> 34 | BC53: 1.419 | BD53: Lα | BH53: Se | BI53: =VLOOKUP(BH53,$C$284:$D$377,2,FALSE) -> 34 | BJ53: 1.419 | BK53: Lα | BO53: Se | BP53: =VLOOKUP(BO53,$C$284:$D$377,2,FALSE) -> 34 | BQ53: 1.419 | BR53: Lα | BV53: Se | BW53: =VLOOKUP(BV53,$C$284:$D$377,2,FALSE) -> 34 | BX53: 1.419 | BY53: Lα | CC53: Se | CD53: =VLOOKUP(CC53,$C$284:$D$377,2,FALSE) -> 34 | CE53: 1.419 | CF53: Lα | CJ53: Se | CK53: =VLOOKUP(CJ53,$C$284:$D$377,2,FALSE) -> 34 | CL53: 1.419 | CM53: Lα | CQ53: Se | CR53: =VLOOKUP(CQ53,$C$284:$D$377,2,FALSE) -> 34 | CS53: 1.419 | CT53: Lα | CX53: Se | CY53: =VLOOKUP(CX53,$C$284:$D$377,2,FALSE) -> 34 | CZ53: 1.419 | DA53: Lα | DE53: Se | DF53: =VLOOKUP(DE53,$C$284:$D$377,2,FALSE) -> 34 | DG53: 1.419 | DH53: Lα | DL53: Se | DM53: =VLOOKUP(DL53,$C$284:$D$377,2,FALSE) -> 34 | DN53: 1.419 | DO53: Lα | DS53: Se | DT53: =VLOOKUP(DS53,$C$284:$D$377,2,FALSE) -> 34 | DU53: 1.419 | DV53: Lα | DZ53: Se | EA53: =VLOOKUP(DZ53,$C$284:$D$377,2,FALSE) -> 34 | EB53: 1.419 | EC53: Lα | EG53: Se | EH53: =VLOOKUP(EG53,$C$284:$D$377,2,FALSE) -> 34 | EI53: 1.419 | EJ53: Lα | EN53: Se | EO53: =VLOOKUP(EN53,$C$284:$D$377,2,FALSE) -> 34 | EP53: 1.419 | EQ53: Lα | EU53: Se | EV53: =VLOOKUP(EU53,$C$284:$D$377,2,FALSE) -> 34 | EW53: 1.419 | EX53: Lα | FB53: Se | FC53: =VLOOKUP(FB53,$C$284:$D$377,2,FALSE) -> 34 | FD53: 1.419 | FE53: Lα | FI53: Se | FJ53: =VLOOKUP(FI53,$C$284:$D$377,2,FALSE) -> 34 | FK53: 1.419 | FL53: Lα | FP53: Se | FQ53: =VLOOKUP(FP53,$C$284:$D$377,2,FALSE) -> 34 | FR53: 1.419 | FS53: Lα | FW53: Se | FX53: =VLOOKUP(FW53,$C$284:$D$377,2,FALSE) -> 34 | FY53: 1.419 | FZ53: Lα
B54: =IF($A$3=$A$26,E54,E54*1000) -> 1379 | C54: Se | D54: =VLOOKUP(C54,$C$284:$D$377,2,FALSE) -> 34 | E54: 1.379 | F54: Lβ | J54: =M54*1000 -> 1379 | K54: Se | L54: =VLOOKUP(K54,$C$284:$D$377,2,FALSE) -> 34 | M54: 1.379 | N54: Lβ | R54: Se | S54: =VLOOKUP(R54,$C$284:$D$377,2,FALSE) -> 34 | T54: 1.379 | U54: Lβ | Y54: Se | Z54: =VLOOKUP(Y54,$C$284:$D$377,2,FALSE) -> 34 | AA54: 1.379 | AB54: Lβ | AF54: Se | AG54: =VLOOKUP(AF54,$C$284:$D$377,2,FALSE) -> 34 | AH54: 1.379 | AI54: Lβ | AM54: Se | AN54: =VLOOKUP(AM54,$C$284:$D$377,2,FALSE) -> 34 | AO54: 1.379 | AP54: Lβ | AT54: Se | AU54: =VLOOKUP(AT54,$C$284:$D$377,2,FALSE) -> 34 | AV54: 1.379 | AW54: Lβ | BA54: Se | BB54: =VLOOKUP(BA54,$C$284:$D$377,2,FALSE) -> 34 | BC54: 1.379 | BD54: Lβ | BH54: Se | BI54: =VLOOKUP(BH54,$C$284:$D$377,2,FALSE) -> 34 | BJ54: 1.379 | BK54: Lβ | BO54: Se | BP54: =VLOOKUP(BO54,$C$284:$D$377,2,FALSE) -> 34 | BQ54: 1.379 | BR54: Lβ | BV54: Se | BW54: =VLOOKUP(BV54,$C$284:$D$377,2,FALSE) -> 34 | BX54: 1.379 | BY54: Lβ | CC54: Se | CD54: =VLOOKUP(CC54,$C$284:$D$377,2,FALSE) -> 34 | CE54: 1.379 | CF54: Lβ | CJ54: Se | CK54: =VLOOKUP(CJ54,$C$284:$D$377,2,FALSE) -> 34 | CL54: 1.379 | CM54: Lβ | CQ54: Se | CR54: =VLOOKUP(CQ54,$C$284:$D$377,2,FALSE) -> 34 | CS54: 1.379 | CT54: Lβ | CX54: Se | CY54: =VLOOKUP(CX54,$C$284:$D$377,2,FALSE) -> 34 | CZ54: 1.379 | DA54: Lβ | DE54: Se | DF54: =VLOOKUP(DE54,$C$284:$D$377,2,FALSE) -> 34 | DG54: 1.379 | DH54: Lβ | DL54: Se | DM54: =VLOOKUP(DL54,$C$284:$D$377,2,FALSE) -> 34 | DN54: 1.379 | DO54: Lβ | DS54: Se | DT54: =VLOOKUP(DS54,$C$284:$D$377,2,FALSE) -> 34 | DU54: 1.379 | DV54: Lβ | DZ54: Se | EA54: =VLOOKUP(DZ54,$C$284:$D$377,2,FALSE) -> 34 | EB54: 1.379 | EC54: Lβ | EG54: Se | EH54: =VLOOKUP(EG54,$C$284:$D$377,2,FALSE) -> 34 | EI54: 1.379 | EJ54: Lβ | EN54: Se | EO54: =VLOOKUP(EN54,$C$284:$D$377,2,FALSE) -> 34 | EP54: 1.379 | EQ54: Lβ | EU54: Se | EV54: =VLOOKUP(EU54,$C$284:$D$377,2,FALSE) -> 34 | EW54: 1.379 | EX54: Lβ | FB54: Se | FC54: =VLOOKUP(FB54,$C$284:$D$377,2,FALSE) -> 34 | FD54: 1.379 | FE54: Lβ | FI54: Se | FJ54: =VLOOKUP(FI54,$C$284:$D$377,2,FALSE) -> 34 | FK54: 1.379 | FL54: Lβ | FP54: Se | FQ54: =VLOOKUP(FP54,$C$284:$D$377,2,FALSE) -> 34 | FR54: 1.379 | FS54: Lβ | FW54: Se | FX54: =VLOOKUP(FW54,$C$284:$D$377,2,FALSE) -> 34 | FY54: 1.379 | FZ54: Lβ
B55: =IF($A$3=$A$26,E55,E55*1000) -> 11208 | C55: Se | D55: =VLOOKUP(C55,$C$284:$D$377,2,FALSE) -> 34 | E55: 11.208 | F55: Kα | J55: =M55*1000 -> 11221 | K55: Se | L55: =VLOOKUP(K55,$C$284:$D$377,2,FALSE) -> 34 | M55: 11.221 | N55: Kα | R55: Se | S55: =VLOOKUP(R55,$C$284:$D$377,2,FALSE) -> 34 | T55: 11.221 | U55: Kα | Y55: Se | Z55: =VLOOKUP(Y55,$C$284:$D$377,2,FALSE) -> 34 | AA55: 11.221 | AB55: Kα | AF55: Se | AG55: =VLOOKUP(AF55,$C$284:$D$377,2,FALSE) -> 34 | AH55: 11.221 | AI55: Kα | AM55: Se | AN55: =VLOOKUP(AM55,$C$284:$D$377,2,FALSE) -> 34 | AO55: 11.221 | AP55: Kα | AT55: Se | AU55: =VLOOKUP(AT55,$C$284:$D$377,2,FALSE) -> 34 | AV55: 11.221 | AW55: Kα | BA55: Se | BB55: =VLOOKUP(BA55,$C$284:$D$377,2,FALSE) -> 34 | BC55: 11.221 | BD55: Kα | BH55: Se | BI55: =VLOOKUP(BH55,$C$284:$D$377,2,FALSE) -> 34 | BJ55: 11.221 | BK55: Kα | BO55: Se | BP55: =VLOOKUP(BO55,$C$284:$D$377,2,FALSE) -> 34 | BQ55: 11.221 | BR55: Kα | BV55: Se | BW55: =VLOOKUP(BV55,$C$284:$D$377,2,FALSE) -> 34 | BX55: 11.221 | BY55: Kα | CC55: Se | CD55: =VLOOKUP(CC55,$C$284:$D$377,2,FALSE) -> 34 | CE55: 11.221 | CF55: Kα | CJ55: Se | CK55: =VLOOKUP(CJ55,$C$284:$D$377,2,FALSE) -> 34 | CL55: 11.221 | CM55: Kα | CQ55: Se | CR55: =VLOOKUP(CQ55,$C$284:$D$377,2,FALSE) -> 34 | CS55: 11.221 | CT55: Kα | CX55: Se | CY55: =VLOOKUP(CX55,$C$284:$D$377,2,FALSE) -> 34 | CZ55: 11.221 | DA55: Kα | DE55: Se | DF55: =VLOOKUP(DE55,$C$284:$D$377,2,FALSE) -> 34 | DG55: 11.221 | DH55: Kα | DL55: Se | DM55: =VLOOKUP(DL55,$C$284:$D$377,2,FALSE) -> 34 | DN55: 11.221 | DO55: Kα | DS55: Se | DT55: =VLOOKUP(DS55,$C$284:$D$377,2,FALSE) -> 34 | DU55: 11.221 | DV55: Kα | DZ55: Se | EA55: =VLOOKUP(DZ55,$C$284:$D$377,2,FALSE) -> 34 | EB55: 11.221 | EC55: Kα | EG55: Se | EH55: =VLOOKUP(EG55,$C$284:$D$377,2,FALSE) -> 34 | EI55: 11.221 | EJ55: Kα | EN55: Se | EO55: =VLOOKUP(EN55,$C$284:$D$377,2,FALSE) -> 34 | EP55: 11.221 | EQ55: Kα | EU55: Se | EV55: =VLOOKUP(EU55,$C$284:$D$377,2,FALSE) -> 34 | EW55: 11.221 | EX55: Kα | FB55: Se | FC55: =VLOOKUP(FB55,$C$284:$D$377,2,FALSE) -> 34 | FD55: 11.221 | FE55: Kα | FI55: Se | FJ55: =VLOOKUP(FI55,$C$284:$D$377,2,FALSE) -> 34 | FK55: 11.221 | FL55: Kα | FP55: Se | FQ55: =VLOOKUP(FP55,$C$284:$D$377,2,FALSE) -> 34 | FR55: 11.221 | FS55: Kα | FW55: Se | FX55: =VLOOKUP(FW55,$C$284:$D$377,2,FALSE) -> 34 | FY55: 11.221 | FZ55: Kα
B56: =IF($A$3=$A$26,E56,E56*1000) -> 12495 | C56: Se | D56: =VLOOKUP(C56,$C$284:$D$377,2,FALSE) -> 34 | E56: 12.495 | F56: Kβ | J56: =M56*1000 -> 12495 | K56: Se | L56: =VLOOKUP(K56,$C$284:$D$377,2,FALSE) -> 34 | M56: 12.495 | N56: Kβ | R56: Se | S56: =VLOOKUP(R56,$C$284:$D$377,2,FALSE) -> 34 | T56: 12.495 | U56: Kβ | Y56: Se | Z56: =VLOOKUP(Y56,$C$284:$D$377,2,FALSE) -> 34 | AA56: 12.495 | AB56: Kβ | AF56: Se | AG56: =VLOOKUP(AF56,$C$284:$D$377,2,FALSE) -> 34 | AH56: 12.495 | AI56: Kβ | AM56: Se | AN56: =VLOOKUP(AM56,$C$284:$D$377,2,FALSE) -> 34 | AO56: 12.495 | AP56: Kβ | AT56: Se | AU56: =VLOOKUP(AT56,$C$284:$D$377,2,FALSE) -> 34 | AV56: 12.495 | AW56: Kβ | BA56: Se | BB56: =VLOOKUP(BA56,$C$284:$D$377,2,FALSE) -> 34 | BC56: 12.495 | BD56: Kβ | BH56: Se | BI56: =VLOOKUP(BH56,$C$284:$D$377,2,FALSE) -> 34 | BJ56: 12.495 | BK56: Kβ | BO56: Se | BP56: =VLOOKUP(BO56,$C$284:$D$377,2,FALSE) -> 34 | BQ56: 12.495 | BR56: Kβ | BV56: Se | BW56: =VLOOKUP(BV56,$C$284:$D$377,2,FALSE) -> 34 | BX56: 12.495 | BY56: Kβ | CC56: Se | CD56: =VLOOKUP(CC56,$C$284:$D$377,2,FALSE) -> 34 | CE56: 12.495 | CF56: Kβ | CJ56: Se | CK56: =VLOOKUP(CJ56,$C$284:$D$377,2,FALSE) -> 34 | CL56: 12.495 | CM56: Kβ | CQ56: Se | CR56: =VLOOKUP(CQ56,$C$284:$D$377,2,FALSE) -> 34 | CS56: 12.495 | CT56: Kβ | CX56: Se | CY56: =VLOOKUP(CX56,$C$284:$D$377,2,FALSE) -> 34 | CZ56: 12.495 | DA56: Kβ | DE56: Se | DF56: =VLOOKUP(DE56,$C$284:$D$377,2,FALSE) -> 34 | DG56: 12.495 | DH56: Kβ | DL56: Se | DM56: =VLOOKUP(DL56,$C$284:$D$377,2,FALSE) -> 34 | DN56: 12.495 | DO56: Kβ | DS56: Se | DT56: =VLOOKUP(DS56,$C$284:$D$377,2,FALSE) -> 34 | DU56: 12.495 | DV56: Kβ | DZ56: Se | EA56: =VLOOKUP(DZ56,$C$284:$D$377,2,FALSE) -> 34 | EB56: 12.495 | EC56: Kβ | EG56: Se | EH56: =VLOOKUP(EG56,$C$284:$D$377,2,FALSE) -> 34 | EI56: 12.495 | EJ56: Kβ | EN56: Se | EO56: =VLOOKUP(EN56,$C$284:$D$377,2,FALSE) -> 34 | EP56: 12.495 | EQ56: Kβ | EU56: Se | EV56: =VLOOKUP(EU56,$C$284:$D$377,2,FALSE) -> 34 | EW56: 12.495 | EX56: Kβ | FB56: Se | FC56: =VLOOKUP(FB56,$C$284:$D$377,2,FALSE) -> 34 | FD56: 12.495 | FE56: Kβ | FI56: Se | FJ56: =VLOOKUP(FI56,$C$284:$D$377,2,FALSE) -> 34 | FK56: 12.495 | FL56: Kβ | FP56: Se | FQ56: =VLOOKUP(FP56,$C$284:$D$377,2,FALSE) -> 34 | FR56: 12.495 | FS56: Kβ | FW56: Se | FX56: =VLOOKUP(FW56,$C$284:$D$377,2,FALSE) -> 34 | FY56: 12.495 | FZ56: Kβ
B57: =IF($A$3=$A$26,E57,E57*1000) -> 1480 | C57: Br | D57: =VLOOKUP(C57,$C$284:$D$377,2,FALSE) -> 35 | E57: 1.48 | F57: Lα | J57: =M57*1000 -> 1480 | K57: Br | L57: =VLOOKUP(K57,$C$284:$D$377,2,FALSE) -> 35 | M57: 1.48 | N57: Lα | R57: Br | S57: =VLOOKUP(R57,$C$284:$D$377,2,FALSE) -> 35 | T57: 1.48 | U57: Lα | Y57: Br | Z57: =VLOOKUP(Y57,$C$284:$D$377,2,FALSE) -> 35 | AA57: 1.48 | AB57: Lα | AF57: Br | AG57: =VLOOKUP(AF57,$C$284:$D$377,2,FALSE) -> 35 | AH57: 1.48 | AI57: Lα | AM57: Br | AN57: =VLOOKUP(AM57,$C$284:$D$377,2,FALSE) -> 35 | AO57: 1.48 | AP57: Lα | AT57: Br | AU57: =VLOOKUP(AT57,$C$284:$D$377,2,FALSE) -> 35 | AV57: 1.48 | AW57: Lα | BA57: Br | BB57: =VLOOKUP(BA57,$C$284:$D$377,2,FALSE) -> 35 | BC57: 1.48 | BD57: Lα | BH57: Br | BI57: =VLOOKUP(BH57,$C$284:$D$377,2,FALSE) -> 35 | BJ57: 1.48 | BK57: Lα | BO57: Br | BP57: =VLOOKUP(BO57,$C$284:$D$377,2,FALSE) -> 35 | BQ57: 1.48 | BR57: Lα | BV57: Br | BW57: =VLOOKUP(BV57,$C$284:$D$377,2,FALSE) -> 35 | BX57: 1.48 | BY57: Lα | CC57: Br | CD57: =VLOOKUP(CC57,$C$284:$D$377,2,FALSE) -> 35 | CE57: 1.48 | CF57: Lα | CJ57: Br | CK57: =VLOOKUP(CJ57,$C$284:$D$377,2,FALSE) -> 35 | CL57: 1.48 | CM57: Lα | CQ57: Br | CR57: =VLOOKUP(CQ57,$C$284:$D$377,2,FALSE) -> 35 | CS57: 1.48 | CT57: Lα | CX57: Br | CY57: =VLOOKUP(CX57,$C$284:$D$377,2,FALSE) -> 35 | CZ57: 1.48 | DA57: Lα | DE57: Br | DF57: =VLOOKUP(DE57,$C$284:$D$377,2,FALSE) -> 35 | DG57: 1.48 | DH57: Lα | DL57: Br | DM57: =VLOOKUP(DL57,$C$284:$D$377,2,FALSE) -> 35 | DN57: 1.48 | DO57: Lα | DS57: Br | DT57: =VLOOKUP(DS57,$C$284:$D$377,2,FALSE) -> 35 | DU57: 1.48 | DV57: Lα | DZ57: Br | EA57: =VLOOKUP(DZ57,$C$284:$D$377,2,FALSE) -> 35 | EB57: 1.48 | EC57: Lα | EG57: Br | EH57: =VLOOKUP(EG57,$C$284:$D$377,2,FALSE) -> 35 | EI57: 1.48 | EJ57: Lα | EN57: Br | EO57: =VLOOKUP(EN57,$C$284:$D$377,2,FALSE) -> 35 | EP57: 1.48 | EQ57: Lα | EU57: Br | EV57: =VLOOKUP(EU57,$C$284:$D$377,2,FALSE) -> 35 | EW57: 1.48 | EX57: Lα | FB57: Br | FC57: =VLOOKUP(FB57,$C$284:$D$377,2,FALSE) -> 35 | FD57: 1.48 | FE57: Lα | FI57: Br | FJ57: =VLOOKUP(FI57,$C$284:$D$377,2,FALSE) -> 35 | FK57: 1.48 | FL57: Lα | FP57: Br | FQ57: =VLOOKUP(FP57,$C$284:$D$377,2,FALSE) -> 35 | FR57: 1.48 | FS57: Lα | FW57: Br | FX57: =VLOOKUP(FW57,$C$284:$D$377,2,FALSE) -> 35 | FY57: 1.48 | FZ57: Lα
B58: =IF($A$3=$A$26,E58,E58*1000) -> 1526 | C58: Br | D58: =VLOOKUP(C58,$C$284:$D$377,2,FALSE) -> 35 | E58: 1.526 | F58: Lβ | J58: =M58*1000 -> 1526 | K58: Br | L58: =VLOOKUP(K58,$C$284:$D$377,2,FALSE) -> 35 | M58: 1.526 | N58: Lβ | R58: Br | S58: =VLOOKUP(R58,$C$284:$D$377,2,FALSE) -> 35 | T58: 1.526 | U58: Lβ | Y58: Br | Z58: =VLOOKUP(Y58,$C$284:$D$377,2,FALSE) -> 35 | AA58: 1.526 | AB58: Lβ | AF58: Br | AG58: =VLOOKUP(AF58,$C$284:$D$377,2,FALSE) -> 35 | AH58: 1.526 | AI58: Lβ | AM58: Br | AN58: =VLOOKUP(AM58,$C$284:$D$377,2,FALSE) -> 35 | AO58: 1.526 | AP58: Lβ | AT58: Br | AU58: =VLOOKUP(AT58,$C$284:$D$377,2,FALSE) -> 35 | AV58: 1.526 | AW58: Lβ | BA58: Br | BB58: =VLOOKUP(BA58,$C$284:$D$377,2,FALSE) -> 35 | BC58: 1.526 | BD58: Lβ | BH58: Br | BI58: =VLOOKUP(BH58,$C$284:$D$377,2,FALSE) -> 35 | BJ58: 1.526 | BK58: Lβ | BO58: Br | BP58: =VLOOKUP(BO58,$C$284:$D$377,2,FALSE) -> 35 | BQ58: 1.526 | BR58: Lβ | BV58: Br | BW58: =VLOOKUP(BV58,$C$284:$D$377,2,FALSE) -> 35 | BX58: 1.526 | BY58: Lβ | CC58: Br | CD58: =VLOOKUP(CC58,$C$284:$D$377,2,FALSE) -> 35 | CE58: 1.526 | CF58: Lβ | CJ58: Br | CK58: =VLOOKUP(CJ58,$C$284:$D$377,2,FALSE) -> 35 | CL58: 1.526 | CM58: Lβ | CQ58: Br | CR58: =VLOOKUP(CQ58,$C$284:$D$377,2,FALSE) -> 35 | CS58: 1.526 | CT58: Lβ | CX58: Br | CY58: =VLOOKUP(CX58,$C$284:$D$377,2,FALSE) -> 35 | CZ58: 1.526 | DA58: Lβ | DE58: Br | DF58: =VLOOKUP(DE58,$C$284:$D$377,2,FALSE) -> 35 | DG58: 1.526 | DH58: Lβ | DL58: Br | DM58: =VLOOKUP(DL58,$C$284:$D$377,2,FALSE) -> 35 | DN58: 1.526 | DO58: Lβ | DS58: Br | DT58: =VLOOKUP(DS58,$C$284:$D$377,2,FALSE) -> 35 | DU58: 1.526 | DV58: Lβ | DZ58: Br | EA58: =VLOOKUP(DZ58,$C$284:$D$377,2,FALSE) -> 35 | EB58: 1.526 | EC58: Lβ | EG58: Br | EH58: =VLOOKUP(EG58,$C$284:$D$377,2,FALSE) -> 35 | EI58: 1.526 | EJ58: Lβ | EN58: Br | EO58: =VLOOKUP(EN58,$C$284:$D$377,2,FALSE) -> 35 | EP58: 1.526 | EQ58: Lβ | EU58: Br | EV58: =VLOOKUP(EU58,$C$284:$D$377,2,FALSE) -> 35 | EW58: 1.526 | EX58: Lβ | FB58: Br | FC58: =VLOOKUP(FB58,$C$284:$D$377,2,FALSE) -> 35 | FD58: 1.526 | FE58: Lβ | FI58: Br | FJ58: =VLOOKUP(FI58,$C$284:$D$377,2,FALSE) -> 35 | FK58: 1.526 | FL58: Lβ | FP58: Br | FQ58: =VLOOKUP(FP58,$C$284:$D$377,2,FALSE) -> 35 | FR58: 1.526 | FS58: Lβ | FW58: Br | FX58: =VLOOKUP(FW58,$C$284:$D$377,2,FALSE) -> 35 | FY58: 1.526 | FZ58: Lβ
B59: =IF($A$3=$A$26,E59,E59*1000) -> 11908 | C59: Br | D59: =VLOOKUP(C59,$C$284:$D$377,2,FALSE) -> 35 | E59: 11.908 | F59: Kα | J59: =M59*1000 -> 11923 | K59: Br | L59: =VLOOKUP(K59,$C$284:$D$377,2,FALSE) -> 35 | M59: 11.923 | N59: Kα | O59: 38434 | P59: 312 | R59: Br | S59: =VLOOKUP(R59,$C$284:$D$377,2,FALSE) -> 35 | T59: 11.923 | U59: Kα | Y59: Br | Z59: =VLOOKUP(Y59,$C$284:$D$377,2,FALSE) -> 35 | AA59: 11.923 | AB59: Kα | AF59: Br | AG59: =VLOOKUP(AF59,$C$284:$D$377,2,FALSE) -> 35 | AH59: 11.923 | AI59: Kα | AM59: Br | AN59: =VLOOKUP(AM59,$C$284:$D$377,2,FALSE) -> 35 | AO59: 11.923 | AP59: Kα | AT59: Br | AU59: =VLOOKUP(AT59,$C$284:$D$377,2,FALSE) -> 35 | AV59: 11.923 | AW59: Kα | BA59: Br | BB59: =VLOOKUP(BA59,$C$284:$D$377,2,FALSE) -> 35 | BC59: 11.923 | BD59: Kα | BH59: Br | BI59: =VLOOKUP(BH59,$C$284:$D$377,2,FALSE) -> 35 | BJ59: 11.923 | BK59: Kα | BO59: Br | BP59: =VLOOKUP(BO59,$C$284:$D$377,2,FALSE) -> 35 | BQ59: 11.923 | BR59: Kα | BV59: Br | BW59: =VLOOKUP(BV59,$C$284:$D$377,2,FALSE) -> 35 | BX59: 11.923 | BY59: Kα | CC59: Br | CD59: =VLOOKUP(CC59,$C$284:$D$377,2,FALSE) -> 35 | CE59: 11.923 | CF59: Kα | CJ59: Br | CK59: =VLOOKUP(CJ59,$C$284:$D$377,2,FALSE) -> 35 | CL59: 11.923 | CM59: Kα | CQ59: Br | CR59: =VLOOKUP(CQ59,$C$284:$D$377,2,FALSE) -> 35 | CS59: 11.923 | CT59: Kα | CX59: Br | CY59: =VLOOKUP(CX59,$C$284:$D$377,2,FALSE) -> 35 | CZ59: 11.923 | DA59: Kα | DE59: Br | DF59: =VLOOKUP(DE59,$C$284:$D$377,2,FALSE) -> 35 | DG59: 11.923 | DH59: Kα | DL59: Br | DM59: =VLOOKUP(DL59,$C$284:$D$377,2,FALSE) -> 35 | DN59: 11.923 | DO59: Kα | DS59: Br | DT59: =VLOOKUP(DS59,$C$284:$D$377,2,FALSE) -> 35 | DU59: 11.923 | DV59: Kα | DZ59: Br | EA59: =VLOOKUP(DZ59,$C$284:$D$377,2,FALSE) -> 35 | EB59: 11.923 | EC59: Kα | EG59: Br | EH59: =VLOOKUP(EG59,$C$284:$D$377,2,FALSE) -> 35 | EI59: 11.923 | EJ59: Kα | EN59: Br | EO59: =VLOOKUP(EN59,$C$284:$D$377,2,FALSE) -> 35 | EP59: 11.923 | EQ59: Kα | EU59: Br | EV59: =VLOOKUP(EU59,$C$284:$D$377,2,FALSE) -> 35 | EW59: 11.923 | EX59: Kα | FB59: Br | FC59: =VLOOKUP(FB59,$C$284:$D$377,2,FALSE) -> 35 | FD59: 11.923 | FE59: Kα | FI59: Br | FJ59: =VLOOKUP(FI59,$C$284:$D$377,2,FALSE) -> 35 | FK59: 11.923 | FL59: Kα | FP59: Br | FQ59: =VLOOKUP(FP59,$C$284:$D$377,2,FALSE) -> 35 | FR59: 11.923 | FS59: Kα | FW59: Br | FX59: =VLOOKUP(FW59,$C$284:$D$377,2,FALSE) -> 35 | FY59: 11.923 | FZ59: Kα
B60: =IF($A$3=$A$26,E60,E60*1000) -> 13290 | C60: Br | D60: =VLOOKUP(C60,$C$284:$D$377,2,FALSE) -> 35 | E60: 13.29 | F60: Kβ | J60: =M60*1000 -> 13290 | K60: Br | L60: =VLOOKUP(K60,$C$284:$D$377,2,FALSE) -> 35 | M60: 13.29 | N60: Kβ | R60: Br | S60: =VLOOKUP(R60,$C$284:$D$377,2,FALSE) -> 35 | T60: 13.29 | U60: Kβ | Y60: Br | Z60: =VLOOKUP(Y60,$C$284:$D$377,2,FALSE) -> 35 | AA60: 13.29 | AB60: Kβ | AF60: Br | AG60: =VLOOKUP(AF60,$C$284:$D$377,2,FALSE) -> 35 | AH60: 13.29 | AI60: Kβ | AM60: Br | AN60: =VLOOKUP(AM60,$C$284:$D$377,2,FALSE) -> 35 | AO60: 13.29 | AP60: Kβ | AT60: Br | AU60: =VLOOKUP(AT60,$C$284:$D$377,2,FALSE) -> 35 | AV60: 13.29 | AW60: Kβ | BA60: Br | BB60: =VLOOKUP(BA60,$C$284:$D$377,2,FALSE) -> 35 | BC60: 13.29 | BD60: Kβ | BH60: Br | BI60: =VLOOKUP(BH60,$C$284:$D$377,2,FALSE) -> 35 | BJ60: 13.29 | BK60: Kβ | BO60: Br | BP60: =VLOOKUP(BO60,$C$284:$D$377,2,FALSE) -> 35 | BQ60: 13.29 | BR60: Kβ | BV60: Br | BW60: =VLOOKUP(BV60,$C$284:$D$377,2,FALSE) -> 35 | BX60: 13.29 | BY60: Kβ | CC60: Br | CD60: =VLOOKUP(CC60,$C$284:$D$377,2,FALSE) -> 35 | CE60: 13.29 | CF60: Kβ | CJ60: Br | CK60: =VLOOKUP(CJ60,$C$284:$D$377,2,FALSE) -> 35 | CL60: 13.29 | CM60: Kβ | CQ60: Br | CR60: =VLOOKUP(CQ60,$C$284:$D$377,2,FALSE) -> 35 | CS60: 13.29 | CT60: Kβ | CX60: Br | CY60: =VLOOKUP(CX60,$C$284:$D$377,2,FALSE) -> 35 | CZ60: 13.29 | DA60: Kβ | DE60: Br | DF60: =VLOOKUP(DE60,$C$284:$D$377,2,FALSE) -> 35 | DG60: 13.29 | DH60: Kβ | DL60: Br | DM60: =VLOOKUP(DL60,$C$284:$D$377,2,FALSE) -> 35 | DN60: 13.29 | DO60: Kβ | DS60: Br | DT60: =VLOOKUP(DS60,$C$284:$D$377,2,FALSE) -> 35 | DU60: 13.29 | DV60: Kβ | DZ60: Br | EA60: =VLOOKUP(DZ60,$C$284:$D$377,2,FALSE) -> 35 | EB60: 13.29 | EC60: Kβ | EG60: Br | EH60: =VLOOKUP(EG60,$C$284:$D$377,2,FALSE) -> 35 | EI60: 13.29 | EJ60: Kβ | EN60: Br | EO60: =VLOOKUP(EN60,$C$284:$D$377,2,FALSE) -> 35 | EP60: 13.29 | EQ60: Kβ | EU60: Br | EV60: =VLOOKUP(EU60,$C$284:$D$377,2,FALSE) -> 35 | EW60: 13.29 | EX60: Kβ | FB60: Br | FC60: =VLOOKUP(FB60,$C$284:$D$377,2,FALSE) -> 35 | FD60: 13.29 | FE60: Kβ | FI60: Br | FJ60: =VLOOKUP(FI60,$C$284:$D$377,2,FALSE) -> 35 | FK60: 13.29 | FL60: Kβ | FP60: Br | FQ60: =VLOOKUP(FP60,$C$284:$D$377,2,FALSE) -> 35 | FR60: 13.29 | FS60: Kβ | FW60: Br | FX60: =VLOOKUP(FW60,$C$284:$D$377,2,FALSE) -> 35 | FY60: 13.29 | FZ60: Kβ
B61: =IF($A$3=$A$26,E61,E61*1000) -> 1587 | C61: Kr | D61: =VLOOKUP(C61,$C$284:$D$377,2,FALSE) -> 36 | E61: 1.587 | F61: Lα | J61: =M61*1000 -> 1587 | K61: Kr | L61: =VLOOKUP(K61,$C$284:$D$377,2,FALSE) -> 36 | M61: 1.587 | N61: Lα | R61: Kr | S61: =VLOOKUP(R61,$C$284:$D$377,2,FALSE) -> 36 | T61: 1.587 | U61: Lα | Y61: Kr | Z61: =VLOOKUP(Y61,$C$284:$D$377,2,FALSE) -> 36 | AA61: 1.587 | AB61: Lα | AF61: Kr | AG61: =VLOOKUP(AF61,$C$284:$D$377,2,FALSE) -> 36 | AH61: 1.587 | AI61: Lα | AM61: Kr | AN61: =VLOOKUP(AM61,$C$284:$D$377,2,FALSE) -> 36 | AO61: 1.587 | AP61: Lα | AT61: Kr | AU61: =VLOOKUP(AT61,$C$284:$D$377,2,FALSE) -> 36 | AV61: 1.587 | AW61: Lα | BA61: Kr | BB61: =VLOOKUP(BA61,$C$284:$D$377,2,FALSE) -> 36 | BC61: 1.587 | BD61: Lα | BH61: Kr | BI61: =VLOOKUP(BH61,$C$284:$D$377,2,FALSE) -> 36 | BJ61: 1.587 | BK61: Lα | BO61: Kr | BP61: =VLOOKUP(BO61,$C$284:$D$377,2,FALSE) -> 36 | BQ61: 1.587 | BR61: Lα | BV61: Kr | BW61: =VLOOKUP(BV61,$C$284:$D$377,2,FALSE) -> 36 | BX61: 1.587 | BY61: Lα | CC61: Kr | CD61: =VLOOKUP(CC61,$C$284:$D$377,2,FALSE) -> 36 | CE61: 1.587 | CF61: Lα | CJ61: Kr | CK61: =VLOOKUP(CJ61,$C$284:$D$377,2,FALSE) -> 36 | CL61: 1.587 | CM61: Lα | CQ61: Kr | CR61: =VLOOKUP(CQ61,$C$284:$D$377,2,FALSE) -> 36 | CS61: 1.587 | CT61: Lα | CX61: Kr | CY61: =VLOOKUP(CX61,$C$284:$D$377,2,FALSE) -> 36 | CZ61: 1.587 | DA61: Lα | DE61: Kr | DF61: =VLOOKUP(DE61,$C$284:$D$377,2,FALSE) -> 36 | DG61: 1.587 | DH61: Lα | DL61: Kr | DM61: =VLOOKUP(DL61,$C$284:$D$377,2,FALSE) -> 36 | DN61: 1.587 | DO61: Lα | DS61: Kr | DT61: =VLOOKUP(DS61,$C$284:$D$377,2,FALSE) -> 36 | DU61: 1.587 | DV61: Lα | DZ61: Kr | EA61: =VLOOKUP(DZ61,$C$284:$D$377,2,FALSE) -> 36 | EB61: 1.587 | EC61: Lα | EG61: Kr | EH61: =VLOOKUP(EG61,$C$284:$D$377,2,FALSE) -> 36 | EI61: 1.587 | EJ61: Lα | EN61: Kr | EO61: =VLOOKUP(EN61,$C$284:$D$377,2,FALSE) -> 36 | EP61: 1.587 | EQ61: Lα | EU61: Kr | EV61: =VLOOKUP(EU61,$C$284:$D$377,2,FALSE) -> 36 | EW61: 1.587 | EX61: Lα | FB61: Kr | FC61: =VLOOKUP(FB61,$C$284:$D$377,2,FALSE) -> 36 | FD61: 1.587 | FE61: Lα | FI61: Kr | FJ61: =VLOOKUP(FI61,$C$284:$D$377,2,FALSE) -> 36 | FK61: 1.587 | FL61: Lα | FP61: Kr | FQ61: =VLOOKUP(FP61,$C$284:$D$377,2,FALSE) -> 36 | FR61: 1.587 | FS61: Lα | FW61: Kr | FX61: =VLOOKUP(FW61,$C$284:$D$377,2,FALSE) -> 36 | FY61: 1.587 | FZ61: Lα
B62: =IF($A$3=$A$26,E62,E62*1000) -> 1638 | C62: Kr | D62: =VLOOKUP(C62,$C$284:$D$377,2,FALSE) -> 36 | E62: 1.638 | F62: Lβ | J62: =M62*1000 -> 1638 | K62: Kr | L62: =VLOOKUP(K62,$C$284:$D$377,2,FALSE) -> 36 | M62: 1.638 | N62: Lβ | R62: Kr | S62: =VLOOKUP(R62,$C$284:$D$377,2,FALSE) -> 36 | T62: 1.638 | U62: Lβ | Y62: Kr | Z62: =VLOOKUP(Y62,$C$284:$D$377,2,FALSE) -> 36 | AA62: 1.638 | AB62: Lβ | AF62: Kr | AG62: =VLOOKUP(AF62,$C$284:$D$377,2,FALSE) -> 36 | AH62: 1.638 | AI62: Lβ | AM62: Kr | AN62: =VLOOKUP(AM62,$C$284:$D$377,2,FALSE) -> 36 | AO62: 1.638 | AP62: Lβ | AT62: Kr | AU62: =VLOOKUP(AT62,$C$284:$D$377,2,FALSE) -> 36 | AV62: 1.638 | AW62: Lβ | BA62: Kr | BB62: =VLOOKUP(BA62,$C$284:$D$377,2,FALSE) -> 36 | BC62: 1.638 | BD62: Lβ | BH62: Kr | BI62: =VLOOKUP(BH62,$C$284:$D$377,2,FALSE) -> 36 | BJ62: 1.638 | BK62: Lβ | BO62: Kr | BP62: =VLOOKUP(BO62,$C$284:$D$377,2,FALSE) -> 36 | BQ62: 1.638 | BR62: Lβ | BV62: Kr | BW62: =VLOOKUP(BV62,$C$284:$D$377,2,FALSE) -> 36 | BX62: 1.638 | BY62: Lβ | CC62: Kr | CD62: =VLOOKUP(CC62,$C$284:$D$377,2,FALSE) -> 36 | CE62: 1.638 | CF62: Lβ | CJ62: Kr | CK62: =VLOOKUP(CJ62,$C$284:$D$377,2,FALSE) -> 36 | CL62: 1.638 | CM62: Lβ | CQ62: Kr | CR62: =VLOOKUP(CQ62,$C$284:$D$377,2,FALSE) -> 36 | CS62: 1.638 | CT62: Lβ | CX62: Kr | CY62: =VLOOKUP(CX62,$C$284:$D$377,2,FALSE) -> 36 | CZ62: 1.638 | DA62: Lβ | DE62: Kr | DF62: =VLOOKUP(DE62,$C$284:$D$377,2,FALSE) -> 36 | DG62: 1.638 | DH62: Lβ | DL62: Kr | DM62: =VLOOKUP(DL62,$C$284:$D$377,2,FALSE) -> 36 | DN62: 1.638 | DO62: Lβ | DS62: Kr | DT62: =VLOOKUP(DS62,$C$284:$D$377,2,FALSE) -> 36 | DU62: 1.638 | DV62: Lβ | DZ62: Kr | EA62: =VLOOKUP(DZ62,$C$284:$D$377,2,FALSE) -> 36 | EB62: 1.638 | EC62: Lβ | EG62: Kr | EH62: =VLOOKUP(EG62,$C$284:$D$377,2,FALSE) -> 36 | EI62: 1.638 | EJ62: Lβ | EN62: Kr | EO62: =VLOOKUP(EN62,$C$284:$D$377,2,FALSE) -> 36 | EP62: 1.638 | EQ62: Lβ | EU62: Kr | EV62: =VLOOKUP(EU62,$C$284:$D$377,2,FALSE) -> 36 | EW62: 1.638 | EX62: Lβ | FB62: Kr | FC62: =VLOOKUP(FB62,$C$284:$D$377,2,FALSE) -> 36 | FD62: 1.638 | FE62: Lβ | FI62: Kr | FJ62: =VLOOKUP(FI62,$C$284:$D$377,2,FALSE) -> 36 | FK62: 1.638 | FL62: Lβ | FP62: Kr | FQ62: =VLOOKUP(FP62,$C$284:$D$377,2,FALSE) -> 36 | FR62: 1.638 | FS62: Lβ | FW62: Kr | FX62: =VLOOKUP(FW62,$C$284:$D$377,2,FALSE) -> 36 | FY62: 1.638 | FZ62: Lβ
B63: =IF($A$3=$A$26,E63,E63*1000) -> 12632 | C63: Kr | D63: =VLOOKUP(C63,$C$284:$D$377,2,FALSE) -> 36 | E63: 12.632 | F63: Kα | J63: =M63*1000 -> 12648 | K63: Kr | L63: =VLOOKUP(K63,$C$284:$D$377,2,FALSE) -> 36 | M63: 12.648 | N63: Kα | R63: Kr | S63: =VLOOKUP(R63,$C$284:$D$377,2,FALSE) -> 36 | T63: 12.648 | U63: Kα | Y63: Kr | Z63: =VLOOKUP(Y63,$C$284:$D$377,2,FALSE) -> 36 | AA63: 12.648 | AB63: Kα | AF63: Kr | AG63: =VLOOKUP(AF63,$C$284:$D$377,2,FALSE) -> 36 | AH63: 12.648 | AI63: Kα | AM63: Kr | AN63: =VLOOKUP(AM63,$C$284:$D$377,2,FALSE) -> 36 | AO63: 12.648 | AP63: Kα | AT63: Kr | AU63: =VLOOKUP(AT63,$C$284:$D$377,2,FALSE) -> 36 | AV63: 12.648 | AW63: Kα | BA63: Kr | BB63: =VLOOKUP(BA63,$C$284:$D$377,2,FALSE) -> 36 | BC63: 12.648 | BD63: Kα | BH63: Kr | BI63: =VLOOKUP(BH63,$C$284:$D$377,2,FALSE) -> 36 | BJ63: 12.648 | BK63: Kα | BO63: Kr | BP63: =VLOOKUP(BO63,$C$284:$D$377,2,FALSE) -> 36 | BQ63: 12.648 | BR63: Kα | BV63: Kr | BW63: =VLOOKUP(BV63,$C$284:$D$377,2,FALSE) -> 36 | BX63: 12.648 | BY63: Kα | CC63: Kr | CD63: =VLOOKUP(CC63,$C$284:$D$377,2,FALSE) -> 36 | CE63: 12.648 | CF63: Kα | CJ63: Kr | CK63: =VLOOKUP(CJ63,$C$284:$D$377,2,FALSE) -> 36 | CL63: 12.648 | CM63: Kα | CQ63: Kr | CR63: =VLOOKUP(CQ63,$C$284:$D$377,2,FALSE) -> 36 | CS63: 12.648 | CT63: Kα | CX63: Kr | CY63: =VLOOKUP(CX63,$C$284:$D$377,2,FALSE) -> 36 | CZ63: 12.648 | DA63: Kα | DE63: Kr | DF63: =VLOOKUP(DE63,$C$284:$D$377,2,FALSE) -> 36 | DG63: 12.648 | DH63: Kα | DL63: Kr | DM63: =VLOOKUP(DL63,$C$284:$D$377,2,FALSE) -> 36 | DN63: 12.648 | DO63: Kα | DS63: Kr | DT63: =VLOOKUP(DS63,$C$284:$D$377,2,FALSE) -> 36 | DU63: 12.648 | DV63: Kα | DZ63: Kr | EA63: =VLOOKUP(DZ63,$C$284:$D$377,2,FALSE) -> 36 | EB63: 12.648 | EC63: Kα | EG63: Kr | EH63: =VLOOKUP(EG63,$C$284:$D$377,2,FALSE) -> 36 | EI63: 12.648 | EJ63: Kα | EN63: Kr | EO63: =VLOOKUP(EN63,$C$284:$D$377,2,FALSE) -> 36 | EP63: 12.648 | EQ63: Kα | EU63: Kr | EV63: =VLOOKUP(EU63,$C$284:$D$377,2,FALSE) -> 36 | EW63: 12.648 | EX63: Kα | FB63: Kr | FC63: =VLOOKUP(FB63,$C$284:$D$377,2,FALSE) -> 36 | FD63: 12.648 | FE63: Kα | FI63: Kr | FJ63: =VLOOKUP(FI63,$C$284:$D$377,2,FALSE) -> 36 | FK63: 12.648 | FL63: Kα | FP63: Kr | FQ63: =VLOOKUP(FP63,$C$284:$D$377,2,FALSE) -> 36 | FR63: 12.648 | FS63: Kα | FW63: Kr | FX63: =VLOOKUP(FW63,$C$284:$D$377,2,FALSE) -> 36 | FY63: 12.648 | FZ63: Kα
B64: =IF($A$3=$A$26,E64,E64*1000) -> 14112 | C64: Kr | D64: =VLOOKUP(C64,$C$284:$D$377,2,FALSE) -> 36 | E64: 14.112 | F64: Kβ | J64: =M64*1000 -> 14112 | K64: Kr | L64: =VLOOKUP(K64,$C$284:$D$377,2,FALSE) -> 36 | M64: 14.112 | N64: Kβ | R64: Kr | S64: =VLOOKUP(R64,$C$284:$D$377,2,FALSE) -> 36 | T64: 14.112 | U64: Kβ | Y64: Kr | Z64: =VLOOKUP(Y64,$C$284:$D$377,2,FALSE) -> 36 | AA64: 14.112 | AB64: Kβ | AF64: Kr | AG64: =VLOOKUP(AF64,$C$284:$D$377,2,FALSE) -> 36 | AH64: 14.112 | AI64: Kβ | AM64: Kr | AN64: =VLOOKUP(AM64,$C$284:$D$377,2,FALSE) -> 36 | AO64: 14.112 | AP64: Kβ | AT64: Kr | AU64: =VLOOKUP(AT64,$C$284:$D$377,2,FALSE) -> 36 | AV64: 14.112 | AW64: Kβ | BA64: Kr | BB64: =VLOOKUP(BA64,$C$284:$D$377,2,FALSE) -> 36 | BC64: 14.112 | BD64: Kβ | BH64: Kr | BI64: =VLOOKUP(BH64,$C$284:$D$377,2,FALSE) -> 36 | BJ64: 14.112 | BK64: Kβ | BO64: Kr | BP64: =VLOOKUP(BO64,$C$284:$D$377,2,FALSE) -> 36 | BQ64: 14.112 | BR64: Kβ | BV64: Kr | BW64: =VLOOKUP(BV64,$C$284:$D$377,2,FALSE) -> 36 | BX64: 14.112 | BY64: Kβ | CC64: Kr | CD64: =VLOOKUP(CC64,$C$284:$D$377,2,FALSE) -> 36 | CE64: 14.112 | CF64: Kβ | CJ64: Kr | CK64: =VLOOKUP(CJ64,$C$284:$D$377,2,FALSE) -> 36 | CL64: 14.112 | CM64: Kβ | CQ64: Kr | CR64: =VLOOKUP(CQ64,$C$284:$D$377,2,FALSE) -> 36 | CS64: 14.112 | CT64: Kβ | CX64: Kr | CY64: =VLOOKUP(CX64,$C$284:$D$377,2,FALSE) -> 36 | CZ64: 14.112 | DA64: Kβ | DE64: Kr | DF64: =VLOOKUP(DE64,$C$284:$D$377,2,FALSE) -> 36 | DG64: 14.112 | DH64: Kβ | DL64: Kr | DM64: =VLOOKUP(DL64,$C$284:$D$377,2,FALSE) -> 36 | DN64: 14.112 | DO64: Kβ | DS64: Kr | DT64: =VLOOKUP(DS64,$C$284:$D$377,2,FALSE) -> 36 | DU64: 14.112 | DV64: Kβ | DZ64: Kr | EA64: =VLOOKUP(DZ64,$C$284:$D$377,2,FALSE) -> 36 | EB64: 14.112 | EC64: Kβ | EG64: Kr | EH64: =VLOOKUP(EG64,$C$284:$D$377,2,FALSE) -> 36 | EI64: 14.112 | EJ64: Kβ | EN64: Kr | EO64: =VLOOKUP(EN64,$C$284:$D$377,2,FALSE) -> 36 | EP64: 14.112 | EQ64: Kβ | EU64: Kr | EV64: =VLOOKUP(EU64,$C$284:$D$377,2,FALSE) -> 36 | EW64: 14.112 | EX64: Kβ | FB64: Kr | FC64: =VLOOKUP(FB64,$C$284:$D$377,2,FALSE) -> 36 | FD64: 14.112 | FE64: Kβ | FI64: Kr | FJ64: =VLOOKUP(FI64,$C$284:$D$377,2,FALSE) -> 36 | FK64: 14.112 | FL64: Kβ | FP64: Kr | FQ64: =VLOOKUP(FP64,$C$284:$D$377,2,FALSE) -> 36 | FR64: 14.112 | FS64: Kβ | FW64: Kr | FX64: =VLOOKUP(FW64,$C$284:$D$377,2,FALSE) -> 36 | FY64: 14.112 | FZ64: Kβ
B65: =IF($A$3=$A$26,E65,E65*1000) -> 1694 | C65: Rb | D65: =VLOOKUP(C65,$C$284:$D$377,2,FALSE) -> 37 | E65: 1.694 | F65: Lα | J65: =M65*1000 -> 1694 | K65: Rb | L65: =VLOOKUP(K65,$C$284:$D$377,2,FALSE) -> 37 | M65: 1.694 | N65: Lα | R65: Rb | S65: =VLOOKUP(R65,$C$284:$D$377,2,FALSE) -> 37 | T65: 1.694 | U65: Lα | Y65: Rb | Z65: =VLOOKUP(Y65,$C$284:$D$377,2,FALSE) -> 37 | AA65: 1.694 | AB65: Lα | AF65: Rb | AG65: =VLOOKUP(AF65,$C$284:$D$377,2,FALSE) -> 37 | AH65: 1.694 | AI65: Lα | AM65: Rb | AN65: =VLOOKUP(AM65,$C$284:$D$377,2,FALSE) -> 37 | AO65: 1.694 | AP65: Lα | AT65: Rb | AU65: =VLOOKUP(AT65,$C$284:$D$377,2,FALSE) -> 37 | AV65: 1.694 | AW65: Lα | BA65: Rb | BB65: =VLOOKUP(BA65,$C$284:$D$377,2,FALSE) -> 37 | BC65: 1.694 | BD65: Lα | BH65: Rb | BI65: =VLOOKUP(BH65,$C$284:$D$377,2,FALSE) -> 37 | BJ65: 1.694 | BK65: Lα | BO65: Rb | BP65: =VLOOKUP(BO65,$C$284:$D$377,2,FALSE) -> 37 | BQ65: 1.694 | BR65: Lα | BV65: Rb | BW65: =VLOOKUP(BV65,$C$284:$D$377,2,FALSE) -> 37 | BX65: 1.694 | BY65: Lα | CC65: Rb | CD65: =VLOOKUP(CC65,$C$284:$D$377,2,FALSE) -> 37 | CE65: 1.694 | CF65: Lα | CJ65: Rb | CK65: =VLOOKUP(CJ65,$C$284:$D$377,2,FALSE) -> 37 | CL65: 1.694 | CM65: Lα | CQ65: Rb | CR65: =VLOOKUP(CQ65,$C$284:$D$377,2,FALSE) -> 37 | CS65: 1.694 | CT65: Lα | CX65: Rb | CY65: =VLOOKUP(CX65,$C$284:$D$377,2,FALSE) -> 37 | CZ65: 1.694 | DA65: Lα | DE65: Rb | DF65: =VLOOKUP(DE65,$C$284:$D$377,2,FALSE) -> 37 | DG65: 1.694 | DH65: Lα | DL65: Rb | DM65: =VLOOKUP(DL65,$C$284:$D$377,2,FALSE) -> 37 | DN65: 1.694 | DO65: Lα | DS65: Rb | DT65: =VLOOKUP(DS65,$C$284:$D$377,2,FALSE) -> 37 | DU65: 1.694 | DV65: Lα | DZ65: Rb | EA65: =VLOOKUP(DZ65,$C$284:$D$377,2,FALSE) -> 37 | EB65: 1.694 | EC65: Lα | EG65: Rb | EH65: =VLOOKUP(EG65,$C$284:$D$377,2,FALSE) -> 37 | EI65: 1.694 | EJ65: Lα | EN65: Rb | EO65: =VLOOKUP(EN65,$C$284:$D$377,2,FALSE) -> 37 | EP65: 1.694 | EQ65: Lα | EU65: Rb | EV65: =VLOOKUP(EU65,$C$284:$D$377,2,FALSE) -> 37 | EW65: 1.694 | EX65: Lα | FB65: Rb | FC65: =VLOOKUP(FB65,$C$284:$D$377,2,FALSE) -> 37 | FD65: 1.694 | FE65: Lα | FI65: Rb | FJ65: =VLOOKUP(FI65,$C$284:$D$377,2,FALSE) -> 37 | FK65: 1.694 | FL65: Lα | FP65: Rb | FQ65: =VLOOKUP(FP65,$C$284:$D$377,2,FALSE) -> 37 | FR65: 1.694 | FS65: Lα | FW65: Rb | FX65: =VLOOKUP(FW65,$C$284:$D$377,2,FALSE) -> 37 | FY65: 1.694 | FZ65: Lα
B66: =IF($A$3=$A$26,E66,E66*1000) -> 1752 | C66: Rb | D66: =VLOOKUP(C66,$C$284:$D$377,2,FALSE) -> 37 | E66: 1.752 | F66: Lβ | J66: =M66*1000 -> 1752 | K66: Rb | L66: =VLOOKUP(K66,$C$284:$D$377,2,FALSE) -> 37 | M66: 1.752 | N66: Lβ | R66: Rb | S66: =VLOOKUP(R66,$C$284:$D$377,2,FALSE) -> 37 | T66: 1.752 | U66: Lβ | Y66: Rb | Z66: =VLOOKUP(Y66,$C$284:$D$377,2,FALSE) -> 37 | AA66: 1.752 | AB66: Lβ | AF66: Rb | AG66: =VLOOKUP(AF66,$C$284:$D$377,2,FALSE) -> 37 | AH66: 1.752 | AI66: Lβ | AM66: Rb | AN66: =VLOOKUP(AM66,$C$284:$D$377,2,FALSE) -> 37 | AO66: 1.752 | AP66: Lβ | AT66: Rb | AU66: =VLOOKUP(AT66,$C$284:$D$377,2,FALSE) -> 37 | AV66: 1.752 | AW66: Lβ | BA66: Rb | BB66: =VLOOKUP(BA66,$C$284:$D$377,2,FALSE) -> 37 | BC66: 1.752 | BD66: Lβ | BH66: Rb | BI66: =VLOOKUP(BH66,$C$284:$D$377,2,FALSE) -> 37 | BJ66: 1.752 | BK66: Lβ | BO66: Rb | BP66: =VLOOKUP(BO66,$C$284:$D$377,2,FALSE) -> 37 | BQ66: 1.752 | BR66: Lβ | BV66: Rb | BW66: =VLOOKUP(BV66,$C$284:$D$377,2,FALSE) -> 37 | BX66: 1.752 | BY66: Lβ | CC66: Rb | CD66: =VLOOKUP(CC66,$C$284:$D$377,2,FALSE) -> 37 | CE66: 1.752 | CF66: Lβ | CJ66: Rb | CK66: =VLOOKUP(CJ66,$C$284:$D$377,2,FALSE) -> 37 | CL66: 1.752 | CM66: Lβ | CQ66: Rb | CR66: =VLOOKUP(CQ66,$C$284:$D$377,2,FALSE) -> 37 | CS66: 1.752 | CT66: Lβ | CX66: Rb | CY66: =VLOOKUP(CX66,$C$284:$D$377,2,FALSE) -> 37 | CZ66: 1.752 | DA66: Lβ | DE66: Rb | DF66: =VLOOKUP(DE66,$C$284:$D$377,2,FALSE) -> 37 | DG66: 1.752 | DH66: Lβ | DL66: Rb | DM66: =VLOOKUP(DL66,$C$284:$D$377,2,FALSE) -> 37 | DN66: 1.752 | DO66: Lβ | DS66: Rb | DT66: =VLOOKUP(DS66,$C$284:$D$377,2,FALSE) -> 37 | DU66: 1.752 | DV66: Lβ | DZ66: Rb | EA66: =VLOOKUP(DZ66,$C$284:$D$377,2,FALSE) -> 37 | EB66: 1.752 | EC66: Lβ | EG66: Rb | EH66: =VLOOKUP(EG66,$C$284:$D$377,2,FALSE) -> 37 | EI66: 1.752 | EJ66: Lβ | EN66: Rb | EO66: =VLOOKUP(EN66,$C$284:$D$377,2,FALSE) -> 37 | EP66: 1.752 | EQ66: Lβ | EU66: Rb | EV66: =VLOOKUP(EU66,$C$284:$D$377,2,FALSE) -> 37 | EW66: 1.752 | EX66: Lβ | FB66: Rb | FC66: =VLOOKUP(FB66,$C$284:$D$377,2,FALSE) -> 37 | FD66: 1.752 | FE66: Lβ | FI66: Rb | FJ66: =VLOOKUP(FI66,$C$284:$D$377,2,FALSE) -> 37 | FK66: 1.752 | FL66: Lβ | FP66: Rb | FQ66: =VLOOKUP(FP66,$C$284:$D$377,2,FALSE) -> 37 | FR66: 1.752 | FS66: Lβ | FW66: Rb | FX66: =VLOOKUP(FW66,$C$284:$D$377,2,FALSE) -> 37 | FY66: 1.752 | FZ66: Lβ
B67: =IF($A$3=$A$26,E67,E67*1000) -> 13375 | C67: Rb | D67: =VLOOKUP(C67,$C$284:$D$377,2,FALSE) -> 37 | E67: 13.375 | F67: Kα | J67: =M67*1000 -> 13394 | K67: Rb | L67: =VLOOKUP(K67,$C$284:$D$377,2,FALSE) -> 37 | M67: 13.394 | N67: Kα | R67: Rb | S67: =VLOOKUP(R67,$C$284:$D$377,2,FALSE) -> 37 | T67: 13.394 | U67: Kα | Y67: Rb | Z67: =VLOOKUP(Y67,$C$284:$D$377,2,FALSE) -> 37 | AA67: 13.394 | AB67: Kα | AF67: Rb | AG67: =VLOOKUP(AF67,$C$284:$D$377,2,FALSE) -> 37 | AH67: 13.394 | AI67: Kα | AM67: Rb | AN67: =VLOOKUP(AM67,$C$284:$D$377,2,FALSE) -> 37 | AO67: 13.394 | AP67: Kα | AT67: Rb | AU67: =VLOOKUP(AT67,$C$284:$D$377,2,FALSE) -> 37 | AV67: 13.394 | AW67: Kα | BA67: Rb | BB67: =VLOOKUP(BA67,$C$284:$D$377,2,FALSE) -> 37 | BC67: 13.394 | BD67: Kα | BH67: Rb | BI67: =VLOOKUP(BH67,$C$284:$D$377,2,FALSE) -> 37 | BJ67: 13.394 | BK67: Kα | BO67: Rb | BP67: =VLOOKUP(BO67,$C$284:$D$377,2,FALSE) -> 37 | BQ67: 13.394 | BR67: Kα | BV67: Rb | BW67: =VLOOKUP(BV67,$C$284:$D$377,2,FALSE) -> 37 | BX67: 13.394 | BY67: Kα | CC67: Rb | CD67: =VLOOKUP(CC67,$C$284:$D$377,2,FALSE) -> 37 | CE67: 13.394 | CF67: Kα | CJ67: Rb | CK67: =VLOOKUP(CJ67,$C$284:$D$377,2,FALSE) -> 37 | CL67: 13.394 | CM67: Kα | CQ67: Rb | CR67: =VLOOKUP(CQ67,$C$284:$D$377,2,FALSE) -> 37 | CS67: 13.394 | CT67: Kα | CX67: Rb | CY67: =VLOOKUP(CX67,$C$284:$D$377,2,FALSE) -> 37 | CZ67: 13.394 | DA67: Kα | DE67: Rb | DF67: =VLOOKUP(DE67,$C$284:$D$377,2,FALSE) -> 37 | DG67: 13.394 | DH67: Kα | DL67: Rb | DM67: =VLOOKUP(DL67,$C$284:$D$377,2,FALSE) -> 37 | DN67: 13.394 | DO67: Kα | DS67: Rb | DT67: =VLOOKUP(DS67,$C$284:$D$377,2,FALSE) -> 37 | DU67: 13.394 | DV67: Kα | DZ67: Rb | EA67: =VLOOKUP(DZ67,$C$284:$D$377,2,FALSE) -> 37 | EB67: 13.394 | EC67: Kα | EG67: Rb | EH67: =VLOOKUP(EG67,$C$284:$D$377,2,FALSE) -> 37 | EI67: 13.394 | EJ67: Kα | EN67: Rb | EO67: =VLOOKUP(EN67,$C$284:$D$377,2,FALSE) -> 37 | EP67: 13.394 | EQ67: Kα | EU67: Rb | EV67: =VLOOKUP(EU67,$C$284:$D$377,2,FALSE) -> 37 | EW67: 13.394 | EX67: Kα | FB67: Rb | FC67: =VLOOKUP(FB67,$C$284:$D$377,2,FALSE) -> 37 | FD67: 13.394 | FE67: Kα | FI67: Rb | FJ67: =VLOOKUP(FI67,$C$284:$D$377,2,FALSE) -> 37 | FK67: 13.394 | FL67: Kα | FP67: Rb | FQ67: =VLOOKUP(FP67,$C$284:$D$377,2,FALSE) -> 37 | FR67: 13.394 | FS67: Kα | FW67: Rb | FX67: =VLOOKUP(FW67,$C$284:$D$377,2,FALSE) -> 37 | FY67: 13.394 | FZ67: Kα
B68: =IF($A$3=$A$26,E68,E68*1000) -> 14960 | C68: Rb | D68: =VLOOKUP(C68,$C$284:$D$377,2,FALSE) -> 37 | E68: 14.96 | F68: Kβ | J68: =M68*1000 -> 14960 | K68: Rb | L68: =VLOOKUP(K68,$C$284:$D$377,2,FALSE) -> 37 | M68: 14.96 | N68: Kβ | R68: Rb | S68: =VLOOKUP(R68,$C$284:$D$377,2,FALSE) -> 37 | T68: 14.96 | U68: Kβ | Y68: Rb | Z68: =VLOOKUP(Y68,$C$284:$D$377,2,FALSE) -> 37 | AA68: 14.96 | AB68: Kβ | AF68: Rb | AG68: =VLOOKUP(AF68,$C$284:$D$377,2,FALSE) -> 37 | AH68: 14.96 | AI68: Kβ | AM68: Rb | AN68: =VLOOKUP(AM68,$C$284:$D$377,2,FALSE) -> 37 | AO68: 14.96 | AP68: Kβ | AT68: Rb | AU68: =VLOOKUP(AT68,$C$284:$D$377,2,FALSE) -> 37 | AV68: 14.96 | AW68: Kβ | BA68: Rb | BB68: =VLOOKUP(BA68,$C$284:$D$377,2,FALSE) -> 37 | BC68: 14.96 | BD68: Kβ | BH68: Rb | BI68: =VLOOKUP(BH68,$C$284:$D$377,2,FALSE) -> 37 | BJ68: 14.96 | BK68: Kβ | BO68: Rb | BP68: =VLOOKUP(BO68,$C$284:$D$377,2,FALSE) -> 37 | BQ68: 14.96 | BR68: Kβ | BV68: Rb | BW68: =VLOOKUP(BV68,$C$284:$D$377,2,FALSE) -> 37 | BX68: 14.96 | BY68: Kβ | CC68: Rb | CD68: =VLOOKUP(CC68,$C$284:$D$377,2,FALSE) -> 37 | CE68: 14.96 | CF68: Kβ | CJ68: Rb | CK68: =VLOOKUP(CJ68,$C$284:$D$377,2,FALSE) -> 37 | CL68: 14.96 | CM68: Kβ | CQ68: Rb | CR68: =VLOOKUP(CQ68,$C$284:$D$377,2,FALSE) -> 37 | CS68: 14.96 | CT68: Kβ | CX68: Rb | CY68: =VLOOKUP(CX68,$C$284:$D$377,2,FALSE) -> 37 | CZ68: 14.96 | DA68: Kβ | DE68: Rb | DF68: =VLOOKUP(DE68,$C$284:$D$377,2,FALSE) -> 37 | DG68: 14.96 | DH68: Kβ | DL68: Rb | DM68: =VLOOKUP(DL68,$C$284:$D$377,2,FALSE) -> 37 | DN68: 14.96 | DO68: Kβ | DS68: Rb | DT68: =VLOOKUP(DS68,$C$284:$D$377,2,FALSE) -> 37 | DU68: 14.96 | DV68: Kβ | DZ68: Rb | EA68: =VLOOKUP(DZ68,$C$284:$D$377,2,FALSE) -> 37 | EB68: 14.96 | EC68: Kβ | EG68: Rb | EH68: =VLOOKUP(EG68,$C$284:$D$377,2,FALSE) -> 37 | EI68: 14.96 | EJ68: Kβ | EN68: Rb | EO68: =VLOOKUP(EN68,$C$284:$D$377,2,FALSE) -> 37 | EP68: 14.96 | EQ68: Kβ | EU68: Rb | EV68: =VLOOKUP(EU68,$C$284:$D$377,2,FALSE) -> 37 | EW68: 14.96 | EX68: Kβ | FB68: Rb | FC68: =VLOOKUP(FB68,$C$284:$D$377,2,FALSE) -> 37 | FD68: 14.96 | FE68: Kβ | FI68: Rb | FJ68: =VLOOKUP(FI68,$C$284:$D$377,2,FALSE) -> 37 | FK68: 14.96 | FL68: Kβ | FP68: Rb | FQ68: =VLOOKUP(FP68,$C$284:$D$377,2,FALSE) -> 37 | FR68: 14.96 | FS68: Kβ | FW68: Rb | FX68: =VLOOKUP(FW68,$C$284:$D$377,2,FALSE) -> 37 | FY68: 14.96 | FZ68: Kβ
B69: =IF($A$3=$A$26,E69,E69*1000) -> 1806 | C69: Sr | D69: =VLOOKUP(C69,$C$284:$D$377,2,FALSE) -> 38 | E69: 1.806 | F69: Lα | J69: =M69*1000 -> 1806 | K69: Sr | L69: =VLOOKUP(K69,$C$284:$D$377,2,FALSE) -> 38 | M69: 1.806 | N69: Lα | R69: Sr | S69: =VLOOKUP(R69,$C$284:$D$377,2,FALSE) -> 38 | T69: 1.806 | U69: Lα | Y69: Sr | Z69: =VLOOKUP(Y69,$C$284:$D$377,2,FALSE) -> 38 | AA69: 1.806 | AB69: Lα | AF69: Sr | AG69: =VLOOKUP(AF69,$C$284:$D$377,2,FALSE) -> 38 | AH69: 1.806 | AI69: Lα | AM69: Sr | AN69: =VLOOKUP(AM69,$C$284:$D$377,2,FALSE) -> 38 | AO69: 1.806 | AP69: Lα | AT69: Sr | AU69: =VLOOKUP(AT69,$C$284:$D$377,2,FALSE) -> 38 | AV69: 1.806 | AW69: Lα | BA69: Sr | BB69: =VLOOKUP(BA69,$C$284:$D$377,2,FALSE) -> 38 | BC69: 1.806 | BD69: Lα | BH69: Sr | BI69: =VLOOKUP(BH69,$C$284:$D$377,2,FALSE) -> 38 | BJ69: 1.806 | BK69: Lα | BO69: Sr | BP69: =VLOOKUP(BO69,$C$284:$D$377,2,FALSE) -> 38 | BQ69: 1.806 | BR69: Lα | BV69: Sr | BW69: =VLOOKUP(BV69,$C$284:$D$377,2,FALSE) -> 38 | BX69: 1.806 | BY69: Lα | CC69: Sr | CD69: =VLOOKUP(CC69,$C$284:$D$377,2,FALSE) -> 38 | CE69: 1.806 | CF69: Lα | CJ69: Sr | CK69: =VLOOKUP(CJ69,$C$284:$D$377,2,FALSE) -> 38 | CL69: 1.806 | CM69: Lα | CQ69: Sr | CR69: =VLOOKUP(CQ69,$C$284:$D$377,2,FALSE) -> 38 | CS69: 1.806 | CT69: Lα | CX69: Sr | CY69: =VLOOKUP(CX69,$C$284:$D$377,2,FALSE) -> 38 | CZ69: 1.806 | DA69: Lα | DE69: Sr | DF69: =VLOOKUP(DE69,$C$284:$D$377,2,FALSE) -> 38 | DG69: 1.806 | DH69: Lα | DL69: Sr | DM69: =VLOOKUP(DL69,$C$284:$D$377,2,FALSE) -> 38 | DN69: 1.806 | DO69: Lα | DS69: Sr | DT69: =VLOOKUP(DS69,$C$284:$D$377,2,FALSE) -> 38 | DU69: 1.806 | DV69: Lα | DZ69: Sr | EA69: =VLOOKUP(DZ69,$C$284:$D$377,2,FALSE) -> 38 | EB69: 1.806 | EC69: Lα | EG69: Sr | EH69: =VLOOKUP(EG69,$C$284:$D$377,2,FALSE) -> 38 | EI69: 1.806 | EJ69: Lα | EN69: Sr | EO69: =VLOOKUP(EN69,$C$284:$D$377,2,FALSE) -> 38 | EP69: 1.806 | EQ69: Lα | EU69: Sr | EV69: =VLOOKUP(EU69,$C$284:$D$377,2,FALSE) -> 38 | EW69: 1.806 | EX69: Lα | FB69: Sr | FC69: =VLOOKUP(FB69,$C$284:$D$377,2,FALSE) -> 38 | FD69: 1.806 | FE69: Lα | FI69: Sr | FJ69: =VLOOKUP(FI69,$C$284:$D$377,2,FALSE) -> 38 | FK69: 1.806 | FL69: Lα | FP69: Sr | FQ69: =VLOOKUP(FP69,$C$284:$D$377,2,FALSE) -> 38 | FR69: 1.806 | FS69: Lα | FW69: Sr | FX69: =VLOOKUP(FW69,$C$284:$D$377,2,FALSE) -> 38 | FY69: 1.806 | FZ69: Lα
B70: =IF($A$3=$A$26,E70,E70*1000) -> 1872 | C70: Sr | D70: =VLOOKUP(C70,$C$284:$D$377,2,FALSE) -> 38 | E70: 1.872 | F70: Lβ | J70: =M70*1000 -> 1872 | K70: Sr | L70: =VLOOKUP(K70,$C$284:$D$377,2,FALSE) -> 38 | M70: 1.872 | N70: Lβ | R70: Sr | S70: =VLOOKUP(R70,$C$284:$D$377,2,FALSE) -> 38 | T70: 1.872 | U70: Lβ | Y70: Sr | Z70: =VLOOKUP(Y70,$C$284:$D$377,2,FALSE) -> 38 | AA70: 1.872 | AB70: Lβ | AF70: Sr | AG70: =VLOOKUP(AF70,$C$284:$D$377,2,FALSE) -> 38 | AH70: 1.872 | AI70: Lβ | AM70: Sr | AN70: =VLOOKUP(AM70,$C$284:$D$377,2,FALSE) -> 38 | AO70: 1.872 | AP70: Lβ | AT70: Sr | AU70: =VLOOKUP(AT70,$C$284:$D$377,2,FALSE) -> 38 | AV70: 1.872 | AW70: Lβ | BA70: Sr | BB70: =VLOOKUP(BA70,$C$284:$D$377,2,FALSE) -> 38 | BC70: 1.872 | BD70: Lβ | BH70: Sr | BI70: =VLOOKUP(BH70,$C$284:$D$377,2,FALSE) -> 38 | BJ70: 1.872 | BK70: Lβ | BO70: Sr | BP70: =VLOOKUP(BO70,$C$284:$D$377,2,FALSE) -> 38 | BQ70: 1.872 | BR70: Lβ | BV70: Sr | BW70: =VLOOKUP(BV70,$C$284:$D$377,2,FALSE) -> 38 | BX70: 1.872 | BY70: Lβ | CC70: Sr | CD70: =VLOOKUP(CC70,$C$284:$D$377,2,FALSE) -> 38 | CE70: 1.872 | CF70: Lβ | CJ70: Sr | CK70: =VLOOKUP(CJ70,$C$284:$D$377,2,FALSE) -> 38 | CL70: 1.872 | CM70: Lβ | CQ70: Sr | CR70: =VLOOKUP(CQ70,$C$284:$D$377,2,FALSE) -> 38 | CS70: 1.872 | CT70: Lβ | CX70: Sr | CY70: =VLOOKUP(CX70,$C$284:$D$377,2,FALSE) -> 38 | CZ70: 1.872 | DA70: Lβ | DE70: Sr | DF70: =VLOOKUP(DE70,$C$284:$D$377,2,FALSE) -> 38 | DG70: 1.872 | DH70: Lβ | DL70: Sr | DM70: =VLOOKUP(DL70,$C$284:$D$377,2,FALSE) -> 38 | DN70: 1.872 | DO70: Lβ | DS70: Sr | DT70: =VLOOKUP(DS70,$C$284:$D$377,2,FALSE) -> 38 | DU70: 1.872 | DV70: Lβ | DZ70: Sr | EA70: =VLOOKUP(DZ70,$C$284:$D$377,2,FALSE) -> 38 | EB70: 1.872 | EC70: Lβ | EG70: Sr | EH70: =VLOOKUP(EG70,$C$284:$D$377,2,FALSE) -> 38 | EI70: 1.872 | EJ70: Lβ | EN70: Sr | EO70: =VLOOKUP(EN70,$C$284:$D$377,2,FALSE) -> 38 | EP70: 1.872 | EQ70: Lβ | EU70: Sr | EV70: =VLOOKUP(EU70,$C$284:$D$377,2,FALSE) -> 38 | EW70: 1.872 | EX70: Lβ | FB70: Sr | FC70: =VLOOKUP(FB70,$C$284:$D$377,2,FALSE) -> 38 | FD70: 1.872 | FE70: Lβ | FI70: Sr | FJ70: =VLOOKUP(FI70,$C$284:$D$377,2,FALSE) -> 38 | FK70: 1.872 | FL70: Lβ | FP70: Sr | FQ70: =VLOOKUP(FP70,$C$284:$D$377,2,FALSE) -> 38 | FR70: 1.872 | FS70: Lβ | FW70: Sr | FX70: =VLOOKUP(FW70,$C$284:$D$377,2,FALSE) -> 38 | FY70: 1.872 | FZ70: Lβ
B71: =IF($A$3=$A$26,E71,E71*1000) -> 14142 | C71: Sr | D71: =VLOOKUP(C71,$C$284:$D$377,2,FALSE) -> 38 | E71: 14.142 | F71: Kα | J71: =M71*1000 -> 14164 | K71: Sr | L71: =VLOOKUP(K71,$C$284:$D$377,2,FALSE) -> 38 | M71: 14.164 | N71: Kα | O71: 1873 | P71: 219 | R71: Sr | S71: =VLOOKUP(R71,$C$284:$D$377,2,FALSE) -> 38 | T71: 14.164 | U71: Kα | Y71: Sr | Z71: =VLOOKUP(Y71,$C$284:$D$377,2,FALSE) -> 38 | AA71: 14.164 | AB71: Kα | AF71: Sr | AG71: =VLOOKUP(AF71,$C$284:$D$377,2,FALSE) -> 38 | AH71: 14.164 | AI71: Kα | AM71: Sr | AN71: =VLOOKUP(AM71,$C$284:$D$377,2,FALSE) -> 38 | AO71: 14.164 | AP71: Kα | AT71: Sr | AU71: =VLOOKUP(AT71,$C$284:$D$377,2,FALSE) -> 38 | AV71: 14.164 | AW71: Kα | BA71: Sr | BB71: =VLOOKUP(BA71,$C$284:$D$377,2,FALSE) -> 38 | BC71: 14.164 | BD71: Kα | BH71: Sr | BI71: =VLOOKUP(BH71,$C$284:$D$377,2,FALSE) -> 38 | BJ71: 14.164 | BK71: Kα | BO71: Sr | BP71: =VLOOKUP(BO71,$C$284:$D$377,2,FALSE) -> 38 | BQ71: 14.164 | BR71: Kα | BV71: Sr | BW71: =VLOOKUP(BV71,$C$284:$D$377,2,FALSE) -> 38 | BX71: 14.164 | BY71: Kα | CC71: Sr | CD71: =VLOOKUP(CC71,$C$284:$D$377,2,FALSE) -> 38 | CE71: 14.164 | CF71: Kα | CJ71: Sr | CK71: =VLOOKUP(CJ71,$C$284:$D$377,2,FALSE) -> 38 | CL71: 14.164 | CM71: Kα | CQ71: Sr | CR71: =VLOOKUP(CQ71,$C$284:$D$377,2,FALSE) -> 38 | CS71: 14.164 | CT71: Kα | CX71: Sr | CY71: =VLOOKUP(CX71,$C$284:$D$377,2,FALSE) -> 38 | CZ71: 14.164 | DA71: Kα | DE71: Sr | DF71: =VLOOKUP(DE71,$C$284:$D$377,2,FALSE) -> 38 | DG71: 14.164 | DH71: Kα | DL71: Sr | DM71: =VLOOKUP(DL71,$C$284:$D$377,2,FALSE) -> 38 | DN71: 14.164 | DO71: Kα | DS71: Sr | DT71: =VLOOKUP(DS71,$C$284:$D$377,2,FALSE) -> 38 | DU71: 14.164 | DV71: Kα | DZ71: Sr | EA71: =VLOOKUP(DZ71,$C$284:$D$377,2,FALSE) -> 38 | EB71: 14.164 | EC71: Kα | EG71: Sr | EH71: =VLOOKUP(EG71,$C$284:$D$377,2,FALSE) -> 38 | EI71: 14.164 | EJ71: Kα | EN71: Sr | EO71: =VLOOKUP(EN71,$C$284:$D$377,2,FALSE) -> 38 | EP71: 14.164 | EQ71: Kα | EU71: Sr | EV71: =VLOOKUP(EU71,$C$284:$D$377,2,FALSE) -> 38 | EW71: 14.164 | EX71: Kα | FB71: Sr | FC71: =VLOOKUP(FB71,$C$284:$D$377,2,FALSE) -> 38 | FD71: 14.164 | FE71: Kα | FI71: Sr | FJ71: =VLOOKUP(FI71,$C$284:$D$377,2,FALSE) -> 38 | FK71: 14.164 | FL71: Kα | FP71: Sr | FQ71: =VLOOKUP(FP71,$C$284:$D$377,2,FALSE) -> 38 | FR71: 14.164 | FS71: Kα | FW71: Sr | FX71: =VLOOKUP(FW71,$C$284:$D$377,2,FALSE) -> 38 | FY71: 14.164 | FZ71: Kα
B72: =IF($A$3=$A$26,E72,E72*1000) -> 15834 | C72: Sr | D72: =VLOOKUP(C72,$C$284:$D$377,2,FALSE) -> 38 | E72: 15.834 | F72: Kβ | J72: =M72*1000 -> 15834 | K72: Sr | L72: =VLOOKUP(K72,$C$284:$D$377,2,FALSE) -> 38 | M72: 15.834 | N72: Kβ | R72: Sr | S72: =VLOOKUP(R72,$C$284:$D$377,2,FALSE) -> 38 | T72: 15.834 | U72: Kβ | Y72: Sr | Z72: =VLOOKUP(Y72,$C$284:$D$377,2,FALSE) -> 38 | AA72: 15.834 | AB72: Kβ | AF72: Sr | AG72: =VLOOKUP(AF72,$C$284:$D$377,2,FALSE) -> 38 | AH72: 15.834 | AI72: Kβ | AM72: Sr | AN72: =VLOOKUP(AM72,$C$284:$D$377,2,FALSE) -> 38 | AO72: 15.834 | AP72: Kβ | AT72: Sr | AU72: =VLOOKUP(AT72,$C$284:$D$377,2,FALSE) -> 38 | AV72: 15.834 | AW72: Kβ | BA72: Sr | BB72: =VLOOKUP(BA72,$C$284:$D$377,2,FALSE) -> 38 | BC72: 15.834 | BD72: Kβ | BH72: Sr | BI72: =VLOOKUP(BH72,$C$284:$D$377,2,FALSE) -> 38 | BJ72: 15.834 | BK72: Kβ | BO72: Sr | BP72: =VLOOKUP(BO72,$C$284:$D$377,2,FALSE) -> 38 | BQ72: 15.834 | BR72: Kβ | BV72: Sr | BW72: =VLOOKUP(BV72,$C$284:$D$377,2,FALSE) -> 38 | BX72: 15.834 | BY72: Kβ | CC72: Sr | CD72: =VLOOKUP(CC72,$C$284:$D$377,2,FALSE) -> 38 | CE72: 15.834 | CF72: Kβ | CJ72: Sr | CK72: =VLOOKUP(CJ72,$C$284:$D$377,2,FALSE) -> 38 | CL72: 15.834 | CM72: Kβ | CQ72: Sr | CR72: =VLOOKUP(CQ72,$C$284:$D$377,2,FALSE) -> 38 | CS72: 15.834 | CT72: Kβ | CX72: Sr | CY72: =VLOOKUP(CX72,$C$284:$D$377,2,FALSE) -> 38 | CZ72: 15.834 | DA72: Kβ | DE72: Sr | DF72: =VLOOKUP(DE72,$C$284:$D$377,2,FALSE) -> 38 | DG72: 15.834 | DH72: Kβ | DL72: Sr | DM72: =VLOOKUP(DL72,$C$284:$D$377,2,FALSE) -> 38 | DN72: 15.834 | DO72: Kβ | DS72: Sr | DT72: =VLOOKUP(DS72,$C$284:$D$377,2,FALSE) -> 38 | DU72: 15.834 | DV72: Kβ | DZ72: Sr | EA72: =VLOOKUP(DZ72,$C$284:$D$377,2,FALSE) -> 38 | EB72: 15.834 | EC72: Kβ | EG72: Sr | EH72: =VLOOKUP(EG72,$C$284:$D$377,2,FALSE) -> 38 | EI72: 15.834 | EJ72: Kβ | EN72: Sr | EO72: =VLOOKUP(EN72,$C$284:$D$377,2,FALSE) -> 38 | EP72: 15.834 | EQ72: Kβ | EU72: Sr | EV72: =VLOOKUP(EU72,$C$284:$D$377,2,FALSE) -> 38 | EW72: 15.834 | EX72: Kβ | FB72: Sr | FC72: =VLOOKUP(FB72,$C$284:$D$377,2,FALSE) -> 38 | FD72: 15.834 | FE72: Kβ | FI72: Sr | FJ72: =VLOOKUP(FI72,$C$284:$D$377,2,FALSE) -> 38 | FK72: 15.834 | FL72: Kβ | FP72: Sr | FQ72: =VLOOKUP(FP72,$C$284:$D$377,2,FALSE) -> 38 | FR72: 15.834 | FS72: Kβ | FW72: Sr | FX72: =VLOOKUP(FW72,$C$284:$D$377,2,FALSE) -> 38 | FY72: 15.834 | FZ72: Kβ
B73: =IF($A$3=$A$26,E73,E73*1000) -> 1922 | C73: Y | D73: =VLOOKUP(C73,$C$284:$D$377,2,FALSE) -> 39 | E73: 1.922 | F73: Lα | J73: =M73*1000 -> 1922 | K73: Y | L73: =VLOOKUP(K73,$C$284:$D$377,2,FALSE) -> 39 | M73: 1.922 | N73: Lα | R73: Y | S73: =VLOOKUP(R73,$C$284:$D$377,2,FALSE) -> 39 | T73: 1.922 | U73: Lα | Y73: Y | Z73: =VLOOKUP(Y73,$C$284:$D$377,2,FALSE) -> 39 | AA73: 1.922 | AB73: Lα | AF73: Y | AG73: =VLOOKUP(AF73,$C$284:$D$377,2,FALSE) -> 39 | AH73: 1.922 | AI73: Lα | AM73: Y | AN73: =VLOOKUP(AM73,$C$284:$D$377,2,FALSE) -> 39 | AO73: 1.922 | AP73: Lα | AT73: Y | AU73: =VLOOKUP(AT73,$C$284:$D$377,2,FALSE) -> 39 | AV73: 1.922 | AW73: Lα | BA73: Y | BB73: =VLOOKUP(BA73,$C$284:$D$377,2,FALSE) -> 39 | BC73: 1.922 | BD73: Lα | BH73: Y | BI73: =VLOOKUP(BH73,$C$284:$D$377,2,FALSE) -> 39 | BJ73: 1.922 | BK73: Lα | BO73: Y | BP73: =VLOOKUP(BO73,$C$284:$D$377,2,FALSE) -> 39 | BQ73: 1.922 | BR73: Lα | BV73: Y | BW73: =VLOOKUP(BV73,$C$284:$D$377,2,FALSE) -> 39 | BX73: 1.922 | BY73: Lα | CC73: Y | CD73: =VLOOKUP(CC73,$C$284:$D$377,2,FALSE) -> 39 | CE73: 1.922 | CF73: Lα | CJ73: Y | CK73: =VLOOKUP(CJ73,$C$284:$D$377,2,FALSE) -> 39 | CL73: 1.922 | CM73: Lα | CQ73: Y | CR73: =VLOOKUP(CQ73,$C$284:$D$377,2,FALSE) -> 39 | CS73: 1.922 | CT73: Lα | CX73: Y | CY73: =VLOOKUP(CX73,$C$284:$D$377,2,FALSE) -> 39 | CZ73: 1.922 | DA73: Lα | DE73: Y | DF73: =VLOOKUP(DE73,$C$284:$D$377,2,FALSE) -> 39 | DG73: 1.922 | DH73: Lα | DL73: Y | DM73: =VLOOKUP(DL73,$C$284:$D$377,2,FALSE) -> 39 | DN73: 1.922 | DO73: Lα | DS73: Y | DT73: =VLOOKUP(DS73,$C$284:$D$377,2,FALSE) -> 39 | DU73: 1.922 | DV73: Lα | DZ73: Y | EA73: =VLOOKUP(DZ73,$C$284:$D$377,2,FALSE) -> 39 | EB73: 1.922 | EC73: Lα | EG73: Y | EH73: =VLOOKUP(EG73,$C$284:$D$377,2,FALSE) -> 39 | EI73: 1.922 | EJ73: Lα | EN73: Y | EO73: =VLOOKUP(EN73,$C$284:$D$377,2,FALSE) -> 39 | EP73: 1.922 | EQ73: Lα | EU73: Y | EV73: =VLOOKUP(EU73,$C$284:$D$377,2,FALSE) -> 39 | EW73: 1.922 | EX73: Lα | FB73: Y | FC73: =VLOOKUP(FB73,$C$284:$D$377,2,FALSE) -> 39 | FD73: 1.922 | FE73: Lα | FI73: Y | FJ73: =VLOOKUP(FI73,$C$284:$D$377,2,FALSE) -> 39 | FK73: 1.922 | FL73: Lα | FP73: Y | FQ73: =VLOOKUP(FP73,$C$284:$D$377,2,FALSE) -> 39 | FR73: 1.922 | FS73: Lα | FW73: Y | FX73: =VLOOKUP(FW73,$C$284:$D$377,2,FALSE) -> 39 | FY73: 1.922 | FZ73: Lα
B74: =IF($A$3=$A$26,E74,E74*1000) -> 1996 | C74: Y | D74: =VLOOKUP(C74,$C$284:$D$377,2,FALSE) -> 39 | E74: 1.996 | F74: Lβ | J74: =M74*1000 -> 1996 | K74: Y | L74: =VLOOKUP(K74,$C$284:$D$377,2,FALSE) -> 39 | M74: 1.996 | N74: Lβ | R74: Y | S74: =VLOOKUP(R74,$C$284:$D$377,2,FALSE) -> 39 | T74: 1.996 | U74: Lβ | Y74: Y | Z74: =VLOOKUP(Y74,$C$284:$D$377,2,FALSE) -> 39 | AA74: 1.996 | AB74: Lβ | AF74: Y | AG74: =VLOOKUP(AF74,$C$284:$D$377,2,FALSE) -> 39 | AH74: 1.996 | AI74: Lβ | AM74: Y | AN74: =VLOOKUP(AM74,$C$284:$D$377,2,FALSE) -> 39 | AO74: 1.996 | AP74: Lβ | AT74: Y | AU74: =VLOOKUP(AT74,$C$284:$D$377,2,FALSE) -> 39 | AV74: 1.996 | AW74: Lβ | BA74: Y | BB74: =VLOOKUP(BA74,$C$284:$D$377,2,FALSE) -> 39 | BC74: 1.996 | BD74: Lβ | BH74: Y | BI74: =VLOOKUP(BH74,$C$284:$D$377,2,FALSE) -> 39 | BJ74: 1.996 | BK74: Lβ | BO74: Y | BP74: =VLOOKUP(BO74,$C$284:$D$377,2,FALSE) -> 39 | BQ74: 1.996 | BR74: Lβ | BV74: Y | BW74: =VLOOKUP(BV74,$C$284:$D$377,2,FALSE) -> 39 | BX74: 1.996 | BY74: Lβ | CC74: Y | CD74: =VLOOKUP(CC74,$C$284:$D$377,2,FALSE) -> 39 | CE74: 1.996 | CF74: Lβ | CJ74: Y | CK74: =VLOOKUP(CJ74,$C$284:$D$377,2,FALSE) -> 39 | CL74: 1.996 | CM74: Lβ | CQ74: Y | CR74: =VLOOKUP(CQ74,$C$284:$D$377,2,FALSE) -> 39 | CS74: 1.996 | CT74: Lβ | CX74: Y | CY74: =VLOOKUP(CX74,$C$284:$D$377,2,FALSE) -> 39 | CZ74: 1.996 | DA74: Lβ | DE74: Y | DF74: =VLOOKUP(DE74,$C$284:$D$377,2,FALSE) -> 39 | DG74: 1.996 | DH74: Lβ | DL74: Y | DM74: =VLOOKUP(DL74,$C$284:$D$377,2,FALSE) -> 39 | DN74: 1.996 | DO74: Lβ | DS74: Y | DT74: =VLOOKUP(DS74,$C$284:$D$377,2,FALSE) -> 39 | DU74: 1.996 | DV74: Lβ | DZ74: Y | EA74: =VLOOKUP(DZ74,$C$284:$D$377,2,FALSE) -> 39 | EB74: 1.996 | EC74: Lβ | EG74: Y | EH74: =VLOOKUP(EG74,$C$284:$D$377,2,FALSE) -> 39 | EI74: 1.996 | EJ74: Lβ | EN74: Y | EO74: =VLOOKUP(EN74,$C$284:$D$377,2,FALSE) -> 39 | EP74: 1.996 | EQ74: Lβ | EU74: Y | EV74: =VLOOKUP(EU74,$C$284:$D$377,2,FALSE) -> 39 | EW74: 1.996 | EX74: Lβ | FB74: Y | FC74: =VLOOKUP(FB74,$C$284:$D$377,2,FALSE) -> 39 | FD74: 1.996 | FE74: Lβ | FI74: Y | FJ74: =VLOOKUP(FI74,$C$284:$D$377,2,FALSE) -> 39 | FK74: 1.996 | FL74: Lβ | FP74: Y | FQ74: =VLOOKUP(FP74,$C$284:$D$377,2,FALSE) -> 39 | FR74: 1.996 | FS74: Lβ | FW74: Y | FX74: =VLOOKUP(FW74,$C$284:$D$377,2,FALSE) -> 39 | FY74: 1.996 | FZ74: Lβ
B75: =IF($A$3=$A$26,E75,E75*1000) -> 14932 | C75: Y | D75: =VLOOKUP(C75,$C$284:$D$377,2,FALSE) -> 39 | E75: 14.932 | F75: Kα | J75: =M75*1000 -> 14957 | K75: Y | L75: =VLOOKUP(K75,$C$284:$D$377,2,FALSE) -> 39 | M75: 14.957 | N75: Kα | R75: Y | S75: =VLOOKUP(R75,$C$284:$D$377,2,FALSE) -> 39 | T75: 14.957 | U75: Kα | Y75: Y | Z75: =VLOOKUP(Y75,$C$284:$D$377,2,FALSE) -> 39 | AA75: 14.957 | AB75: Kα | AF75: Y | AG75: =VLOOKUP(AF75,$C$284:$D$377,2,FALSE) -> 39 | AH75: 14.957 | AI75: Kα | AM75: Y | AN75: =VLOOKUP(AM75,$C$284:$D$377,2,FALSE) -> 39 | AO75: 14.957 | AP75: Kα | AT75: Y | AU75: =VLOOKUP(AT75,$C$284:$D$377,2,FALSE) -> 39 | AV75: 14.957 | AW75: Kα | BA75: Y | BB75: =VLOOKUP(BA75,$C$284:$D$377,2,FALSE) -> 39 | BC75: 14.957 | BD75: Kα | BH75: Y | BI75: =VLOOKUP(BH75,$C$284:$D$377,2,FALSE) -> 39 | BJ75: 14.957 | BK75: Kα | BO75: Y | BP75: =VLOOKUP(BO75,$C$284:$D$377,2,FALSE) -> 39 | BQ75: 14.957 | BR75: Kα | BV75: Y | BW75: =VLOOKUP(BV75,$C$284:$D$377,2,FALSE) -> 39 | BX75: 14.957 | BY75: Kα | CC75: Y | CD75: =VLOOKUP(CC75,$C$284:$D$377,2,FALSE) -> 39 | CE75: 14.957 | CF75: Kα | CJ75: Y | CK75: =VLOOKUP(CJ75,$C$284:$D$377,2,FALSE) -> 39 | CL75: 14.957 | CM75: Kα | CQ75: Y | CR75: =VLOOKUP(CQ75,$C$284:$D$377,2,FALSE) -> 39 | CS75: 14.957 | CT75: Kα | CX75: Y | CY75: =VLOOKUP(CX75,$C$284:$D$377,2,FALSE) -> 39 | CZ75: 14.957 | DA75: Kα | DE75: Y | DF75: =VLOOKUP(DE75,$C$284:$D$377,2,FALSE) -> 39 | DG75: 14.957 | DH75: Kα | DL75: Y | DM75: =VLOOKUP(DL75,$C$284:$D$377,2,FALSE) -> 39 | DN75: 14.957 | DO75: Kα | DS75: Y | DT75: =VLOOKUP(DS75,$C$284:$D$377,2,FALSE) -> 39 | DU75: 14.957 | DV75: Kα | DZ75: Y | EA75: =VLOOKUP(DZ75,$C$284:$D$377,2,FALSE) -> 39 | EB75: 14.957 | EC75: Kα | EG75: Y | EH75: =VLOOKUP(EG75,$C$284:$D$377,2,FALSE) -> 39 | EI75: 14.957 | EJ75: Kα | EN75: Y | EO75: =VLOOKUP(EN75,$C$284:$D$377,2,FALSE) -> 39 | EP75: 14.957 | EQ75: Kα | EU75: Y | EV75: =VLOOKUP(EU75,$C$284:$D$377,2,FALSE) -> 39 | EW75: 14.957 | EX75: Kα | FB75: Y | FC75: =VLOOKUP(FB75,$C$284:$D$377,2,FALSE) -> 39 | FD75: 14.957 | FE75: Kα | FI75: Y | FJ75: =VLOOKUP(FI75,$C$284:$D$377,2,FALSE) -> 39 | FK75: 14.957 | FL75: Kα | FP75: Y | FQ75: =VLOOKUP(FP75,$C$284:$D$377,2,FALSE) -> 39 | FR75: 14.957 | FS75: Kα | FW75: Y | FX75: =VLOOKUP(FW75,$C$284:$D$377,2,FALSE) -> 39 | FY75: 14.957 | FZ75: Kα
B76: =IF($A$3=$A$26,E76,E76*1000) -> 16736 | C76: Y | D76: =VLOOKUP(C76,$C$284:$D$377,2,FALSE) -> 39 | E76: 16.736 | F76: Kβ | J76: =M76*1000 -> 16736 | K76: Y | L76: =VLOOKUP(K76,$C$284:$D$377,2,FALSE) -> 39 | M76: 16.736 | N76: Kβ | R76: Y | S76: =VLOOKUP(R76,$C$284:$D$377,2,FALSE) -> 39 | T76: 16.736 | U76: Kβ | Y76: Y | Z76: =VLOOKUP(Y76,$C$284:$D$377,2,FALSE) -> 39 | AA76: 16.736 | AB76: Kβ | AF76: Y | AG76: =VLOOKUP(AF76,$C$284:$D$377,2,FALSE) -> 39 | AH76: 16.736 | AI76: Kβ | AM76: Y | AN76: =VLOOKUP(AM76,$C$284:$D$377,2,FALSE) -> 39 | AO76: 16.736 | AP76: Kβ | AT76: Y | AU76: =VLOOKUP(AT76,$C$284:$D$377,2,FALSE) -> 39 | AV76: 16.736 | AW76: Kβ | BA76: Y | BB76: =VLOOKUP(BA76,$C$284:$D$377,2,FALSE) -> 39 | BC76: 16.736 | BD76: Kβ | BH76: Y | BI76: =VLOOKUP(BH76,$C$284:$D$377,2,FALSE) -> 39 | BJ76: 16.736 | BK76: Kβ | BO76: Y | BP76: =VLOOKUP(BO76,$C$284:$D$377,2,FALSE) -> 39 | BQ76: 16.736 | BR76: Kβ | BV76: Y | BW76: =VLOOKUP(BV76,$C$284:$D$377,2,FALSE) -> 39 | BX76: 16.736 | BY76: Kβ | CC76: Y | CD76: =VLOOKUP(CC76,$C$284:$D$377,2,FALSE) -> 39 | CE76: 16.736 | CF76: Kβ | CJ76: Y | CK76: =VLOOKUP(CJ76,$C$284:$D$377,2,FALSE) -> 39 | CL76: 16.736 | CM76: Kβ | CQ76: Y | CR76: =VLOOKUP(CQ76,$C$284:$D$377,2,FALSE) -> 39 | CS76: 16.736 | CT76: Kβ | CX76: Y | CY76: =VLOOKUP(CX76,$C$284:$D$377,2,FALSE) -> 39 | CZ76: 16.736 | DA76: Kβ | DE76: Y | DF76: =VLOOKUP(DE76,$C$284:$D$377,2,FALSE) -> 39 | DG76: 16.736 | DH76: Kβ | DL76: Y | DM76: =VLOOKUP(DL76,$C$284:$D$377,2,FALSE) -> 39 | DN76: 16.736 | DO76: Kβ | DS76: Y | DT76: =VLOOKUP(DS76,$C$284:$D$377,2,FALSE) -> 39 | DU76: 16.736 | DV76: Kβ | DZ76: Y | EA76: =VLOOKUP(DZ76,$C$284:$D$377,2,FALSE) -> 39 | EB76: 16.736 | EC76: Kβ | EG76: Y | EH76: =VLOOKUP(EG76,$C$284:$D$377,2,FALSE) -> 39 | EI76: 16.736 | EJ76: Kβ | EN76: Y | EO76: =VLOOKUP(EN76,$C$284:$D$377,2,FALSE) -> 39 | EP76: 16.736 | EQ76: Kβ | EU76: Y | EV76: =VLOOKUP(EU76,$C$284:$D$377,2,FALSE) -> 39 | EW76: 16.736 | EX76: Kβ | FB76: Y | FC76: =VLOOKUP(FB76,$C$284:$D$377,2,FALSE) -> 39 | FD76: 16.736 | FE76: Kβ | FI76: Y | FJ76: =VLOOKUP(FI76,$C$284:$D$377,2,FALSE) -> 39 | FK76: 16.736 | FL76: Kβ | FP76: Y | FQ76: =VLOOKUP(FP76,$C$284:$D$377,2,FALSE) -> 39 | FR76: 16.736 | FS76: Kβ | FW76: Y | FX76: =VLOOKUP(FW76,$C$284:$D$377,2,FALSE) -> 39 | FY76: 16.736 | FZ76: Kβ
B77: =IF($A$3=$A$26,E77,E77*1000) -> 2042 | C77: Zr | D77: =VLOOKUP(C77,$C$284:$D$377,2,FALSE) -> 40 | E77: 2.042 | F77: Lα | J77: =M77*1000 -> 2042 | K77: Zr | L77: =VLOOKUP(K77,$C$284:$D$377,2,FALSE) -> 40 | M77: 2.042 | N77: Lα | R77: Zr | S77: =VLOOKUP(R77,$C$284:$D$377,2,FALSE) -> 40 | T77: 2.042 | U77: Lα | Y77: Zr | Z77: =VLOOKUP(Y77,$C$284:$D$377,2,FALSE) -> 40 | AA77: 2.042 | AB77: Lα | AF77: Zr | AG77: =VLOOKUP(AF77,$C$284:$D$377,2,FALSE) -> 40 | AH77: 2.042 | AI77: Lα | AM77: Zr | AN77: =VLOOKUP(AM77,$C$284:$D$377,2,FALSE) -> 40 | AO77: 2.042 | AP77: Lα | AT77: Zr | AU77: =VLOOKUP(AT77,$C$284:$D$377,2,FALSE) -> 40 | AV77: 2.042 | AW77: Lα | BA77: Zr | BB77: =VLOOKUP(BA77,$C$284:$D$377,2,FALSE) -> 40 | BC77: 2.042 | BD77: Lα | BH77: Zr | BI77: =VLOOKUP(BH77,$C$284:$D$377,2,FALSE) -> 40 | BJ77: 2.042 | BK77: Lα | BO77: Zr | BP77: =VLOOKUP(BO77,$C$284:$D$377,2,FALSE) -> 40 | BQ77: 2.042 | BR77: Lα | BV77: Zr | BW77: =VLOOKUP(BV77,$C$284:$D$377,2,FALSE) -> 40 | BX77: 2.042 | BY77: Lα | CC77: Zr | CD77: =VLOOKUP(CC77,$C$284:$D$377,2,FALSE) -> 40 | CE77: 2.042 | CF77: Lα | CJ77: Zr | CK77: =VLOOKUP(CJ77,$C$284:$D$377,2,FALSE) -> 40 | CL77: 2.042 | CM77: Lα | CQ77: Zr | CR77: =VLOOKUP(CQ77,$C$284:$D$377,2,FALSE) -> 40 | CS77: 2.042 | CT77: Lα | CX77: Zr | CY77: =VLOOKUP(CX77,$C$284:$D$377,2,FALSE) -> 40 | CZ77: 2.042 | DA77: Lα | DE77: Zr | DF77: =VLOOKUP(DE77,$C$284:$D$377,2,FALSE) -> 40 | DG77: 2.042 | DH77: Lα | DL77: Zr | DM77: =VLOOKUP(DL77,$C$284:$D$377,2,FALSE) -> 40 | DN77: 2.042 | DO77: Lα | DS77: Zr | DT77: =VLOOKUP(DS77,$C$284:$D$377,2,FALSE) -> 40 | DU77: 2.042 | DV77: Lα | DZ77: Zr | EA77: =VLOOKUP(DZ77,$C$284:$D$377,2,FALSE) -> 40 | EB77: 2.042 | EC77: Lα | EG77: Zr | EH77: =VLOOKUP(EG77,$C$284:$D$377,2,FALSE) -> 40 | EI77: 2.042 | EJ77: Lα | EN77: Zr | EO77: =VLOOKUP(EN77,$C$284:$D$377,2,FALSE) -> 40 | EP77: 2.042 | EQ77: Lα | EU77: Zr | EV77: =VLOOKUP(EU77,$C$284:$D$377,2,FALSE) -> 40 | EW77: 2.042 | EX77: Lα | FB77: Zr | FC77: =VLOOKUP(FB77,$C$284:$D$377,2,FALSE) -> 40 | FD77: 2.042 | FE77: Lα | FI77: Zr | FJ77: =VLOOKUP(FI77,$C$284:$D$377,2,FALSE) -> 40 | FK77: 2.042 | FL77: Lα | FP77: Zr | FQ77: =VLOOKUP(FP77,$C$284:$D$377,2,FALSE) -> 40 | FR77: 2.042 | FS77: Lα | FW77: Zr | FX77: =VLOOKUP(FW77,$C$284:$D$377,2,FALSE) -> 40 | FY77: 2.042 | FZ77: Lα
